-- Generated seed SQL file

INSERT INTO authors (id, slug, name, bio) VALUES ('999ee74e-c899-4638-9e1f-bf0366499947', 'default-author', 'Default Author', 'Bio of the default author');

-- Insert all ingredients
INSERT INTO ingredients (id, slug, name) VALUES ('5945b47e-b46b-420a-9b5b-f6191709507d', 'cup-watermelon', 'Cup watermelon');
INSERT INTO ingredients (id, slug, name) VALUES ('cadefd24-3a6b-4404-9244-ef93f10bf4f5', 'cup-pineapple', 'Cup pineapple');
INSERT INTO ingredients (id, slug, name) VALUES ('6c71ed76-e412-4353-8a90-20c234fe2670', 'tablespoon-lemon-balm-leaves-(without-stems)', 'Tablespoon lemon balm leaves (without stems)');
INSERT INTO ingredients (id, slug, name) VALUES ('3c5daeea-5d39-41ff-bc23-fd2d4278fdd7', 'leaf-lemon-balm-for-garnishing', 'Leaf lemon balm for garnishing');
INSERT INTO ingredients (id, slug, name) VALUES ('52eaaa52-b3d2-4c80-b962-7b4e243bc5d4', 'teaspoon-turmeric', 'Teaspoon turmeric');
INSERT INTO ingredients (id, slug, name) VALUES ('5a6aa35c-a91c-4f83-879b-28f045a230eb', 'teaspoon-ginger', 'Teaspoon ginger');
INSERT INTO ingredients (id, slug, name) VALUES ('ec067dc8-ca8d-42b7-a463-d11402ce40a4', 'teaspoon-fresh-tamarind-(or-tamarind-paste)', 'Teaspoon fresh tamarind (or tamarind paste)');
INSERT INTO ingredients (id, slug, name) VALUES ('33b8e49a-ffb0-4ef9-aeb7-5fc5a4c63aab', 'banana', 'Banana');
INSERT INTO ingredients (id, slug, name) VALUES ('8566c961-302f-49ba-9664-a44dafbb43cc', 'celery-stalk', 'Celery stalk');
INSERT INTO ingredients (id, slug, name) VALUES ('02d78b62-e274-464a-8971-c6c9bed59a41', 'aloe-vera-for-garnishing', 'Aloe Vera for garnishing');
INSERT INTO ingredients (id, slug, name) VALUES ('fec5163a-ba35-4394-bc8e-900fe73aff6f', 'cocoa-nibs-and-dried-goji-berries-for-garnishing', 'Cocoa nibs and dried Goji berries for garnishing');
INSERT INTO ingredients (id, slug, name) VALUES ('db979b68-288f-4558-83d5-a8a2fe5e1d5d', 'tablespoon-dried-goji-berries', 'Tablespoon dried Goji berries');
INSERT INTO ingredients (id, slug, name) VALUES ('53dc03ec-dc34-479c-a2db-4e7231c624ca', 'cocoa-nibs-and-goji-berries-for-garnishing', 'Cocoa nibs and Goji berries for garnishing');
INSERT INTO ingredients (id, slug, name) VALUES ('cc6e68ee-1a65-4b60-a7b4-91211431d367', 'leaves-kale-(green-curly-or-another-type)', 'Leaves kale (green curly or another type)');
INSERT INTO ingredients (id, slug, name) VALUES ('7e92f8e3-f520-43bc-badd-b159c2973dd6', 'tablespoon-mulberries-(use-blueberries-or-any-othe-berries-if-mulberries-are-not-available)', 'Tablespoon mulberries (use blueberries or any othe berries if mulberries are not available)');
INSERT INTO ingredients (id, slug, name) VALUES ('009fc4ce-4626-400e-9b34-6f37527707d2', 'tablespoon-water', 'Tablespoon water');
INSERT INTO ingredients (id, slug, name) VALUES ('27346cb1-431f-4035-9050-ffada3d89d42', 'small-sweet-potato', 'Small sweet potato');
INSERT INTO ingredients (id, slug, name) VALUES ('82a9a2f7-a0e3-4c6f-9a94-057b65814a4d', 'peeled-and-chopped', 'Peeled and chopped');
INSERT INTO ingredients (id, slug, name) VALUES ('3ad0940f-24a4-420a-9790-7d48e83b7d92', '½-cup-oat-milk', '½ cup oat milk');
INSERT INTO ingredients (id, slug, name) VALUES ('5ea796d6-5430-4af4-863e-6d00b29b10d3', 'tsp-maple-syrup', 'Tsp maple syrup');
INSERT INTO ingredients (id, slug, name) VALUES ('ff10e974-6c12-4d82-9e03-6fbe26f6d204', '½-tsp-cinnamon', '½ tsp cinnamon');
INSERT INTO ingredients (id, slug, name) VALUES ('1c104b5f-aced-4932-b99c-82594142b2bf', 'frozen-banana', 'Frozen banana');
INSERT INTO ingredients (id, slug, name) VALUES ('2ed0a644-e436-4faf-b278-732a82f447af', 'tbs-almond-butter', 'Tbs almond butter');
INSERT INTO ingredients (id, slug, name) VALUES ('0714bb59-0d3d-44ba-8a8c-edcc202a5345', 'scoop-vanilla-plant-based-protein-powder', 'Scoop vanilla plant-based protein powder');
INSERT INTO ingredients (id, slug, name) VALUES ('2bcfd1cf-07c6-471c-bf1e-0d079b17898f', '½-cup-ice', '½ cup ice');
INSERT INTO ingredients (id, slug, name) VALUES ('3d93b988-3309-42f4-9137-3557ce797044', '½-frozen-banana', '½ frozen banana');
INSERT INTO ingredients (id, slug, name) VALUES ('15edf6be-c8d1-4306-b1ce-03e19864c37f', 'peach', 'Peach');
INSERT INTO ingredients (id, slug, name) VALUES ('dd133b80-a695-4e68-9c9b-ce2548ed4c7a', 'cup-almond-milk', 'Cup almond milk');
INSERT INTO ingredients (id, slug, name) VALUES ('f2f9530b-e92f-40e4-85fe-bd502dd10dc3', 'tbs-flax-seed', 'Tbs flax seed');
INSERT INTO ingredients (id, slug, name) VALUES ('bd82b519-cac2-4d68-b7df-261d5aef4635', 'tsp-ground-cinnamon', 'Tsp ground cinnamon');
INSERT INTO ingredients (id, slug, name) VALUES ('72e33646-22c7-40ca-befc-62877d4ed626', 'cup-spinach', 'Cup spinach');
INSERT INTO ingredients (id, slug, name) VALUES ('8b2232bc-897f-4fdc-94e4-5180c0bfd30a', 'scoops-plant-based-protein-powder', 'Scoops plant-based protein powder');
INSERT INTO ingredients (id, slug, name) VALUES ('0c18fdfa-f452-47c7-855e-ea21a703206b', 'medium-green-apple', 'Medium green apple');
INSERT INTO ingredients (id, slug, name) VALUES ('4080f5ca-30e1-421b-9b7b-29082db322b6', '¼-cup-light-coconut-milk', '¼ cup light coconut milk');
INSERT INTO ingredients (id, slug, name) VALUES ('534e3009-f195-4d94-88e2-969781e1aee4', 'stalk-celery', 'Stalk celery');
INSERT INTO ingredients (id, slug, name) VALUES ('4e7a0745-28ff-4976-acf1-d8d27a45f0ca', '½-small-cucumber', '½ small cucumber');
INSERT INTO ingredients (id, slug, name) VALUES ('d70b0945-fffa-4d16-b330-6b2efe1cde3c', '½-cup-spinach', '½ cup spinach');
INSERT INTO ingredients (id, slug, name) VALUES ('c9056f98-f7e5-4a6d-9dff-0edd25e45351', 'lemon', 'Lemon');
INSERT INTO ingredients (id, slug, name) VALUES ('a2b8e28d-ab50-4441-9a3a-a4adaeb6f51e', 'juiced', 'Juiced');
INSERT INTO ingredients (id, slug, name) VALUES ('2e234779-a3c9-440d-b2a8-eb1d4234d2b8', 'lime', 'Lime');
INSERT INTO ingredients (id, slug, name) VALUES ('8d5f089a-4bb4-43a3-8656-b5dd54521246', '½-cup-water', '½ cup water');
INSERT INTO ingredients (id, slug, name) VALUES ('aa92083f-3024-4a87-89eb-aa476a7fdf0e', 'cup-watermelon-(fresh-or-frozen)', 'Cup watermelon (fresh or frozen)');
INSERT INTO ingredients (id, slug, name) VALUES ('8c5b0e6c-90ca-45a8-ad0d-8ae1989f5bf1', 'cup-frozen-strawberries', 'Cup frozen strawberries');
INSERT INTO ingredients (id, slug, name) VALUES ('958d1992-f49e-4dbf-b909-e2ba3798c1d1', 'tablespoon-orange-juice', 'Tablespoon orange juice');
INSERT INTO ingredients (id, slug, name) VALUES ('bd887c7f-8d75-4138-ab03-10590ae88070', 'tablespoon-chia-seeds', 'Tablespoon chia seeds');
INSERT INTO ingredients (id, slug, name) VALUES ('8dff8ca5-82d9-46c0-9be4-5ba75dc0b2f1', 'scoop-plant-based-protein-powder', 'Scoop plant-based protein powder');
INSERT INTO ingredients (id, slug, name) VALUES ('8b55b575-d43b-4bd7-8860-723d79bd83b7', 'cup-coconut-water', 'Cup coconut water');
INSERT INTO ingredients (id, slug, name) VALUES ('c03083ce-c086-4801-a773-4c90dd3608ff', 'cup-ice', 'Cup ice');
INSERT INTO ingredients (id, slug, name) VALUES ('349bc500-2bf1-4c7c-9f77-8079ae264c54', 'cup-frozen-raspberries', 'Cup frozen raspberries');
INSERT INTO ingredients (id, slug, name) VALUES ('0a41c92e-06dc-42a0-b7b3-045ec8095af2', 'pear', 'Pear');
INSERT INTO ingredients (id, slug, name) VALUES ('38341cd3-c4d9-4ad4-8b4a-d78e6a48e67a', 'avocado', 'Avocado');
INSERT INTO ingredients (id, slug, name) VALUES ('dd998801-54db-4e22-8e6a-f26e0bbe6491', 'tablespoon-stevia', 'Tablespoon stevia');
INSERT INTO ingredients (id, slug, name) VALUES ('c20bdd4f-e0c9-4b48-978b-8d773d90710a', 'scoop-plant-based-protein', 'Scoop plant-based protein');
INSERT INTO ingredients (id, slug, name) VALUES ('4b55b20f-af32-441e-a2ad-a9a86be5829a', 'cup-frozen-cherries', 'Cup frozen cherries');
INSERT INTO ingredients (id, slug, name) VALUES ('37e6ff62-f56a-464a-a928-42558e3999f8', 'cup-light-coconut-milk', 'Cup light coconut milk');
INSERT INTO ingredients (id, slug, name) VALUES ('d54c6788-c4d4-499f-8291-dd3f5e0e7b06', 'tablespoon-coconut-yogurt', 'Tablespoon coconut yogurt');
INSERT INTO ingredients (id, slug, name) VALUES ('3b4c5896-19d6-4d91-b4eb-b865dc992554', 'scoop-whey-protein-powder', 'Scoop whey protein powder');
INSERT INTO ingredients (id, slug, name) VALUES ('0d5d30d4-5bec-4e6b-8860-39498c89a0bb', 'tablespoon-cocoa-powder', 'Tablespoon cocoa powder');
INSERT INTO ingredients (id, slug, name) VALUES ('176b2ad8-5f61-40ef-8e81-565585ac9ddd', 'teaspoon-vanilla-extract', 'Teaspoon vanilla extract');
INSERT INTO ingredients (id, slug, name) VALUES ('34a58f0b-9c1b-487b-af2d-2bb4fad0d4db', 'cup-strawberries', 'Cup strawberries');
INSERT INTO ingredients (id, slug, name) VALUES ('5ca4feb1-18be-47c7-a5ff-db5e3f36daf6', 'cup-pitted-cherries', 'Cup pitted cherries');
INSERT INTO ingredients (id, slug, name) VALUES ('2d337b6b-ef5d-4584-806b-bb20032a0b28', 'sliced-banana', 'Sliced banana');
INSERT INTO ingredients (id, slug, name) VALUES ('d2713795-db5a-4e97-a510-e6ab8f7b45c4', 'cup-frozen-pineapple', 'Cup frozen pineapple');
INSERT INTO ingredients (id, slug, name) VALUES ('3850f4b7-6b9c-4702-987c-640ceca4f905', 'cup-cucumber', 'Cup cucumber');
INSERT INTO ingredients (id, slug, name) VALUES ('f7449b67-5eeb-4419-8b17-4359d90ff3de', 'sliced', 'Sliced');
INSERT INTO ingredients (id, slug, name) VALUES ('f50b274b-4ed7-4e3e-8d89-51db2ccb95af', 'cup-baby-spinach', 'Cup baby spinach');
INSERT INTO ingredients (id, slug, name) VALUES ('10310779-a0ac-42a7-81a0-556627eb252f', 'cup-mint-leaves', 'Cup mint leaves');
INSERT INTO ingredients (id, slug, name) VALUES ('b02a82ee-66c7-4909-93c7-d8bd275d7113', 'cup-cold-water', 'Cup cold water');
INSERT INTO ingredients (id, slug, name) VALUES ('26c7c51a-484e-4481-bfa1-5df62aeff61d', 'scoop-rice-protein-powder', 'Scoop rice protein powder');
INSERT INTO ingredients (id, slug, name) VALUES ('1667d8c3-dda5-4651-9da3-ddffa0549d52', 'tbsp-cashew-butter', 'Tbsp cashew butter');
INSERT INTO ingredients (id, slug, name) VALUES ('58f61454-dc69-49fb-933c-8a83d9a969b7', 'tsp-vanilla-extract', 'Tsp vanilla extract');
INSERT INTO ingredients (id, slug, name) VALUES ('8122ef25-1a7e-43a3-ba28-1952cba989a3', 'tsp-honey', 'Tsp honey');
INSERT INTO ingredients (id, slug, name) VALUES ('96a9cec3-4bcf-4980-bf69-0f5a16d51aff', 'tsp-cinnamon', 'Tsp cinnamon');
INSERT INTO ingredients (id, slug, name) VALUES ('a98eea2c-fa10-44b3-89ac-471e17d52ee0', '½-cup-light-coconut-milk', '½ cup light coconut milk');
INSERT INTO ingredients (id, slug, name) VALUES ('f947e659-2950-496f-b9ab-bb7fb55907b1', 'cup-coconut-yogurt', 'Cup coconut yogurt');
INSERT INTO ingredients (id, slug, name) VALUES ('a97cd716-6519-44e5-adc2-51d95a30aaf4', 'cup-kale', 'Cup kale');
INSERT INTO ingredients (id, slug, name) VALUES ('74a294b0-d5a5-4f2d-9dcd-333a8c51d269', 'cup-frozen-mango-chunks', 'Cup frozen mango chunks');
INSERT INTO ingredients (id, slug, name) VALUES ('51009a96-8a3f-4b21-83cd-a1c6b01360af', 'tbsp-flax-seed-meal', 'Tbsp flax seed meal');
INSERT INTO ingredients (id, slug, name) VALUES ('c5be113a-450a-44e9-994a-00f1487ca66e', 'scoop-pea-protein-powder', 'Scoop pea protein powder');
INSERT INTO ingredients (id, slug, name) VALUES ('d61914a6-555c-4737-851f-f450ec193a23', 'cup-frozen-blackberries', 'Cup frozen blackberries');
INSERT INTO ingredients (id, slug, name) VALUES ('91b92e06-a167-4705-a3f8-fde55f3524e6', 'tsp-fresh-lemon-juice', 'Tsp fresh lemon juice');
INSERT INTO ingredients (id, slug, name) VALUES ('540ac873-c6b9-490a-9914-f220756dedd4', 'tsp-finely-chopped-fresh-ginger', 'Tsp finely chopped fresh ginger');
INSERT INTO ingredients (id, slug, name) VALUES ('55816de5-c9e0-417a-8eed-47445c7b2e4a', 'chopped-and-frozen', 'Chopped and frozen');
INSERT INTO ingredients (id, slug, name) VALUES ('8dfdcea0-8292-4bef-bf3a-bb3bc49d8c9c', 'tbs-pecans', 'Tbs pecans');
INSERT INTO ingredients (id, slug, name) VALUES ('2f16dd60-cd27-4a3a-9feb-bea6aa464839', 'scoop-oat-protein-powder', 'Scoop oat protein powder');
INSERT INTO ingredients (id, slug, name) VALUES ('8889f2b1-a54d-419b-b928-9d4b2a2e3c50', 'oz-pistachios', 'Oz pistachios');
INSERT INTO ingredients (id, slug, name) VALUES ('d64fd3f1-3fac-4184-a01d-57396c653660', 'cup-frozen-mango', 'Cup frozen mango');
INSERT INTO ingredients (id, slug, name) VALUES ('b23bea4e-c2fa-48fc-a91d-1d317177fdbc', 'cup-coconut-cream', 'Cup coconut cream');
INSERT INTO ingredients (id, slug, name) VALUES ('05bf9cb3-0f12-40c9-ad24-56723b249c43', 'cup-orange-juice', 'Cup orange juice');
INSERT INTO ingredients (id, slug, name) VALUES ('ade83372-cf50-44e0-8b3e-9ab5b3c86936', 'cup-greek-yogurt', 'Cup Greek yogurt');
INSERT INTO ingredients (id, slug, name) VALUES ('a0a1246c-a2f5-4e7a-80ac-4470f187efe4', 'cup-coconut-milk', 'Cup coconut milk');
INSERT INTO ingredients (id, slug, name) VALUES ('187c3cfd-e8f6-43bc-8ce8-690317b41c8f', 'scoop-casein-protein', 'Scoop casein protein');
INSERT INTO ingredients (id, slug, name) VALUES ('03576724-6abf-4698-94cd-24b854fda90a', 'tbs-ground-flaxseed', 'Tbs ground flaxseed');
INSERT INTO ingredients (id, slug, name) VALUES ('3da82515-fe43-4317-87d7-0ae4f78a4435', 'tablespoon-unsweetened-cocoa-powder', 'Tablespoon unsweetened cocoa powder');
INSERT INTO ingredients (id, slug, name) VALUES ('f6d6bdc0-4012-444d-ba57-b5073546f4f7', 'tablespoons-oats', 'Tablespoons oats');
INSERT INTO ingredients (id, slug, name) VALUES ('7b81949e-900c-42a2-b021-a87dd9da302b', 'tsp-salt', 'Tsp salt');
INSERT INTO ingredients (id, slug, name) VALUES ('a5004e0b-ce7f-4f4b-baf2-a6f5c3eeaddf', 'tbs-cashew-butter', 'Tbs cashew butter');
INSERT INTO ingredients (id, slug, name) VALUES ('2bba3ce6-4191-445f-bb52-c9211aafab6a', 'tsp-pure-peppermint-extract', 'Tsp pure peppermint extract');
INSERT INTO ingredients (id, slug, name) VALUES ('49f973bf-daef-4155-9c78-4bff488e9068', 'tbsp-unsweetened-coconut-flakes', 'Tbsp unsweetened coconut flakes');
INSERT INTO ingredients (id, slug, name) VALUES ('1f1b4e94-5252-481a-942b-400865115262', 'tbs-cocoa-powder', 'Tbs cocoa powder');
INSERT INTO ingredients (id, slug, name) VALUES ('c708f7b2-f5b8-4e8a-8c0c-a671e7edfd19', 'tbsp-chia-seeds', 'Tbsp chia seeds');
INSERT INTO ingredients (id, slug, name) VALUES ('0159ba56-1218-4bc9-852e-6e8955222fbf', 'cup-cold-coffee', 'Cup cold coffee');
INSERT INTO ingredients (id, slug, name) VALUES ('1252c61a-9d28-41e4-85ea-e7f2bc8e8135', 'cup-ice-cubes', 'Cup ice cubes');
INSERT INTO ingredients (id, slug, name) VALUES ('6ab1fbb2-4dab-431b-8693-12c7a79eecda', 'cup-frozen-cauliflower-rice', 'Cup frozen cauliflower rice');
INSERT INTO ingredients (id, slug, name) VALUES ('35c83f62-3d14-4b73-ae28-a248895e284a', 'cup-frozen-blueberries', 'Cup frozen blueberries');
INSERT INTO ingredients (id, slug, name) VALUES ('f5942ac2-d1ca-4973-a7c8-fae9cd7234a9', 'tablespoon-hazelnut-butter', 'Tablespoon hazelnut butter');
INSERT INTO ingredients (id, slug, name) VALUES ('d6b9c81b-c21c-4f25-ade6-5988b9eb5660', 'tsp-liquid-stevia', 'Tsp liquid stevia');
INSERT INTO ingredients (id, slug, name) VALUES ('d4c8e169-ac88-4039-9e11-8a6355c246ff', 'cup-light-coconut-cream', 'Cup light coconut cream');
INSERT INTO ingredients (id, slug, name) VALUES ('606f3c8d-5af9-4310-af38-d70d1bdd5f09', 'cup-pumpkin-puree', 'Cup pumpkin puree');
INSERT INTO ingredients (id, slug, name) VALUES ('451f3d91-c580-45f4-8126-10839c7f35b9', 'tsp-pumpkin-pie-spice', 'Tsp pumpkin pie spice');
INSERT INTO ingredients (id, slug, name) VALUES ('26a15b3c-77bb-48e1-9252-bc0ef681955f', 'scoop-vanilla-oat-protein-powder', 'Scoop vanilla oat protein powder');
INSERT INTO ingredients (id, slug, name) VALUES ('21fe0542-5af8-477f-a9e3-f86c2c03cbd5', 'cups-crushed-ice', 'Cups crushed ice');
INSERT INTO ingredients (id, slug, name) VALUES ('bf320a64-2360-4207-9ded-eb6409c7d3ff', 'cups-kale', 'Cups kale');
INSERT INTO ingredients (id, slug, name) VALUES ('ca2594d4-b087-41f4-83fe-e4fd82e843b5', 'cup-raspberries', 'Cup raspberries');
INSERT INTO ingredients (id, slug, name) VALUES ('a84ad96d-9cfb-48d4-a633-24f90c8e7748', 'squeezed-lemon', 'Squeezed lemon');
INSERT INTO ingredients (id, slug, name) VALUES ('2b23c2c6-aff9-45de-bbcd-c4bc90b13d4c', 'cup-water', 'Cup water');
INSERT INTO ingredients (id, slug, name) VALUES ('a19e9688-87d4-4c76-93b4-db338f86c49d', 'beetroot', 'Beetroot');
INSERT INTO ingredients (id, slug, name) VALUES ('aab7d2c3-9449-49f8-81f1-429a3acfc999', 'peeled', 'Peeled');
INSERT INTO ingredients (id, slug, name) VALUES ('3c69b04a-c615-4427-bd19-dc83380abf2c', 'scoop-whey-protein', 'Scoop whey protein');
INSERT INTO ingredients (id, slug, name) VALUES ('9a11d02e-2a86-4c9b-a57f-7b2cb3ad807c', 'tbs-orange-juice', 'Tbs orange juice');
INSERT INTO ingredients (id, slug, name) VALUES ('706c3c5f-115d-4365-a877-1a9f0ea74b9f', 'tbs-lemon-juice', 'Tbs lemon juice');
INSERT INTO ingredients (id, slug, name) VALUES ('c33ba6ec-9f98-4a9f-87b9-864d40527d29', 'serving-vanilla-whey-protein-powder', 'Serving vanilla whey protein powder');
INSERT INTO ingredients (id, slug, name) VALUES ('e53d0cd9-b3e4-46ef-ab54-9d5579d64ac6', '¼-teaspoon-ground-nutmeg', '¼ teaspoon ground nutmeg');
INSERT INTO ingredients (id, slug, name) VALUES ('9cc4b26a-468c-46b5-af1b-6d1096391018', '½-teaspoon-ground-cinnamon', '½ teaspoon ground cinnamon');
INSERT INTO ingredients (id, slug, name) VALUES ('92fab1b4-5277-4165-9f80-ad521abbb8f1', 'scoop-casein-protein-powder', 'Scoop casein protein powder');
INSERT INTO ingredients (id, slug, name) VALUES ('e53a6c19-1d9e-4637-958a-d4a7e8fe059c', 'tsp-stevia', 'Tsp stevia');
INSERT INTO ingredients (id, slug, name) VALUES ('effaad48-5304-4c69-8e90-237d88f6ab4f', 'tbs-peanut-butter', 'Tbs peanut butter');
INSERT INTO ingredients (id, slug, name) VALUES ('822d2eae-d540-4b8f-bc40-3c833c8c04e4', 'scoop-chocolate-casein-protein-powder', 'Scoop chocolate casein protein powder');
INSERT INTO ingredients (id, slug, name) VALUES ('fd0a69cc-0786-4b0d-a70a-7e2c1fb06875', 'scoop-peanut-butter-casein-protein-powder', 'Scoop peanut butter casein protein powder');
INSERT INTO ingredients (id, slug, name) VALUES ('2c854626-6c38-43c7-9a95-5a74bd0fe68f', '½-tsp-vanilla-extract', '½ tsp vanilla extract');
INSERT INTO ingredients (id, slug, name) VALUES ('a07867d0-6e0d-4cbe-aa66-d2282c763209', 'egg', 'Egg');
INSERT INTO ingredients (id, slug, name) VALUES ('a99e3702-e158-4f4c-8754-ae3984af660f', 'scoop-vanilla-protein-powder', 'Scoop vanilla protein powder');
INSERT INTO ingredients (id, slug, name) VALUES ('6f2c3ec0-24cd-49d2-9864-9e0647e31b0b', '½-tsp-ground-nutmeg', '½ tsp ground nutmeg');
INSERT INTO ingredients (id, slug, name) VALUES ('7e335830-3f4d-40e2-83b9-270d5e7fabf3', 'apple', 'Apple');
INSERT INTO ingredients (id, slug, name) VALUES ('6ba905b4-f22b-43b0-bf2e-dcee49371802', 'orange', 'Orange');
INSERT INTO ingredients (id, slug, name) VALUES ('1d24db3d-a7f4-4bd3-bd67-c21b4197a75f', 'teaspoon-lemon-juice', 'Teaspoon lemon juice');
INSERT INTO ingredients (id, slug, name) VALUES ('33a00a7d-2af0-4b38-a3dd-188d158431df', 'oat-milk', 'Oat milk');
INSERT INTO ingredients (id, slug, name) VALUES ('51ff70ff-b381-4570-afb8-5f6fcd6e7d18', 'tbs-maple-syrup', 'Tbs maple syrup');
INSERT INTO ingredients (id, slug, name) VALUES ('2568e6de-9593-4df5-ae31-98073e031db2', 'scoop-oat-protein', 'Scoop oat protein');
INSERT INTO ingredients (id, slug, name) VALUES ('85fb8e71-ff8a-43a2-9fdd-b70cc95aa810', 'cup-cranberries', 'Cup cranberries');
INSERT INTO ingredients (id, slug, name) VALUES ('2fcb975f-838c-4025-bfc5-bea7b3530355', '½-cup-raspberries', '½ cup raspberries');
INSERT INTO ingredients (id, slug, name) VALUES ('8199a4b4-f3ca-4622-81e4-9b9d2644d4ec', '¼-beetroot', '¼ beetroot');
INSERT INTO ingredients (id, slug, name) VALUES ('d7de1f51-d0d4-4490-939f-a42bf81baec9', 'scoop-protein-powder', 'Scoop protein powder');
INSERT INTO ingredients (id, slug, name) VALUES ('a9147221-acc1-41c2-b14f-c4c56dca7aa8', 'tablespoon-peanut-butter', 'Tablespoon peanut butter');
INSERT INTO ingredients (id, slug, name) VALUES ('d68f80b2-d770-47ae-9819-f8c8c49d7af6', 'tablespoon-cocoa-nibs', 'Tablespoon cocoa nibs');
INSERT INTO ingredients (id, slug, name) VALUES ('77683272-6d39-42ec-8cde-0be6144f4b5e', 'teaspoon-sprinkles', 'Teaspoon sprinkles');
INSERT INTO ingredients (id, slug, name) VALUES ('a8fe0594-cdaf-4792-ad97-efc885c7f7ea', 'scoop-oat-vanilla-protein', 'Scoop oat vanilla protein');
INSERT INTO ingredients (id, slug, name) VALUES ('655a1603-be12-480f-b998-1a502402c988', 'tablespoon-orange-zest', 'Tablespoon orange zest');
INSERT INTO ingredients (id, slug, name) VALUES ('192e0b08-bc7e-4ae3-8081-9680b014f536', 'tbsp-peanut-butter', 'Tbsp peanut butter');
INSERT INTO ingredients (id, slug, name) VALUES ('16fbf04f-3488-401a-96e0-39cddabd42c8', 'date', 'Date');
INSERT INTO ingredients (id, slug, name) VALUES ('bba7c25a-0ebc-49cd-a351-eeac0ba9a3ec', 'pitted', 'Pitted');
INSERT INTO ingredients (id, slug, name) VALUES ('7a39d4ae-e7a2-4b4f-9f27-143572f7774e', 'cup-quick-oats', 'Cup quick oats');
INSERT INTO ingredients (id, slug, name) VALUES ('cfd27138-28b1-4949-9cef-5f4d6be1f04a', 'tbs-of-peanut-butter', 'Tbs of peanut butter');
INSERT INTO ingredients (id, slug, name) VALUES ('b36a228b-0e3e-4706-8408-dab8e0b44969', 'g-walnuts', 'G walnuts');
INSERT INTO ingredients (id, slug, name) VALUES ('1d019929-18df-4856-bb33-f6719574d12a', 'cup-unsweetened-almond-milk', 'Cup unsweetened almond milk');
INSERT INTO ingredients (id, slug, name) VALUES ('0f69acb7-84b0-4d89-8b36-1afa210da46d', 'cup-rolled-oats', 'Cup rolled oats');
INSERT INTO ingredients (id, slug, name) VALUES ('9ed6bbb3-6a00-492c-993e-d63624a0c90a', 'dash-of-salt', 'Dash of salt');
INSERT INTO ingredients (id, slug, name) VALUES ('957a8096-22ca-4424-b894-8761ab208e88', 'cup-ice-as-needed', 'Cup ice as needed');
INSERT INTO ingredients (id, slug, name) VALUES ('20d062c9-a1f0-43aa-86fa-19a08f6ff524', 'tbsp-cocoa-powder', 'Tbsp cocoa powder');
INSERT INTO ingredients (id, slug, name) VALUES ('6ad91708-16b4-426b-8f21-cf78600cc293', 'tsp-cinnamin', 'Tsp cinnamin');
INSERT INTO ingredients (id, slug, name) VALUES ('9fc99710-eb63-41da-8438-67803c2e7294', 'cup-espresso-or-strong-coffee', 'Cup espresso or strong coffee');
INSERT INTO ingredients (id, slug, name) VALUES ('192139a3-3f2f-4555-9a22-42dc03d67b7f', 'scoop-vanilla-whey-powder', 'Scoop vanilla whey powder');
INSERT INTO ingredients (id, slug, name) VALUES ('6e6331a7-2046-432a-883c-c9f5592b9cf6', 'tbsp-lemon-juice', 'Tbsp lemon juice');
INSERT INTO ingredients (id, slug, name) VALUES ('3b06ccec-0e96-4740-a163-568030f93f3d', 'scoops-pea-protein-powder', 'Scoops pea protein powder');
INSERT INTO ingredients (id, slug, name) VALUES ('d26607a4-9c21-4350-80ef-1859f16c857b', 'tbs-fresh-ginger', 'Tbs fresh ginger');
INSERT INTO ingredients (id, slug, name) VALUES ('41c405b8-ab0f-4cb0-bcc6-95c9fae1ea09', 'grated', 'Grated');
INSERT INTO ingredients (id, slug, name) VALUES ('b7842493-8d15-4228-88c0-316602028754', 'peeled-and-frozen', 'Peeled and frozen');
INSERT INTO ingredients (id, slug, name) VALUES ('56fdfad8-c81a-4421-b7fe-e1e971a192e9', 'scoop-vanilla-whey-protein-powder', 'Scoop vanilla whey protein powder');
INSERT INTO ingredients (id, slug, name) VALUES ('789a9021-26cf-4e33-8af1-bcda624d9d52', 'cup-blueberries', 'Cup blueberries');
INSERT INTO ingredients (id, slug, name) VALUES ('55641b29-e1ad-4e21-b58e-d064e931e3c7', 'diced', 'Diced');
INSERT INTO ingredients (id, slug, name) VALUES ('20ca3295-f0df-4f86-ab13-505ba21f5931', 'tablespoon-coconut-oil', 'Tablespoon coconut oil');
INSERT INTO ingredients (id, slug, name) VALUES ('3ca52200-056d-4de8-980d-7290484be720', 'scoop-chocolate-whey-protein-powder', 'Scoop chocolate whey protein powder');
INSERT INTO ingredients (id, slug, name) VALUES ('140e694f-50ce-4276-bb93-f1b4debad0be', 'pinch-sea-salt', 'Pinch sea salt');
INSERT INTO ingredients (id, slug, name) VALUES ('ab18b4c0-3832-488c-882d-63bd4846a9b1', 'scoop-vanilla-whey-protein', 'Scoop vanilla whey protein');
INSERT INTO ingredients (id, slug, name) VALUES ('b7104a58-e197-4151-92dc-60013206bda0', 'cup-espresso', 'Cup espresso');
INSERT INTO ingredients (id, slug, name) VALUES ('8d6be6ed-ad36-46b6-bcd9-d0a344062337', 'pitted-dates', 'Pitted dates');
INSERT INTO ingredients (id, slug, name) VALUES ('60e5da96-994f-4cd1-9388-b1713d266c1c', 'cup-blackberries', 'Cup blackberries');
INSERT INTO ingredients (id, slug, name) VALUES ('fff069a1-6a22-4126-91b2-230021fa2b0c', 'cup-fat-free-vanilla-frozen-yogurt', 'Cup fat-free vanilla frozen yogurt');
INSERT INTO ingredients (id, slug, name) VALUES ('6df1ac2c-5cee-4a91-8470-58844176fcbd', 'cup-cranberry-juice', 'Cup cranberry juice');
INSERT INTO ingredients (id, slug, name) VALUES ('7cb2d677-0c41-443c-9d98-cea08721a379', 'almonds', 'Almonds');
INSERT INTO ingredients (id, slug, name) VALUES ('cd3f480b-e897-4b34-ab2e-7df756484d9e', 'cup-soy-milk', 'Cup soy milk');
INSERT INTO ingredients (id, slug, name) VALUES ('82535be2-e51d-4322-91cc-013f1c60fedc', 'tablespoons-coconut-yogurt', 'Tablespoons coconut yogurt');
INSERT INTO ingredients (id, slug, name) VALUES ('e87f9523-b391-4e07-b6b2-b4f87c087ef0', 'teaspoon-honey', 'Teaspoon honey');
INSERT INTO ingredients (id, slug, name) VALUES ('d8d45b87-1e3e-46a1-a533-8851fbd8ebaa', 'teaspoon-blue-spirulina-powder', 'Teaspoon blue spirulina powder');
INSERT INTO ingredients (id, slug, name) VALUES ('cc5ed93a-4bd3-4423-ac3e-75c19455b898', 'scoop-vanilla-rice-protein-powder', 'Scoop vanilla rice protein powder');
INSERT INTO ingredients (id, slug, name) VALUES ('4b633a12-cccb-4806-b087-711eb605f33a', 'medium-banana', 'Medium Banana');
INSERT INTO ingredients (id, slug, name) VALUES ('297c1fca-0622-4cc2-9cd2-f8a963d0c7b6', '¼-cup-chopped-pecans', '¼ cup chopped pecans');
INSERT INTO ingredients (id, slug, name) VALUES ('4b57dc75-ee68-411b-9835-b019f599ffd4', '¼-cup-chopped-almonds', '¼ cup chopped almonds');
INSERT INTO ingredients (id, slug, name) VALUES ('9ce5170b-013f-4fc5-b4a1-24a5d275bd6a', 'cup-skim-milk', 'Cup skim milk');
INSERT INTO ingredients (id, slug, name) VALUES ('5d50f7fb-5e59-4eca-a933-590b1bd0d749', '¾-cup-fat-free-vanilla-frozen-yogurt', '¾ cup fat-free vanilla frozen yogurt');
INSERT INTO ingredients (id, slug, name) VALUES ('70973f4d-46d3-4943-8514-cd38013dc245', 'small-banana', 'Small banana');
INSERT INTO ingredients (id, slug, name) VALUES ('51c2ee08-ab90-40fb-9666-cab7b8417bbc', 'tablespoon-apple-cider', 'Tablespoon apple cider');
INSERT INTO ingredients (id, slug, name) VALUES ('f05a30f9-a97a-4dd4-9317-708b260567de', 'tablespoon-honey', 'Tablespoon honey');
INSERT INTO ingredients (id, slug, name) VALUES ('2d539f19-4125-4f72-ad01-13c4c9087b26', 'cup-fresh-lemonade', 'Cup fresh lemonade');
INSERT INTO ingredients (id, slug, name) VALUES ('db1d511e-adf3-4201-b42f-d1b5a8d967c2', 'cup-granola', 'Cup granola');
INSERT INTO ingredients (id, slug, name) VALUES ('5bd84c38-7e7c-40c8-a7cf-3c78792b409f', 'cup-pineapple-juice', 'Cup pineapple juice');
INSERT INTO ingredients (id, slug, name) VALUES ('d50fff26-d475-475a-a49c-18d61b9b6b5f', 'cup-fresh-squeezed-orange-juice', 'Cup fresh-squeezed orange juice');
INSERT INTO ingredients (id, slug, name) VALUES ('13a4493e-48af-43ed-b532-ce78a8af866f', 'cup-chopped-mango', 'Cup  chopped Mango');
INSERT INTO ingredients (id, slug, name) VALUES ('5a292d44-3aee-4a9b-b452-7ad880b69e81', 'cup-chopped-pineapple', 'Cup chopped pineapple');
INSERT INTO ingredients (id, slug, name) VALUES ('34c4fec4-3a45-40f9-9e27-ec3ff4bcd741', 'kiwi', 'Kiwi');
INSERT INTO ingredients (id, slug, name) VALUES ('8b0ff819-cf22-4f0c-9339-095c147a111b', 'strawberries', 'Strawberries');
INSERT INTO ingredients (id, slug, name) VALUES ('f2de22f5-2242-4e9d-a0e7-931ccaa713ec', 'cup-oat-squares', 'Cup oat squares');
INSERT INTO ingredients (id, slug, name) VALUES ('abf825dc-126c-4ec3-8b74-f921a07d8c9a', 'cup-apple-juice', 'Cup apple juice');
INSERT INTO ingredients (id, slug, name) VALUES ('8890ac9c-5fe4-401c-bc19-2d700175f862', 'cup-mango', 'Cup Mango');
INSERT INTO ingredients (id, slug, name) VALUES ('b1eae386-77f7-450a-9e49-b018700028df', 'cup-coconut', 'Cup coconut');
INSERT INTO ingredients (id, slug, name) VALUES ('d54446b4-1693-4e41-8a9a-40dac98bf607', 'cup-organic-pineapple', 'Cup organic pineapple');
INSERT INTO ingredients (id, slug, name) VALUES ('10b46d88-06bb-43ab-867b-ad121158ef80', 'chopped-medium-peach', 'Chopped medium peach');
INSERT INTO ingredients (id, slug, name) VALUES ('e7208176-e10e-46a9-92d3-79ba2564358c', '½-cup-frozen-raspberries', '½ cup frozen raspberries');
INSERT INTO ingredients (id, slug, name) VALUES ('843fa3e3-5b83-4aea-9b12-fa33a4b254cb', '½-cup-frozen-strawberries', '½ cup frozen strawberries');
INSERT INTO ingredients (id, slug, name) VALUES ('a811b704-4a35-43a5-b563-317d789e2fe4', '¼-cup-beet', '¼ cup beet');
INSERT INTO ingredients (id, slug, name) VALUES ('97978a43-f7ef-4253-be22-a6856d2e5247', '¼-cup-coconut-milk', '¼ cup coconut milk');
INSERT INTO ingredients (id, slug, name) VALUES ('becbb2cc-19bc-4655-9336-4fd63adcc2a6', 'cup-peach', 'Cup peach');
INSERT INTO ingredients (id, slug, name) VALUES ('656f5cb7-bed4-473a-94e6-e0dbe20319fe', 'low-fat-vanilla-yogurt', 'Low-fat vanilla yogurt');
INSERT INTO ingredients (id, slug, name) VALUES ('652084d7-c162-4927-b002-00dce0cbfc74', 'cup-lemonade', 'Cup Lemonade');
INSERT INTO ingredients (id, slug, name) VALUES ('d76917fd-3775-42e9-9717-afff8b3f2183', 'large-strawberries', 'Large strawberries');
INSERT INTO ingredients (id, slug, name) VALUES ('36daee65-370c-4295-8902-c1a412b99ea7', 'cup-low-fat-vanilla-yogurt', 'Cup low-fat vanilla yogurt');
INSERT INTO ingredients (id, slug, name) VALUES ('79a5908d-7948-4a28-9bde-3f61a0eb457b', 'cuporange-juice', 'Cuporange juice');
INSERT INTO ingredients (id, slug, name) VALUES ('625582dd-4682-4688-89ad-a8bc546f0025', 'teaspoon-chia-seeds', 'Teaspoon chia seeds');
INSERT INTO ingredients (id, slug, name) VALUES ('b7248b8e-3960-4750-aab1-7f82a40aacff', 'pc-frozen-banana', 'Pc frozen banana');
INSERT INTO ingredients (id, slug, name) VALUES ('f3c8e831-e669-42d3-bc47-f307f6bd1a46', 'pc-passion-fruit', 'Pc passion fruit');
INSERT INTO ingredients (id, slug, name) VALUES ('d521d918-28bb-429c-8ce0-a514db43321d', 'passion-fruit-for-garnishing', 'Passion fruit for garnishing');
INSERT INTO ingredients (id, slug, name) VALUES ('f4ae276f-272a-43ae-afcd-c25b4539e137', '½-lime', '½ lime');
INSERT INTO ingredients (id, slug, name) VALUES ('b6e065cf-8843-4fc3-869f-f5bf2e7aab91', '½-apple', '½ apple');
INSERT INTO ingredients (id, slug, name) VALUES ('0a17fb8a-7fe8-4307-bbf0-a35a6a7efdfb', '½-avocado', '½ avocado');
INSERT INTO ingredients (id, slug, name) VALUES ('df19648d-1645-4550-b56c-343dd0e735ef', '½-cup-strawberries', '½ cup strawberries');
INSERT INTO ingredients (id, slug, name) VALUES ('4982e162-475e-4220-b176-9091693b3fd2', '½-orange', '½ orange');
INSERT INTO ingredients (id, slug, name) VALUES ('3dea223c-2a9f-465a-bd92-d85ddef4902a', '¼-avocado', '¼ avocado');
INSERT INTO ingredients (id, slug, name) VALUES ('da059e9e-0d95-4c04-88d1-2c60746cd93a', 'tbs-chia-seeds', 'Tbs chia seeds');
INSERT INTO ingredients (id, slug, name) VALUES ('e4bb5a32-b927-4f44-affc-ab2dbc428397', '½-cup-almond-milk', '½ cup almond milk');
INSERT INTO ingredients (id, slug, name) VALUES ('7923d6a1-8651-464a-8e04-46a97aad208d', 'cup-coffee', 'Cup coffee');
INSERT INTO ingredients (id, slug, name) VALUES ('a263df57-3ade-4eb4-98f0-11adb5c56aee', 'medjool-date', 'Medjool date');
INSERT INTO ingredients (id, slug, name) VALUES ('e3444b13-dea6-4349-9606-d2051c61d088', 'scoop-chocolate-oat-protein-powder', 'Scoop chocolate oat protein powder');
INSERT INTO ingredients (id, slug, name) VALUES ('ba17b0ef-d171-4ab7-b9c3-9a7c23b4daf4', '½-cup-greek-yogurt', '½ cup Greek yogurt');
INSERT INTO ingredients (id, slug, name) VALUES ('aba33feb-1c9a-4956-947e-5620fa5724c5', 'scoop-vanilla-casein-protein-powder', 'Scoop vanilla casein protein powder');
INSERT INTO ingredients (id, slug, name) VALUES ('b455c9cd-eebc-418d-a203-d9e380d3462d', 'tablespoon-coconut', 'Tablespoon coconut');
INSERT INTO ingredients (id, slug, name) VALUES ('9eb84209-e474-4d98-98f3-38565801af3b', '½-cup-coconut-milk', '½ cup coconut milk');
INSERT INTO ingredients (id, slug, name) VALUES ('66982b41-0355-4ff8-884f-2c9316724d71', '¼-cup-frozen-pineapple', '¼ cup frozen pineapple');
INSERT INTO ingredients (id, slug, name) VALUES ('e7b85d4b-840f-47d0-914b-b0e8efabe4da', 'carrot', 'Carrot');
INSERT INTO ingredients (id, slug, name) VALUES ('e768039a-145f-4694-bf3a-ff4f7e9b732f', '½-cup-frozen-pineapple', '½ cup frozen pineapple');
INSERT INTO ingredients (id, slug, name) VALUES ('6aa706ea-2420-49f4-afad-a719dd2b34ca', 'tbs-ginger', 'Tbs ginger');
INSERT INTO ingredients (id, slug, name) VALUES ('4dd0caf5-7d23-4077-8ded-86112b28e238', '¼-cup-water', '¼ cup water');
INSERT INTO ingredients (id, slug, name) VALUES ('8ee387f9-3111-4fb0-aef8-276cb36a3035', '½-cup-light-coconut-cream', '½ cup light coconut cream');
INSERT INTO ingredients (id, slug, name) VALUES ('69e49fbb-001d-45bf-acb5-8e587a5c28e0', 'scoop-chocolate-rice-protein-powder', 'Scoop chocolate rice protein powder');
INSERT INTO ingredients (id, slug, name) VALUES ('3178d354-d456-49f5-b150-cc929f266121', 'scoop-chocolate-whey-protein', 'Scoop chocolate whey protein');
INSERT INTO ingredients (id, slug, name) VALUES ('0829f65e-e91c-48b8-80a3-c774538a23c9', 'tablespoons-coconut-cream', 'Tablespoons coconut cream');
INSERT INTO ingredients (id, slug, name) VALUES ('dc53765f-5410-483f-806c-e68aebb40af7', 'tablespoons-cashew-butter', 'Tablespoons cashew butter');
INSERT INTO ingredients (id, slug, name) VALUES ('2c7315c0-a53d-4d42-949c-1db6812ee135', 'teaspoons-sprinkles', 'Teaspoons sprinkles');
INSERT INTO ingredients (id, slug, name) VALUES ('671733e6-d6c2-4dfa-863f-c3d6915c14e7', 'tablespoon-coconut-flakes', 'Tablespoon coconut flakes');
INSERT INTO ingredients (id, slug, name) VALUES ('7e60118a-e6a6-4343-82b7-2b63d7e47ca7', 'tablespoon-flaxseed', 'Tablespoon flaxseed');
INSERT INTO ingredients (id, slug, name) VALUES ('302e20d5-dc33-4d02-9b61-10f1f35c87d9', 'scoop-peanut-butter-plant-based-protein', 'Scoop peanut butter plant-based protein');
INSERT INTO ingredients (id, slug, name) VALUES ('41935302-612f-458b-82ac-8c15a6080c5e', '½-cup-vanilla-almond-milk', '½ cup vanilla almond milk');
INSERT INTO ingredients (id, slug, name) VALUES ('dd34e691-d409-460a-b195-995020c03bd2', 'scoop-plant-based-vanilla-protein-powder', 'Scoop plant-based vanilla protein powder');
INSERT INTO ingredients (id, slug, name) VALUES ('97dfc184-791d-4f05-bcf2-70c785f42af0', 'tablespoon-cashew-butter', 'Tablespoon cashew butter');
INSERT INTO ingredients (id, slug, name) VALUES ('89401a47-db79-4193-8953-826e11053070', 'teaspoon-of-maple-syrup', 'Teaspoon of maple syrup');
INSERT INTO ingredients (id, slug, name) VALUES ('3fa3ea81-9bd9-4c41-b52d-9a6bed89f920', 'cup-frozen-banana-chunks', 'Cup frozen banana chunks');
INSERT INTO ingredients (id, slug, name) VALUES ('dbfff2c3-669e-4528-9821-fcc979e407f6', 'cup-oat-milk', 'Cup oat milk');
INSERT INTO ingredients (id, slug, name) VALUES ('3590dceb-7b78-4f3d-9ceb-5ca5bfea7948', 'tsp-matcha', 'Tsp matcha');
INSERT INTO ingredients (id, slug, name) VALUES ('15c12c40-d3e2-4456-9734-c14aa30e5b67', 'scoop-pea-protein', 'Scoop pea protein');
INSERT INTO ingredients (id, slug, name) VALUES ('b3e60273-d414-44d4-8c2b-2e9194407cc1', 'cup-frozen-mixed-berries', 'Cup frozen mixed berries');
INSERT INTO ingredients (id, slug, name) VALUES ('8187d625-4ecc-4510-a5cc-d89fcd989501', 'tablespoons-cocoa-powder', 'Tablespoons cocoa powder');
INSERT INTO ingredients (id, slug, name) VALUES ('fbeae687-eda6-41d4-9698-29c22276e28b', 'scoop-chocolate-whey-powder', 'Scoop chocolate whey powder');
INSERT INTO ingredients (id, slug, name) VALUES ('121e4c7b-4bfc-4f7a-8535-6b18ebf3a409', 'tablespoon-almond-butter', 'Tablespoon almond butter');
INSERT INTO ingredients (id, slug, name) VALUES ('5216e132-71d0-4a3b-bc92-144bf682f2f6', 'teaspoon-cinnamon', 'Teaspoon cinnamon');
INSERT INTO ingredients (id, slug, name) VALUES ('3d2c547e-84d3-4e5f-8b21-66cf577f3cc8', '½-cup-frozen-pineapple-chunks', '½ cup frozen pineapple chunks');
INSERT INTO ingredients (id, slug, name) VALUES ('28b36a0b-c2c2-4f78-8b30-a9d1636438b8', 'tbs-turmeric', 'Tbs turmeric');
INSERT INTO ingredients (id, slug, name) VALUES ('4b6b580e-e9ac-4f57-ac0c-d92ec51a5781', 'gr-bok-choy', 'Gr bok choy');
INSERT INTO ingredients (id, slug, name) VALUES ('4f03cbf9-0d94-4905-aa05-0579e03a4796', 'teaspoon-lime-juice', 'Teaspoon lime juice');
INSERT INTO ingredients (id, slug, name) VALUES ('687c56c4-4fd1-4e1d-baed-dd194b71458e', 'tablespon-water', 'Tablespon water');
INSERT INTO ingredients (id, slug, name) VALUES ('ee19621e-0cec-446e-b32b-fa7b8af1b16d', '½-cup-coconut-water', '½ cup coconut water');
INSERT INTO ingredients (id, slug, name) VALUES ('34559114-6dff-4116-95b9-778ef861c452', 'tbs-shredded-coconut', 'Tbs shredded coconut');
INSERT INTO ingredients (id, slug, name) VALUES ('69ff2f21-7489-4966-859d-1f28b0da8eb0', '½-cups-frozen-strawberries', '½ cups frozen strawberries');
INSERT INTO ingredients (id, slug, name) VALUES ('a56aa61d-2bae-4489-b33b-533a163359f7', 'cup-chilled-unsweetened-chocolate-almond-milk', 'Cup chilled unsweetened chocolate almond milk');
INSERT INTO ingredients (id, slug, name) VALUES ('ce4cab50-7a38-41e8-a9c8-5e98d64533f8', 'tsp-almond-butter', 'Tsp almond butter');
INSERT INTO ingredients (id, slug, name) VALUES ('6f52c041-bce5-49fc-879d-c904096045b0', 'tsp-unsweetened-cocoa-powder', 'Tsp unsweetened cocoa powder');
INSERT INTO ingredients (id, slug, name) VALUES ('afd2edb7-07a6-4dd5-9e53-a3e27b082824', 'scoop-chocolate-pea-protein-powder', 'Scoop chocolate pea protein powder');
INSERT INTO ingredients (id, slug, name) VALUES ('289cf8ae-0d94-4e9f-a54f-56dd1d7bbe8b', '½-cup-frozen-mango', '½ cup frozen mango');
INSERT INTO ingredients (id, slug, name) VALUES ('7d71b8b1-47fa-4b60-9334-8be74a08bebf', 'tsp-ground-chia-seeds', 'Tsp ground chia seeds');
INSERT INTO ingredients (id, slug, name) VALUES ('2492d2b3-a410-4ee7-986d-ebe435cc20ec', 'tablespoon-plant-based-protein', 'Tablespoon plant-based protein');
INSERT INTO ingredients (id, slug, name) VALUES ('afe4ad53-619a-4269-80b3-0cdaaec37e5e', 'cup-frozen-pineapple-chunks', 'Cup frozen pineapple chunks');
INSERT INTO ingredients (id, slug, name) VALUES ('48984c28-d433-49f8-922e-9a6f183ece7c', 'tablespoons-lime-juice', 'Tablespoons lime juice');
INSERT INTO ingredients (id, slug, name) VALUES ('856ed6f3-9e0d-4190-82b0-e6c1b784be34', 'teaspoon-cashew-butter', 'Teaspoon cashew butter');
INSERT INTO ingredients (id, slug, name) VALUES ('9f998224-4d55-4acb-8606-44bd01f15244', 'chilled', 'Chilled');
INSERT INTO ingredients (id, slug, name) VALUES ('a4e4bab5-e54a-48aa-815a-a236722345b0', 'cup-honeydew', 'Cup honeydew');
INSERT INTO ingredients (id, slug, name) VALUES ('610cb00d-6cf7-46f8-b98e-00524fe5b4c3', 'tablespoons-basil-leaves', 'Tablespoons basil leaves');
INSERT INTO ingredients (id, slug, name) VALUES ('1d5e5faa-6167-4ecd-ab5f-2e36ff550b45', 'juice-and-zest', 'Juice and zest');
INSERT INTO ingredients (id, slug, name) VALUES ('95811b61-3020-4385-913d-cb1c4abb84e9', 'dash-turmeric', 'Dash turmeric');

-- Insert all categories
INSERT INTO categories (id, slug, main_title) VALUES ('994a569f-3284-42d8-babb-6ecd8aab552e', 'weight-loss', 'Weight Loss');
INSERT INTO categories (id, slug, main_title) VALUES ('fafaeebc-8a58-49f7-80cf-eabaedf7ace5', 'anti-inflammatory', 'Anti Inflammatory');
INSERT INTO categories (id, slug, main_title) VALUES ('bca71640-c702-40d4-b51e-21d53b9b7d92', 'superfoodss', 'Superfoodss');
INSERT INTO categories (id, slug, main_title) VALUES ('2b6fb45a-c9b1-4bb7-ad76-5cd70b3709f4', 'meal-replacement', 'Meal Replacement');
INSERT INTO categories (id, slug, main_title) VALUES ('ef47dd4a-92a9-4fef-80e9-26bced577583', 'superfoods', 'Superfoods');
INSERT INTO categories (id, slug, main_title) VALUES ('2ee93ab6-ef51-40a2-8532-1445338d2051', 'post-workout', 'Post Workout');
INSERT INTO categories (id, slug, main_title) VALUES ('6f5c6a53-a785-48cb-a1a5-2a9f664f3b10', 'muscle-gain', 'Muscle Gain');
INSERT INTO categories (id, slug, main_title) VALUES ('72d5f822-6cac-4d8d-9c2e-5a104ae153e4', 'high-calorie', 'High Calorie');
INSERT INTO categories (id, slug, main_title) VALUES ('1037125b-477d-419c-8651-f8efd1416f3b', 'low-carb', 'Low Carb');
INSERT INTO categories (id, slug, main_title) VALUES ('6b20dfa0-6b2b-4719-8b1b-8a575fdfd51c', 'keto', 'Keto');
INSERT INTO categories (id, slug, main_title) VALUES ('a94346c6-daf1-44e0-b249-80ce7406c52b', 'pre-workout', 'Pre Workout');
INSERT INTO categories (id, slug, main_title) VALUES ('ee157d01-5d08-4059-bfd4-fde228806eff', 'high-protein', 'High Protein');

-- Insert all labels
INSERT INTO labels (id, slug, text) VALUES ('2f6be597-a0b3-41bc-b67a-a9c872385ebf', 'hydration-reconvalescence-after-sickness-or-injury', 'Hydration
Reconvalescence 
after sickness or injury');
INSERT INTO labels (id, slug, text) VALUES ('58158a8e-684a-4520-b602-e4ee67173bf0', 'hydration,-detoxification,-tropical-vibe', 'Hydration, 
Detoxification, 
Tropical vibe');
INSERT INTO labels (id, slug, text) VALUES ('b3ff9938-074d-409f-90af-f744eec91f4a', 'anti-inflammatory,-detoxification,-inflamation-fighter', 'Anti Inflammatory, 
Detoxification, 
Inflamation fighter');
INSERT INTO labels (id, slug, text) VALUES ('f1648ef0-50a3-4802-9422-fd446999b881', 'anti-inflammatory,-alkalizing,-blood-sugar-regulator', 'Anti Inflammatory, 
Alkalizing, 
Blood sugar regulator');
INSERT INTO labels (id, slug, text) VALUES ('ee0adc14-955a-4da3-b42d-55565b179fa0', 'antioxidants,-blood-clotting,-bones-health', 'Antioxidants, 
Blood clotting, 
Bones health');
INSERT INTO labels (id, slug, text) VALUES ('53e43aae-b400-4a7d-884c-213a5cb4913c', 'gut-and-liver-health,-iron-rich,-reduces-anxiety', 'Gut and liver health, 
Iron rich, 
Reduces anxiety');
INSERT INTO labels (id, slug, text) VALUES ('d4dab8aa-2834-4c54-ad34-46e8fe272059', 'digestion.-braiin-health.-immunity.-prevents-cold-and-flu.', 'Digestion. Braiin health. Immunity. Prevents Cold and Flu.');
INSERT INTO labels (id, slug, text) VALUES ('910a6bd6-afcd-476f-a88c-09ecdab6e75f', 'energy', 'Energy');
INSERT INTO labels (id, slug, text) VALUES ('0bba0cc1-602c-4387-877d-5281d5e5d4ff', 'appearance', 'Appearance');
INSERT INTO labels (id, slug, text) VALUES ('b225f952-e95c-44fe-87fb-09c0bdbfbd83', 'muscle', 'Muscle');
INSERT INTO labels (id, slug, text) VALUES ('bcc5210d-e11e-416a-b6a5-566a73a4be32', 'weight', 'Weight');
INSERT INTO labels (id, slug, text) VALUES ('5a48e22a-f836-47a0-bdba-b59d08849d8e', 'immunity', 'Immunity');
INSERT INTO labels (id, slug, text) VALUES ('68836e77-ce82-4016-8f5f-638d0ed73c8e', 'good-for-weight-loss', 'Good for weight loss');
INSERT INTO labels (id, slug, text) VALUES ('9980e4e5-ac13-49c6-a84a-546b1cb404c2', 'anti-inflammatory-immunity-booster,-calming-nerve-system', 'Anti Inflammatory
Immunity booster, 
Calming nerve system');
INSERT INTO labels (id, slug, text) VALUES ('a99b85e7-f567-4d9d-9224-2dc40ad86d35', 'anti-inflammatory,-digestion,-blood-sugar-regulation', 'Anti Inflammatory, 
Digestion, 
Blood sugar regulation');
INSERT INTO labels (id, slug, text) VALUES ('a747cf29-9eb0-4821-815c-fa7382a0ae31', 'hydration,-diabetes-and-heart-diseases-prevention.-antioxidant-rich.', 'Hydration, Diabetes and Heart diseases prevention. Antioxidant rich.');

INSERT INTO ingredients (id, slug, name) VALUES ('b36788fb-efcf-4243-bf80-b8cc2471333c', 'ingredients', 'Ingredients');

-- Insert recipe: Name
INSERT INTO recipes (
  id, 
  slug, 
  title, 
  original_youtube_link, 
  overview, 
  directions, 
  benefits, 
  protein, 
  carbs, 
  fats, 
  calories, 
  meal_replacement, 
  gluten_free, 
  nut_free, 
  soy_free, 
  caffeine_free, 
  sugar_free,
  diet_type,
  protein_type,
  author_id
) VALUES (
  '37493279-ab83-41cf-aaf8-f3fe88c75269', 
  'name', 
  'Name', 
  NULL, 
  'Overview', 
  ARRAY['Directions'], 
  'Benefits', 
  0, 
  0, 
  0, 
  0, 
  false, 
  false, 
  false, 
  false, 
  false, 
  false,
  ARRAY['Diet Type'],
  ARRAY['Protein Type'],
  '999ee74e-c899-4638-9e1f-bf0366499947'
);

-- Insert recipe ingredients
INSERT INTO recipe_ingredients (recipe_id, ingredient_id, quantity, unit, info)
VALUES ('37493279-ab83-41cf-aaf8-f3fe88c75269', 'b36788fb-efcf-4243-bf80-b8cc2471333c', NULL, NULL, NULL);

-- Add dummy media for recipe
INSERT INTO recipe_media (recipe_id, url, is_main)
VALUES ('37493279-ab83-41cf-aaf8-f3fe88c75269', '/images/recipes/name.jpg', true);

-- Insert recipe: Hydration bomb
INSERT INTO recipes (
  id, 
  slug, 
  title, 
  original_youtube_link, 
  overview, 
  directions, 
  benefits, 
  protein, 
  carbs, 
  fats, 
  calories, 
  meal_replacement, 
  gluten_free, 
  nut_free, 
  soy_free, 
  caffeine_free, 
  sugar_free,
  diet_type,
  protein_type,
  author_id
) VALUES (
  '08735fc5-8098-4bcc-81f5-899bb59839d1', 
  'hydration-bomb', 
  'Hydration bomb', 
  NULL, 
  'This smoothie is a hydration bomb. Great after training or as a part of reconvalescence after sickness or injury. Great for optimal hydration in hot environments.', 
  ARRAY['-        Cut watermelon and pineapple into smaller pieces
-        Open passion fruit and scoop out the pulp
-        Remove stems from lemon balm (use the leaves only)
-        Put all ingredients into a blender, add water and blend well together
-        Serve with a piece of lemon balm on top and enjoy ☺'], 
  'Hydration
Reconvalescence 
after sickness or injury', 
  1.5, 
  22.7, 
  0.4, 
  100.6, 
  false, 
  true, 
  true, 
  true, 
  true, 
  true,
  NULL,
  NULL,
  '999ee74e-c899-4638-9e1f-bf0366499947'
);

-- Associate recipe with category
INSERT INTO recipe_categories (recipe_id, category_id)
VALUES ('08735fc5-8098-4bcc-81f5-899bb59839d1', '994a569f-3284-42d8-babb-6ecd8aab552e');

-- Insert recipe ingredients
INSERT INTO recipe_ingredients (recipe_id, ingredient_id, quantity, unit, info)
VALUES ('08735fc5-8098-4bcc-81f5-899bb59839d1', '5945b47e-b46b-420a-9b5b-f6191709507d', '1', NULL, NULL);
INSERT INTO recipe_ingredients (recipe_id, ingredient_id, quantity, unit, info)
VALUES ('08735fc5-8098-4bcc-81f5-899bb59839d1', 'cadefd24-3a6b-4404-9244-ef93f10bf4f5', '3/4', NULL, NULL);
INSERT INTO recipe_ingredients (recipe_id, ingredient_id, quantity, unit, info)
VALUES ('08735fc5-8098-4bcc-81f5-899bb59839d1', '6c71ed76-e412-4353-8a90-20c234fe2670', '1', NULL, NULL);
INSERT INTO recipe_ingredients (recipe_id, ingredient_id, quantity, unit, info)
VALUES ('08735fc5-8098-4bcc-81f5-899bb59839d1', '3c5daeea-5d39-41ff-bc23-fd2d4278fdd7', '1', NULL, NULL);

-- Insert recipe label
INSERT INTO recipe_labels (recipe_id, label_id)
VALUES ('08735fc5-8098-4bcc-81f5-899bb59839d1', '2f6be597-a0b3-41bc-b67a-a9c872385ebf');

-- Add dummy media for recipe
INSERT INTO recipe_media (recipe_id, url, is_main)
VALUES ('08735fc5-8098-4bcc-81f5-899bb59839d1', '/images/recipes/hydration-bomb.jpg', true);

-- Insert recipe: Piña Colada
INSERT INTO recipes (
  id, 
  slug, 
  title, 
  original_youtube_link, 
  overview, 
  directions, 
  benefits, 
  protein, 
  carbs, 
  fats, 
  calories, 
  meal_replacement, 
  gluten_free, 
  nut_free, 
  soy_free, 
  caffeine_free, 
  sugar_free,
  diet_type,
  protein_type,
  author_id
) VALUES (
  '7019cd7f-83dd-4483-b5d4-91026638df90', 
  'piña-colada', 
  'Piña Colada', 
  NULL, 
  'This smoothie is great for hydration, detoxification and simply to bring a tropical summer vibe into your home.', 
  ARRAY['-        Cut pineapple and mango into smaller pieces
-        Open passion fruit and scoop out the pulp
-        Slice cucumber into round thick slices
-        Put all ingredients into a blender, add coconut water and blend well together
-        Serve with desiccated coconut and one thin cucumber slice on top and enjoy ☺'], 
  'Hydration, 
Detoxification, 
Tropical vibe', 
  2.9, 
  39.6, 
  4.1, 
  216, 
  false, 
  true, 
  true, 
  true, 
  true, 
  true,
  NULL,
  NULL,
  '999ee74e-c899-4638-9e1f-bf0366499947'
);

-- Associate recipe with category
INSERT INTO recipe_categories (recipe_id, category_id)
VALUES ('7019cd7f-83dd-4483-b5d4-91026638df90', '994a569f-3284-42d8-babb-6ecd8aab552e');

-- Insert recipe ingredients
INSERT INTO recipe_ingredients (recipe_id, ingredient_id, quantity, unit, info)
VALUES ('7019cd7f-83dd-4483-b5d4-91026638df90', 'cadefd24-3a6b-4404-9244-ef93f10bf4f5', '1', NULL, NULL);

-- Insert recipe label
INSERT INTO recipe_labels (recipe_id, label_id)
VALUES ('7019cd7f-83dd-4483-b5d4-91026638df90', '58158a8e-684a-4520-b602-e4ee67173bf0');

-- Add dummy media for recipe
INSERT INTO recipe_media (recipe_id, url, is_main)
VALUES ('7019cd7f-83dd-4483-b5d4-91026638df90', '/images/recipes/piña-colada.jpg', true);

-- Insert recipe: Heavy metal detox and Immunity booster
INSERT INTO recipes (
  id, 
  slug, 
  title, 
  original_youtube_link, 
  overview, 
  directions, 
  benefits, 
  protein, 
  carbs, 
  fats, 
  calories, 
  meal_replacement, 
  gluten_free, 
  nut_free, 
  soy_free, 
  caffeine_free, 
  sugar_free,
  diet_type,
  protein_type,
  author_id
) VALUES (
  'af175914-fcbe-4e80-8928-6ec3b0ea226d', 
  'heavy-metal-detox-and-immunity-booster', 
  'Heavy metal detox and Immunity booster', 
  NULL, 
  'This smoothie is amazing immunity booster and inflamation figher as well as support for detoxification.', 
  ARRAY['-        Squeeze couple of oranges or buy a freshly made cold-pressed orange juice 
-        Cut mango, turmeric and ginger into smaller pieces
-        Wash and rinse parsley well and cut it into smaller pieces, remove stalks if you desire 
-        Remove stones from tamarind and cut them into smaller pieces or add 1 teaspoon of tamarind paste instead if you are using that
-        Put all ingredients into a blender, add orange juice and blend well together
-        Serve with grated ginger or turmeric on top and enjoy ☺'], 
  'Anti Inflammatory, 
Detoxification, 
Inflamation fighter', 
  3.4, 
  49.8, 
  1.6, 
  232, 
  true, 
  true, 
  true, 
  true, 
  true, 
  true,
  NULL,
  NULL,
  '999ee74e-c899-4638-9e1f-bf0366499947'
);

-- Associate recipe with category
INSERT INTO recipe_categories (recipe_id, category_id)
VALUES ('af175914-fcbe-4e80-8928-6ec3b0ea226d', 'fafaeebc-8a58-49f7-80cf-eabaedf7ace5');

-- Insert recipe ingredients
INSERT INTO recipe_ingredients (recipe_id, ingredient_id, quantity, unit, info)
VALUES ('af175914-fcbe-4e80-8928-6ec3b0ea226d', '52eaaa52-b3d2-4c80-b962-7b4e243bc5d4', '1/2', NULL, NULL);
INSERT INTO recipe_ingredients (recipe_id, ingredient_id, quantity, unit, info)
VALUES ('af175914-fcbe-4e80-8928-6ec3b0ea226d', '5a6aa35c-a91c-4f83-879b-28f045a230eb', '1/2', NULL, NULL);
INSERT INTO recipe_ingredients (recipe_id, ingredient_id, quantity, unit, info)
VALUES ('af175914-fcbe-4e80-8928-6ec3b0ea226d', 'ec067dc8-ca8d-42b7-a463-d11402ce40a4', '1', NULL, NULL);

-- Insert recipe label
INSERT INTO recipe_labels (recipe_id, label_id)
VALUES ('af175914-fcbe-4e80-8928-6ec3b0ea226d', 'b3ff9938-074d-409f-90af-f744eec91f4a');

-- Add dummy media for recipe
INSERT INTO recipe_media (recipe_id, url, is_main)
VALUES ('af175914-fcbe-4e80-8928-6ec3b0ea226d', '/images/recipes/heavy-metal-detox-and-immunity-booster.jpg', true);

-- Insert recipe: Green Goddess 
INSERT INTO recipes (
  id, 
  slug, 
  title, 
  original_youtube_link, 
  overview, 
  directions, 
  benefits, 
  protein, 
  carbs, 
  fats, 
  calories, 
  meal_replacement, 
  gluten_free, 
  nut_free, 
  soy_free, 
  caffeine_free, 
  sugar_free,
  diet_type,
  protein_type,
  author_id
) VALUES (
  '99216698-d85c-45a3-9ea1-02b7b0f7d374', 
  'green-goddess', 
  'Green Goddess', 
  NULL, 
  'This smoothie is alkalizing, Anti Inflammatory, regulating blood sugar and supportive for diabetes patients', 
  ARRAY['-        Cut bananas, celery and Bok Choy into smaller pieces
-        Make 4 round cucumber slices 
-        Remove skin on Aloe Vera and use the gel inside
-        Put all ingredients into a blender, add fresh coconut water and blend well together
-        Serve with Aloe Vera on top and enjoy ☺'], 
  'Anti Inflammatory, 
Alkalizing, 
Blood sugar regulator', 
  4.1, 
  53.7, 
  1.1, 
  268.5, 
  true, 
  true, 
  true, 
  true, 
  true, 
  true,
  NULL,
  NULL,
  '999ee74e-c899-4638-9e1f-bf0366499947'
);

-- Associate recipe with category
INSERT INTO recipe_categories (recipe_id, category_id)
VALUES ('99216698-d85c-45a3-9ea1-02b7b0f7d374', 'fafaeebc-8a58-49f7-80cf-eabaedf7ace5');

-- Insert recipe ingredients
INSERT INTO recipe_ingredients (recipe_id, ingredient_id, quantity, unit, info)
VALUES ('99216698-d85c-45a3-9ea1-02b7b0f7d374', '33b8e49a-ffb0-4ef9-aeb7-5fc5a4c63aab', '2 1/2', NULL, NULL);
INSERT INTO recipe_ingredients (recipe_id, ingredient_id, quantity, unit, info)
VALUES ('99216698-d85c-45a3-9ea1-02b7b0f7d374', '8566c961-302f-49ba-9664-a44dafbb43cc', '1/2', NULL, NULL);
INSERT INTO recipe_ingredients (recipe_id, ingredient_id, quantity, unit, info)
VALUES ('99216698-d85c-45a3-9ea1-02b7b0f7d374', '02d78b62-e274-464a-8971-c6c9bed59a41', NULL, NULL, NULL);

-- Insert recipe label
INSERT INTO recipe_labels (recipe_id, label_id)
VALUES ('99216698-d85c-45a3-9ea1-02b7b0f7d374', 'f1648ef0-50a3-4802-9422-fd446999b881');

-- Add dummy media for recipe
INSERT INTO recipe_media (recipe_id, url, is_main)
VALUES ('99216698-d85c-45a3-9ea1-02b7b0f7d374', '/images/recipes/green-goddess.jpg', true);

-- Insert recipe: Antioxidant bomb
INSERT INTO recipes (
  id, 
  slug, 
  title, 
  original_youtube_link, 
  overview, 
  directions, 
  benefits, 
  protein, 
  carbs, 
  fats, 
  calories, 
  meal_replacement, 
  gluten_free, 
  nut_free, 
  soy_free, 
  caffeine_free, 
  sugar_free,
  diet_type,
  protein_type,
  author_id
) VALUES (
  'b7d0695c-ebe9-4101-b11c-3fbd6324073b', 
  'antioxidant-bomb', 
  'Antioxidant bomb', 
  NULL, 
  'This smoothie is fullpacked with anti-oxidants as well as high dose of vit. K, supporting blood clotting and building up the bones', 
  ARRAY['-        Cut bananas into smaller pieces
-        Remove stones from dates and cut them into smaller pieces
-        Remove stems from kale and cut or rip the leaves into smaller pieces
-        Put all ingredients into a blender, add frozen blueberries and fresh coconut water and blend well together
-        Serve with cocoa nibs and Goji berries on top and enjoy ☺'], 
  'Antioxidants, 
Blood clotting, 
Bones health', 
  4.6, 
  58.8, 
  3.8, 
  305.1, 
  true, 
  true, 
  true, 
  true, 
  true, 
  true,
  NULL,
  NULL,
  '999ee74e-c899-4638-9e1f-bf0366499947'
);

-- Associate recipe with category
INSERT INTO recipe_categories (recipe_id, category_id)
VALUES ('b7d0695c-ebe9-4101-b11c-3fbd6324073b', 'bca71640-c702-40d4-b51e-21d53b9b7d92');

-- Insert recipe ingredients
INSERT INTO recipe_ingredients (recipe_id, ingredient_id, quantity, unit, info)
VALUES ('b7d0695c-ebe9-4101-b11c-3fbd6324073b', '33b8e49a-ffb0-4ef9-aeb7-5fc5a4c63aab', '1 1/2', NULL, NULL);
INSERT INTO recipe_ingredients (recipe_id, ingredient_id, quantity, unit, info)
VALUES ('b7d0695c-ebe9-4101-b11c-3fbd6324073b', 'fec5163a-ba35-4394-bc8e-900fe73aff6f', NULL, NULL, NULL);

-- Insert recipe label
INSERT INTO recipe_labels (recipe_id, label_id)
VALUES ('b7d0695c-ebe9-4101-b11c-3fbd6324073b', 'ee0adc14-955a-4da3-b42d-55565b179fa0');

-- Add dummy media for recipe
INSERT INTO recipe_media (recipe_id, url, is_main)
VALUES ('b7d0695c-ebe9-4101-b11c-3fbd6324073b', '/images/recipes/antioxidant-bomb.jpg', true);

-- Insert recipe: Dragon fruit Cream
INSERT INTO recipes (
  id, 
  slug, 
  title, 
  original_youtube_link, 
  overview, 
  directions, 
  benefits, 
  protein, 
  carbs, 
  fats, 
  calories, 
  meal_replacement, 
  gluten_free, 
  nut_free, 
  soy_free, 
  caffeine_free, 
  sugar_free,
  diet_type,
  protein_type,
  author_id
) VALUES (
  'd3ba3af1-c2db-4d4c-b128-2c250cfe257a', 
  'dragon-fruit-cream', 
  'Dragon fruit Cream', 
  NULL, 
  'Amazing ,,nice cream,, (a vegan ice-cream). Meal replacement. Gut and liver support. An iron bomb. Reduces anxiety and can prevent cancer.', 
  ARRAY['-        Cut bananas and dragon fruit into smaller pieces
-        Remove stones from dates and cut them into smaller pieces
-        Put all ingredients into a blender, add Goji berries and fresh coconut water and blend well together 
-        Add water little by little ! We wanna create an ,,ice-cream consistence,, not a watery smoothie
-        Serve with cocoa nibs and dried Goji berries on top and enjoy ☺'], 
  'Gut and liver health, 
Iron rich, 
Reduces anxiety', 
  7.1, 
  62.3, 
  4.2, 
  333.5, 
  true, 
  true, 
  true, 
  true, 
  true, 
  true,
  NULL,
  NULL,
  '999ee74e-c899-4638-9e1f-bf0366499947'
);

-- Associate recipe with category
INSERT INTO recipe_categories (recipe_id, category_id)
VALUES ('d3ba3af1-c2db-4d4c-b128-2c250cfe257a', 'bca71640-c702-40d4-b51e-21d53b9b7d92');

-- Insert recipe ingredients
INSERT INTO recipe_ingredients (recipe_id, ingredient_id, quantity, unit, info)
VALUES ('d3ba3af1-c2db-4d4c-b128-2c250cfe257a', '33b8e49a-ffb0-4ef9-aeb7-5fc5a4c63aab', '1 1/2', NULL, NULL);
INSERT INTO recipe_ingredients (recipe_id, ingredient_id, quantity, unit, info)
VALUES ('d3ba3af1-c2db-4d4c-b128-2c250cfe257a', 'db979b68-288f-4558-83d5-a8a2fe5e1d5d', '2', NULL, NULL);
INSERT INTO recipe_ingredients (recipe_id, ingredient_id, quantity, unit, info)
VALUES ('d3ba3af1-c2db-4d4c-b128-2c250cfe257a', '53dc03ec-dc34-479c-a2db-4e7231c624ca', NULL, NULL, NULL);

-- Insert recipe label
INSERT INTO recipe_labels (recipe_id, label_id)
VALUES ('d3ba3af1-c2db-4d4c-b128-2c250cfe257a', '53e43aae-b400-4a7d-884c-213a5cb4913c');

-- Add dummy media for recipe
INSERT INTO recipe_media (recipe_id, url, is_main)
VALUES ('d3ba3af1-c2db-4d4c-b128-2c250cfe257a', '/images/recipes/dragon-fruit-cream.jpg', true);

-- Insert recipe: Acai-mulberry smoothie
INSERT INTO recipes (
  id, 
  slug, 
  title, 
  original_youtube_link, 
  overview, 
  directions, 
  benefits, 
  protein, 
  carbs, 
  fats, 
  calories, 
  meal_replacement, 
  gluten_free, 
  nut_free, 
  soy_free, 
  caffeine_free, 
  sugar_free,
  diet_type,
  protein_type,
  author_id
) VALUES (
  'a9eae753-0299-41a8-a736-89441809b6d0', 
  'acai-mulberry-smoothie', 
  'Acai-mulberry smoothie', 
  NULL, 
  'This smoothie helps to regulate digestion, supports brain health and strengthens immune system.', 
  ARRAY['- Cut bananas and kale into smaller pieces, remove stems from kale. 
  - Remove stones from dates and cut them into smaller pieces. 
  - Put banans, kale, dates, acai and mulberries into a blender. 
  - Blend well together. 
  - Serve with mulberries on top and enjoy ☺'], 
  'Digestion. Braiin health. Immunity. Prevents Cold and Flu.', 
  5.6, 
  67.4, 
  7.1, 
  319.6, 
  true, 
  true, 
  true, 
  true, 
  true, 
  false,
  NULL,
  NULL,
  '999ee74e-c899-4638-9e1f-bf0366499947'
);

-- Associate recipe with category
INSERT INTO recipe_categories (recipe_id, category_id)
VALUES ('a9eae753-0299-41a8-a736-89441809b6d0', 'bca71640-c702-40d4-b51e-21d53b9b7d92');

-- Insert recipe ingredients
INSERT INTO recipe_ingredients (recipe_id, ingredient_id, quantity, unit, info)
VALUES ('a9eae753-0299-41a8-a736-89441809b6d0', '33b8e49a-ffb0-4ef9-aeb7-5fc5a4c63aab', '1 1/2', NULL, NULL);
INSERT INTO recipe_ingredients (recipe_id, ingredient_id, quantity, unit, info)
VALUES ('a9eae753-0299-41a8-a736-89441809b6d0', 'cc6e68ee-1a65-4b60-a7b4-91211431d367', '2', NULL, NULL);
INSERT INTO recipe_ingredients (recipe_id, ingredient_id, quantity, unit, info)
VALUES ('a9eae753-0299-41a8-a736-89441809b6d0', '7e92f8e3-f520-43bc-badd-b159c2973dd6', '2', NULL, NULL);
INSERT INTO recipe_ingredients (recipe_id, ingredient_id, quantity, unit, info)
VALUES ('a9eae753-0299-41a8-a736-89441809b6d0', '009fc4ce-4626-400e-9b34-6f37527707d2', '1', NULL, NULL);

-- Insert recipe label
INSERT INTO recipe_labels (recipe_id, label_id)
VALUES ('a9eae753-0299-41a8-a736-89441809b6d0', 'd4dab8aa-2834-4c54-ad34-46e8fe272059');

-- Add dummy media for recipe
INSERT INTO recipe_media (recipe_id, url, is_main)
VALUES ('a9eae753-0299-41a8-a736-89441809b6d0', '/images/recipes/acai-mulberry-smoothie.jpg', true);

-- Insert recipe: Sweet Potato Pie
INSERT INTO recipes (
  id, 
  slug, 
  title, 
  original_youtube_link, 
  overview, 
  directions, 
  benefits, 
  protein, 
  carbs, 
  fats, 
  calories, 
  meal_replacement, 
  gluten_free, 
  nut_free, 
  soy_free, 
  caffeine_free, 
  sugar_free,
  diet_type,
  protein_type,
  author_id
) VALUES (
  '6d318465-9396-4c50-8b37-991fe2bf0c28', 
  'sweet-potato-pie', 
  'Sweet Potato Pie', 
  NULL, 
  'Fall into the season with this healthy and delicious sweet potato pie smoothie, high in fiber, protein, and vitamin A!', 
  ARRAY['Combine all ingredients in a blender. Add more ice or water to reach the desired consistency.'], 
  'Energy', 
  31.4, 
  68.7, 
  13.1, 
  498, 
  true, 
  true, 
  true, 
  true, 
  true, 
  false,
  ARRAY['Plant Based'],
  ARRAY['Plant Based'],
  '999ee74e-c899-4638-9e1f-bf0366499947'
);

-- Associate recipe with category
INSERT INTO recipe_categories (recipe_id, category_id)
VALUES ('6d318465-9396-4c50-8b37-991fe2bf0c28', '2b6fb45a-c9b1-4bb7-ad76-5cd70b3709f4');

-- Insert recipe ingredients
INSERT INTO recipe_ingredients (recipe_id, ingredient_id, quantity, unit, info)
VALUES ('6d318465-9396-4c50-8b37-991fe2bf0c28', '27346cb1-431f-4035-9050-ffada3d89d42', '1', NULL, NULL);
INSERT INTO recipe_ingredients (recipe_id, ingredient_id, quantity, unit, info)
VALUES ('6d318465-9396-4c50-8b37-991fe2bf0c28', '82a9a2f7-a0e3-4c6f-9a94-057b65814a4d', NULL, NULL, NULL);
INSERT INTO recipe_ingredients (recipe_id, ingredient_id, quantity, unit, info)
VALUES ('6d318465-9396-4c50-8b37-991fe2bf0c28', '3ad0940f-24a4-420a-9790-7d48e83b7d92', NULL, NULL, NULL);
INSERT INTO recipe_ingredients (recipe_id, ingredient_id, quantity, unit, info)
VALUES ('6d318465-9396-4c50-8b37-991fe2bf0c28', '5ea796d6-5430-4af4-863e-6d00b29b10d3', '1', NULL, NULL);
INSERT INTO recipe_ingredients (recipe_id, ingredient_id, quantity, unit, info)
VALUES ('6d318465-9396-4c50-8b37-991fe2bf0c28', 'ff10e974-6c12-4d82-9e03-6fbe26f6d204', NULL, NULL, NULL);
INSERT INTO recipe_ingredients (recipe_id, ingredient_id, quantity, unit, info)
VALUES ('6d318465-9396-4c50-8b37-991fe2bf0c28', '1c104b5f-aced-4932-b99c-82594142b2bf', '1', NULL, NULL);
INSERT INTO recipe_ingredients (recipe_id, ingredient_id, quantity, unit, info)
VALUES ('6d318465-9396-4c50-8b37-991fe2bf0c28', '2ed0a644-e436-4faf-b278-732a82f447af', '1', NULL, NULL);
INSERT INTO recipe_ingredients (recipe_id, ingredient_id, quantity, unit, info)
VALUES ('6d318465-9396-4c50-8b37-991fe2bf0c28', '0714bb59-0d3d-44ba-8a8c-edcc202a5345', '1', NULL, NULL);
INSERT INTO recipe_ingredients (recipe_id, ingredient_id, quantity, unit, info)
VALUES ('6d318465-9396-4c50-8b37-991fe2bf0c28', '2bcfd1cf-07c6-471c-bf1e-0d079b17898f', NULL, NULL, NULL);

-- Insert recipe label
INSERT INTO recipe_labels (recipe_id, label_id)
VALUES ('6d318465-9396-4c50-8b37-991fe2bf0c28', '910a6bd6-afcd-476f-a88c-09ecdab6e75f');

-- Add dummy media for recipe
INSERT INTO recipe_media (recipe_id, url, is_main)
VALUES ('6d318465-9396-4c50-8b37-991fe2bf0c28', '/images/recipes/sweet-potato-pie.jpg', true);

-- Insert recipe: Sweet Peach
INSERT INTO recipes (
  id, 
  slug, 
  title, 
  original_youtube_link, 
  overview, 
  directions, 
  benefits, 
  protein, 
  carbs, 
  fats, 
  calories, 
  meal_replacement, 
  gluten_free, 
  nut_free, 
  soy_free, 
  caffeine_free, 
  sugar_free,
  diet_type,
  protein_type,
  author_id
) VALUES (
  '9db516e6-1dd5-4224-b61b-8cdc6b921ba4', 
  'sweet-peach', 
  'Sweet Peach', 
  NULL, 
  'This smoothie is filled with supefoods that are not only so delicious, but full of healthy nutrients to keep you energized all day long!', 
  ARRAY['Combine all ingredients in a blender. Add more ice or water to reach the desired consistency.'], 
  'Energy', 
  17.7, 
  42.2, 
  6, 
  275, 
  false, 
  true, 
  false, 
  true, 
  true, 
  true,
  ARRAY['Vegan'],
  ARRAY['Plant Based'],
  '999ee74e-c899-4638-9e1f-bf0366499947'
);

-- Associate recipe with category
INSERT INTO recipe_categories (recipe_id, category_id)
VALUES ('9db516e6-1dd5-4224-b61b-8cdc6b921ba4', 'ef47dd4a-92a9-4fef-80e9-26bced577583');

-- Insert recipe ingredients
INSERT INTO recipe_ingredients (recipe_id, ingredient_id, quantity, unit, info)
VALUES ('9db516e6-1dd5-4224-b61b-8cdc6b921ba4', '3d93b988-3309-42f4-9137-3557ce797044', NULL, NULL, NULL);
INSERT INTO recipe_ingredients (recipe_id, ingredient_id, quantity, unit, info)
VALUES ('9db516e6-1dd5-4224-b61b-8cdc6b921ba4', '15edf6be-c8d1-4306-b1ce-03e19864c37f', '1', NULL, NULL);
INSERT INTO recipe_ingredients (recipe_id, ingredient_id, quantity, unit, info)
VALUES ('9db516e6-1dd5-4224-b61b-8cdc6b921ba4', 'dd133b80-a695-4e68-9c9b-ce2548ed4c7a', '1/2', NULL, NULL);
INSERT INTO recipe_ingredients (recipe_id, ingredient_id, quantity, unit, info)
VALUES ('9db516e6-1dd5-4224-b61b-8cdc6b921ba4', 'f2f9530b-e92f-40e4-85fe-bd502dd10dc3', '1', NULL, NULL);
INSERT INTO recipe_ingredients (recipe_id, ingredient_id, quantity, unit, info)
VALUES ('9db516e6-1dd5-4224-b61b-8cdc6b921ba4', 'bd82b519-cac2-4d68-b7df-261d5aef4635', '1/2', NULL, NULL);
INSERT INTO recipe_ingredients (recipe_id, ingredient_id, quantity, unit, info)
VALUES ('9db516e6-1dd5-4224-b61b-8cdc6b921ba4', '72e33646-22c7-40ca-befc-62877d4ed626', '1', NULL, NULL);
INSERT INTO recipe_ingredients (recipe_id, ingredient_id, quantity, unit, info)
VALUES ('9db516e6-1dd5-4224-b61b-8cdc6b921ba4', '8b2232bc-897f-4fdc-94e4-5180c0bfd30a', '1', NULL, NULL);
INSERT INTO recipe_ingredients (recipe_id, ingredient_id, quantity, unit, info)
VALUES ('9db516e6-1dd5-4224-b61b-8cdc6b921ba4', '2bcfd1cf-07c6-471c-bf1e-0d079b17898f', NULL, NULL, NULL);

-- Insert recipe label
INSERT INTO recipe_labels (recipe_id, label_id)
VALUES ('9db516e6-1dd5-4224-b61b-8cdc6b921ba4', '910a6bd6-afcd-476f-a88c-09ecdab6e75f');

-- Add dummy media for recipe
INSERT INTO recipe_media (recipe_id, url, is_main)
VALUES ('9db516e6-1dd5-4224-b61b-8cdc6b921ba4', '/images/recipes/sweet-peach.jpg', true);

-- Insert recipe: Veggie Apple Smoothie
INSERT INTO recipes (
  id, 
  slug, 
  title, 
  original_youtube_link, 
  overview, 
  directions, 
  benefits, 
  protein, 
  carbs, 
  fats, 
  calories, 
  meal_replacement, 
  gluten_free, 
  nut_free, 
  soy_free, 
  caffeine_free, 
  sugar_free,
  diet_type,
  protein_type,
  author_id
) VALUES (
  '53c93766-7a3b-487a-bf19-49a7c22baa99', 
  'veggie-apple-smoothie', 
  'Veggie Apple Smoothie', 
  NULL, 
  'This delicious and fresh smoothie will kickstart your morning! With lots of vitamin C and iron, you’re sure to start the day right with this one.', 
  ARRAY['Combine all ingredients in a blender. Add more ice or water to reach the desired consistency.'], 
  'Appearance', 
  3.9, 
  37.9, 
  0.72, 
  153, 
  false, 
  true, 
  true, 
  true, 
  true, 
  true,
  ARRAY['Vegan'],
  ARRAY['Plant Based'],
  '999ee74e-c899-4638-9e1f-bf0366499947'
);

-- Associate recipe with category
INSERT INTO recipe_categories (recipe_id, category_id)
VALUES ('53c93766-7a3b-487a-bf19-49a7c22baa99', 'fafaeebc-8a58-49f7-80cf-eabaedf7ace5');

-- Insert recipe ingredients
INSERT INTO recipe_ingredients (recipe_id, ingredient_id, quantity, unit, info)
VALUES ('53c93766-7a3b-487a-bf19-49a7c22baa99', '0c18fdfa-f452-47c7-855e-ea21a703206b', '1', NULL, NULL);
INSERT INTO recipe_ingredients (recipe_id, ingredient_id, quantity, unit, info)
VALUES ('53c93766-7a3b-487a-bf19-49a7c22baa99', '4080f5ca-30e1-421b-9b7b-29082db322b6', NULL, NULL, NULL);
INSERT INTO recipe_ingredients (recipe_id, ingredient_id, quantity, unit, info)
VALUES ('53c93766-7a3b-487a-bf19-49a7c22baa99', '534e3009-f195-4d94-88e2-969781e1aee4', '1', NULL, NULL);
INSERT INTO recipe_ingredients (recipe_id, ingredient_id, quantity, unit, info)
VALUES ('53c93766-7a3b-487a-bf19-49a7c22baa99', '4e7a0745-28ff-4976-acf1-d8d27a45f0ca', NULL, NULL, NULL);
INSERT INTO recipe_ingredients (recipe_id, ingredient_id, quantity, unit, info)
VALUES ('53c93766-7a3b-487a-bf19-49a7c22baa99', 'd70b0945-fffa-4d16-b330-6b2efe1cde3c', NULL, NULL, NULL);
INSERT INTO recipe_ingredients (recipe_id, ingredient_id, quantity, unit, info)
VALUES ('53c93766-7a3b-487a-bf19-49a7c22baa99', 'c9056f98-f7e5-4a6d-9dff-0edd25e45351', '1', NULL, NULL);
INSERT INTO recipe_ingredients (recipe_id, ingredient_id, quantity, unit, info)
VALUES ('53c93766-7a3b-487a-bf19-49a7c22baa99', 'a2b8e28d-ab50-4441-9a3a-a4adaeb6f51e', NULL, NULL, NULL);
INSERT INTO recipe_ingredients (recipe_id, ingredient_id, quantity, unit, info)
VALUES ('53c93766-7a3b-487a-bf19-49a7c22baa99', '2e234779-a3c9-440d-b2a8-eb1d4234d2b8', '1', NULL, NULL);
INSERT INTO recipe_ingredients (recipe_id, ingredient_id, quantity, unit, info)
VALUES ('53c93766-7a3b-487a-bf19-49a7c22baa99', 'a2b8e28d-ab50-4441-9a3a-a4adaeb6f51e', NULL, NULL, NULL);
INSERT INTO recipe_ingredients (recipe_id, ingredient_id, quantity, unit, info)
VALUES ('53c93766-7a3b-487a-bf19-49a7c22baa99', '2bcfd1cf-07c6-471c-bf1e-0d079b17898f', NULL, NULL, NULL);
INSERT INTO recipe_ingredients (recipe_id, ingredient_id, quantity, unit, info)
VALUES ('53c93766-7a3b-487a-bf19-49a7c22baa99', '8d5f089a-4bb4-43a3-8656-b5dd54521246', NULL, NULL, NULL);

-- Insert recipe label
INSERT INTO recipe_labels (recipe_id, label_id)
VALUES ('53c93766-7a3b-487a-bf19-49a7c22baa99', '0bba0cc1-602c-4387-877d-5281d5e5d4ff');

-- Add dummy media for recipe
INSERT INTO recipe_media (recipe_id, url, is_main)
VALUES ('53c93766-7a3b-487a-bf19-49a7c22baa99', '/images/recipes/veggie-apple-smoothie.jpg', true);

-- Insert recipe: Watermelon Sunrise
INSERT INTO recipes (
  id, 
  slug, 
  title, 
  original_youtube_link, 
  overview, 
  directions, 
  benefits, 
  protein, 
  carbs, 
  fats, 
  calories, 
  meal_replacement, 
  gluten_free, 
  nut_free, 
  soy_free, 
  caffeine_free, 
  sugar_free,
  diet_type,
  protein_type,
  author_id
) VALUES (
  '04a51f6d-54f8-4a70-8784-19d160927fe4', 
  'watermelon-sunrise', 
  'Watermelon Sunrise', 
  NULL, 
  'Get hydrated with this watermelon and strawberry smoothie- perfect after your next workout!', 
  ARRAY['Combine all ingredients in a blender. Add more ice or water to reach the desired consistency.'], 
  'Energy', 
  16.7, 
  34.6, 
  6.1, 
  249, 
  false, 
  true, 
  true, 
  true, 
  true, 
  true,
  ARRAY['Paleo'],
  ARRAY['Plant Based'],
  '999ee74e-c899-4638-9e1f-bf0366499947'
);

-- Associate recipe with category
INSERT INTO recipe_categories (recipe_id, category_id)
VALUES ('04a51f6d-54f8-4a70-8784-19d160927fe4', '2ee93ab6-ef51-40a2-8532-1445338d2051');

-- Insert recipe ingredients
INSERT INTO recipe_ingredients (recipe_id, ingredient_id, quantity, unit, info)
VALUES ('04a51f6d-54f8-4a70-8784-19d160927fe4', 'aa92083f-3024-4a87-89eb-aa476a7fdf0e', '1/2', NULL, NULL);
INSERT INTO recipe_ingredients (recipe_id, ingredient_id, quantity, unit, info)
VALUES ('04a51f6d-54f8-4a70-8784-19d160927fe4', '8c5b0e6c-90ca-45a8-ad0d-8ae1989f5bf1', '1/2', NULL, NULL);
INSERT INTO recipe_ingredients (recipe_id, ingredient_id, quantity, unit, info)
VALUES ('04a51f6d-54f8-4a70-8784-19d160927fe4', '958d1992-f49e-4dbf-b909-e2ba3798c1d1', '1', NULL, NULL);
INSERT INTO recipe_ingredients (recipe_id, ingredient_id, quantity, unit, info)
VALUES ('04a51f6d-54f8-4a70-8784-19d160927fe4', 'bd887c7f-8d75-4138-ab03-10590ae88070', '1', NULL, NULL);
INSERT INTO recipe_ingredients (recipe_id, ingredient_id, quantity, unit, info)
VALUES ('04a51f6d-54f8-4a70-8784-19d160927fe4', '8dff8ca5-82d9-46c0-9be4-5ba75dc0b2f1', '1', NULL, NULL);
INSERT INTO recipe_ingredients (recipe_id, ingredient_id, quantity, unit, info)
VALUES ('04a51f6d-54f8-4a70-8784-19d160927fe4', '8b55b575-d43b-4bd7-8860-723d79bd83b7', '1/2', NULL, NULL);
INSERT INTO recipe_ingredients (recipe_id, ingredient_id, quantity, unit, info)
VALUES ('04a51f6d-54f8-4a70-8784-19d160927fe4', 'c03083ce-c086-4801-a773-4c90dd3608ff', '1/2', NULL, NULL);

-- Insert recipe label
INSERT INTO recipe_labels (recipe_id, label_id)
VALUES ('04a51f6d-54f8-4a70-8784-19d160927fe4', '910a6bd6-afcd-476f-a88c-09ecdab6e75f');

-- Add dummy media for recipe
INSERT INTO recipe_media (recipe_id, url, is_main)
VALUES ('04a51f6d-54f8-4a70-8784-19d160927fe4', '/images/recipes/watermelon-sunrise.jpg', true);

-- Insert recipe: Raspberry Chia Smoothie 
INSERT INTO recipes (
  id, 
  slug, 
  title, 
  original_youtube_link, 
  overview, 
  directions, 
  benefits, 
  protein, 
  carbs, 
  fats, 
  calories, 
  meal_replacement, 
  gluten_free, 
  nut_free, 
  soy_free, 
  caffeine_free, 
  sugar_free,
  diet_type,
  protein_type,
  author_id
) VALUES (
  '3c88315f-6cb4-4404-8ff8-864e2c5b5891', 
  'raspberry-chia-smoothie', 
  'Raspberry Chia Smoothie', 
  NULL, 
  'This pinky red shake is high in vitamins, minerals, and fiber; a perfect way to fill you up any time!', 
  ARRAY['Combine all ingredients in a blender. Add more ice or water to reach the desired consistency.'], 
  'Muscle', 
  31.4, 
  70.6, 
  22.1, 
  572, 
  true, 
  true, 
  true, 
  true, 
  true, 
  true,
  ARRAY['Plant Based'],
  ARRAY['Plant Based'],
  '999ee74e-c899-4638-9e1f-bf0366499947'
);

-- Associate recipe with category
INSERT INTO recipe_categories (recipe_id, category_id)
VALUES ('3c88315f-6cb4-4404-8ff8-864e2c5b5891', '2b6fb45a-c9b1-4bb7-ad76-5cd70b3709f4');

-- Insert recipe ingredients
INSERT INTO recipe_ingredients (recipe_id, ingredient_id, quantity, unit, info)
VALUES ('3c88315f-6cb4-4404-8ff8-864e2c5b5891', '349bc500-2bf1-4c7c-9f77-8079ae264c54', '1', NULL, NULL);
INSERT INTO recipe_ingredients (recipe_id, ingredient_id, quantity, unit, info)
VALUES ('3c88315f-6cb4-4404-8ff8-864e2c5b5891', '0a41c92e-06dc-42a0-b7b3-045ec8095af2', '1', NULL, NULL);
INSERT INTO recipe_ingredients (recipe_id, ingredient_id, quantity, unit, info)
VALUES ('3c88315f-6cb4-4404-8ff8-864e2c5b5891', '38341cd3-c4d9-4ad4-8b4a-d78e6a48e67a', '1/2', NULL, NULL);
INSERT INTO recipe_ingredients (recipe_id, ingredient_id, quantity, unit, info)
VALUES ('3c88315f-6cb4-4404-8ff8-864e2c5b5891', 'bd887c7f-8d75-4138-ab03-10590ae88070', '1', NULL, NULL);
INSERT INTO recipe_ingredients (recipe_id, ingredient_id, quantity, unit, info)
VALUES ('3c88315f-6cb4-4404-8ff8-864e2c5b5891', 'dd998801-54db-4e22-8e6a-f26e0bbe6491', '1', NULL, NULL);
INSERT INTO recipe_ingredients (recipe_id, ingredient_id, quantity, unit, info)
VALUES ('3c88315f-6cb4-4404-8ff8-864e2c5b5891', 'c20bdd4f-e0c9-4b48-978b-8d773d90710a', '1', NULL, NULL);
INSERT INTO recipe_ingredients (recipe_id, ingredient_id, quantity, unit, info)
VALUES ('3c88315f-6cb4-4404-8ff8-864e2c5b5891', 'c03083ce-c086-4801-a773-4c90dd3608ff', '1/2', NULL, NULL);

-- Insert recipe label
INSERT INTO recipe_labels (recipe_id, label_id)
VALUES ('3c88315f-6cb4-4404-8ff8-864e2c5b5891', 'b225f952-e95c-44fe-87fb-09c0bdbfbd83');

-- Add dummy media for recipe
INSERT INTO recipe_media (recipe_id, url, is_main)
VALUES ('3c88315f-6cb4-4404-8ff8-864e2c5b5891', '/images/recipes/raspberry-chia-smoothie.jpg', true);

-- Insert recipe: Cherry Garcia
INSERT INTO recipes (
  id, 
  slug, 
  title, 
  original_youtube_link, 
  overview, 
  directions, 
  benefits, 
  protein, 
  carbs, 
  fats, 
  calories, 
  meal_replacement, 
  gluten_free, 
  nut_free, 
  soy_free, 
  caffeine_free, 
  sugar_free,
  diet_type,
  protein_type,
  author_id
) VALUES (
  '2da45164-0a33-4382-bbf3-dec203b11fb1', 
  'cherry-garcia', 
  'Cherry Garcia', 
  NULL, 
  'Everyone''s favorite ice cream flavor can now be had as a healthy, vitamin A-rich smoothie!', 
  ARRAY['Combine all ingredients in a blender. Add more ice or water to reach the desired consistency.'], 
  'Muscle', 
  30.2, 
  30.1, 
  24.5, 
  450, 
  true, 
  true, 
  true, 
  true, 
  true, 
  true,
  ARRAY['Keto'],
  ARRAY['Whey Protein'],
  '999ee74e-c899-4638-9e1f-bf0366499947'
);

-- Associate recipe with category
INSERT INTO recipe_categories (recipe_id, category_id)
VALUES ('2da45164-0a33-4382-bbf3-dec203b11fb1', '2b6fb45a-c9b1-4bb7-ad76-5cd70b3709f4');

-- Insert recipe ingredients
INSERT INTO recipe_ingredients (recipe_id, ingredient_id, quantity, unit, info)
VALUES ('2da45164-0a33-4382-bbf3-dec203b11fb1', '4b55b20f-af32-441e-a2ad-a9a86be5829a', '1/2', NULL, NULL);
INSERT INTO recipe_ingredients (recipe_id, ingredient_id, quantity, unit, info)
VALUES ('2da45164-0a33-4382-bbf3-dec203b11fb1', '37e6ff62-f56a-464a-a928-42558e3999f8', '1/2', NULL, NULL);
INSERT INTO recipe_ingredients (recipe_id, ingredient_id, quantity, unit, info)
VALUES ('2da45164-0a33-4382-bbf3-dec203b11fb1', 'd54c6788-c4d4-499f-8291-dd3f5e0e7b06', '2', NULL, NULL);
INSERT INTO recipe_ingredients (recipe_id, ingredient_id, quantity, unit, info)
VALUES ('2da45164-0a33-4382-bbf3-dec203b11fb1', '3b4c5896-19d6-4d91-b4eb-b865dc992554', '1', NULL, NULL);
INSERT INTO recipe_ingredients (recipe_id, ingredient_id, quantity, unit, info)
VALUES ('2da45164-0a33-4382-bbf3-dec203b11fb1', 'bd887c7f-8d75-4138-ab03-10590ae88070', '1', NULL, NULL);
INSERT INTO recipe_ingredients (recipe_id, ingredient_id, quantity, unit, info)
VALUES ('2da45164-0a33-4382-bbf3-dec203b11fb1', '0d5d30d4-5bec-4e6b-8860-39498c89a0bb', '1', NULL, NULL);
INSERT INTO recipe_ingredients (recipe_id, ingredient_id, quantity, unit, info)
VALUES ('2da45164-0a33-4382-bbf3-dec203b11fb1', '176b2ad8-5f61-40ef-8e81-565585ac9ddd', '1/2', NULL, NULL);

-- Insert recipe label
INSERT INTO recipe_labels (recipe_id, label_id)
VALUES ('2da45164-0a33-4382-bbf3-dec203b11fb1', 'b225f952-e95c-44fe-87fb-09c0bdbfbd83');

-- Add dummy media for recipe
INSERT INTO recipe_media (recipe_id, url, is_main)
VALUES ('2da45164-0a33-4382-bbf3-dec203b11fb1', '/images/recipes/cherry-garcia.jpg', true);

-- Insert recipe: Creamy Cherry Shake
INSERT INTO recipes (
  id, 
  slug, 
  title, 
  original_youtube_link, 
  overview, 
  directions, 
  benefits, 
  protein, 
  carbs, 
  fats, 
  calories, 
  meal_replacement, 
  gluten_free, 
  nut_free, 
  soy_free, 
  caffeine_free, 
  sugar_free,
  diet_type,
  protein_type,
  author_id
) VALUES (
  '64e98979-70a8-4c68-ac6e-8fafec69c005', 
  'creamy-cherry-shake', 
  'Creamy Cherry Shake', 
  NULL, 
  'This healthy and creamy cherry shake recipe is perfect for the summer. It''s high in protein and vitamins!', 
  ARRAY['Combine all ingredients in a blender. Add more ice or water to reach the desired consistency.'], 
  'Muscle', 
  35.2, 
  10.3, 
  10.2, 
  254, 
  false, 
  true, 
  true, 
  true, 
  true, 
  true,
  ARRAY['Paleo'],
  ARRAY['Plant Based'],
  '999ee74e-c899-4638-9e1f-bf0366499947'
);

-- Associate recipe with category
INSERT INTO recipe_categories (recipe_id, category_id)
VALUES ('64e98979-70a8-4c68-ac6e-8fafec69c005', '994a569f-3284-42d8-babb-6ecd8aab552e');

-- Insert recipe ingredients
INSERT INTO recipe_ingredients (recipe_id, ingredient_id, quantity, unit, info)
VALUES ('64e98979-70a8-4c68-ac6e-8fafec69c005', '34a58f0b-9c1b-487b-af2d-2bb4fad0d4db', '1/3', NULL, NULL);
INSERT INTO recipe_ingredients (recipe_id, ingredient_id, quantity, unit, info)
VALUES ('64e98979-70a8-4c68-ac6e-8fafec69c005', '5ca4feb1-18be-47c7-a5ff-db5e3f36daf6', '1/3', NULL, NULL);
INSERT INTO recipe_ingredients (recipe_id, ingredient_id, quantity, unit, info)
VALUES ('64e98979-70a8-4c68-ac6e-8fafec69c005', '2d337b6b-ef5d-4584-806b-bb20032a0b28', '1/2', NULL, NULL);
INSERT INTO recipe_ingredients (recipe_id, ingredient_id, quantity, unit, info)
VALUES ('64e98979-70a8-4c68-ac6e-8fafec69c005', '37e6ff62-f56a-464a-a928-42558e3999f8', '1/2', NULL, NULL);
INSERT INTO recipe_ingredients (recipe_id, ingredient_id, quantity, unit, info)
VALUES ('64e98979-70a8-4c68-ac6e-8fafec69c005', 'c20bdd4f-e0c9-4b48-978b-8d773d90710a', '1', NULL, NULL);

-- Insert recipe label
INSERT INTO recipe_labels (recipe_id, label_id)
VALUES ('64e98979-70a8-4c68-ac6e-8fafec69c005', 'b225f952-e95c-44fe-87fb-09c0bdbfbd83');

-- Add dummy media for recipe
INSERT INTO recipe_media (recipe_id, url, is_main)
VALUES ('64e98979-70a8-4c68-ac6e-8fafec69c005', '/images/recipes/creamy-cherry-shake.jpg', true);

-- Insert recipe: Mint Green Smoothie
INSERT INTO recipes (
  id, 
  slug, 
  title, 
  original_youtube_link, 
  overview, 
  directions, 
  benefits, 
  protein, 
  carbs, 
  fats, 
  calories, 
  meal_replacement, 
  gluten_free, 
  nut_free, 
  soy_free, 
  caffeine_free, 
  sugar_free,
  diet_type,
  protein_type,
  author_id
) VALUES (
  '450c8385-c05d-4fdf-806c-667eed34958e', 
  'mint-green-smoothie', 
  'Mint Green Smoothie', 
  NULL, 
  'This is a refreshing and healthy smoothie recipe that you can make in the morning to start your day off right.', 
  ARRAY['Combine all ingredients in a blender. Add more ice or water to reach the desired consistency.'], 
  'Weight', 
  17.3, 
  33.6, 
  0.6, 
  204, 
  false, 
  true, 
  true, 
  true, 
  true, 
  true,
  ARRAY['Whole 30'],
  ARRAY['Rice Protein'],
  '999ee74e-c899-4638-9e1f-bf0366499947'
);

-- Associate recipe with category
INSERT INTO recipe_categories (recipe_id, category_id)
VALUES ('450c8385-c05d-4fdf-806c-667eed34958e', '994a569f-3284-42d8-babb-6ecd8aab552e');

-- Insert recipe ingredients
INSERT INTO recipe_ingredients (recipe_id, ingredient_id, quantity, unit, info)
VALUES ('450c8385-c05d-4fdf-806c-667eed34958e', 'd2713795-db5a-4e97-a510-e6ab8f7b45c4', '1/2', NULL, NULL);
INSERT INTO recipe_ingredients (recipe_id, ingredient_id, quantity, unit, info)
VALUES ('450c8385-c05d-4fdf-806c-667eed34958e', '3850f4b7-6b9c-4702-987c-640ceca4f905', '1/3', NULL, NULL);
INSERT INTO recipe_ingredients (recipe_id, ingredient_id, quantity, unit, info)
VALUES ('450c8385-c05d-4fdf-806c-667eed34958e', 'f7449b67-5eeb-4419-8b17-4359d90ff3de', NULL, NULL, NULL);
INSERT INTO recipe_ingredients (recipe_id, ingredient_id, quantity, unit, info)
VALUES ('450c8385-c05d-4fdf-806c-667eed34958e', 'f50b274b-4ed7-4e3e-8d89-51db2ccb95af', '1', NULL, NULL);
INSERT INTO recipe_ingredients (recipe_id, ingredient_id, quantity, unit, info)
VALUES ('450c8385-c05d-4fdf-806c-667eed34958e', '10310779-a0ac-42a7-81a0-556627eb252f', '1/4', NULL, NULL);
INSERT INTO recipe_ingredients (recipe_id, ingredient_id, quantity, unit, info)
VALUES ('450c8385-c05d-4fdf-806c-667eed34958e', 'b02a82ee-66c7-4909-93c7-d8bd275d7113', '1', NULL, NULL);
INSERT INTO recipe_ingredients (recipe_id, ingredient_id, quantity, unit, info)
VALUES ('450c8385-c05d-4fdf-806c-667eed34958e', '26c7c51a-484e-4481-bfa1-5df62aeff61d', '1', NULL, NULL);

-- Insert recipe label
INSERT INTO recipe_labels (recipe_id, label_id)
VALUES ('450c8385-c05d-4fdf-806c-667eed34958e', 'bcc5210d-e11e-416a-b6a5-566a73a4be32');

-- Add dummy media for recipe
INSERT INTO recipe_media (recipe_id, url, is_main)
VALUES ('450c8385-c05d-4fdf-806c-667eed34958e', '/images/recipes/mint-green-smoothie.jpg', true);

-- Insert recipe: Cinnamon Cookie Protein Shake
INSERT INTO recipes (
  id, 
  slug, 
  title, 
  original_youtube_link, 
  overview, 
  directions, 
  benefits, 
  protein, 
  carbs, 
  fats, 
  calories, 
  meal_replacement, 
  gluten_free, 
  nut_free, 
  soy_free, 
  caffeine_free, 
  sugar_free,
  diet_type,
  protein_type,
  author_id
) VALUES (
  '8ea33e10-2df6-431d-a116-2677fd163a76', 
  'cinnamon-cookie-protein-shake', 
  'Cinnamon Cookie Protein Shake', 
  NULL, 
  'Get a healthy dose of protein for muscle building and recovery from this delicious cinnamon cookie shake!', 
  ARRAY['Combine all ingredients in a blender. Add more ice or water to reach the desired consistency.'], 
  'Muscle', 
  31.3, 
  14.5, 
  16.4, 
  321, 
  false, 
  true, 
  false, 
  true, 
  true, 
  true,
  ARRAY['Keto'],
  ARRAY['Whey Protein'],
  '999ee74e-c899-4638-9e1f-bf0366499947'
);

-- Associate recipe with category
INSERT INTO recipe_categories (recipe_id, category_id)
VALUES ('8ea33e10-2df6-431d-a116-2677fd163a76', '6f5c6a53-a785-48cb-a1a5-2a9f664f3b10');

-- Insert recipe ingredients
INSERT INTO recipe_ingredients (recipe_id, ingredient_id, quantity, unit, info)
VALUES ('8ea33e10-2df6-431d-a116-2677fd163a76', '1667d8c3-dda5-4651-9da3-ddffa0549d52', '1', NULL, NULL);
INSERT INTO recipe_ingredients (recipe_id, ingredient_id, quantity, unit, info)
VALUES ('8ea33e10-2df6-431d-a116-2677fd163a76', '58f61454-dc69-49fb-933c-8a83d9a969b7', '1', NULL, NULL);
INSERT INTO recipe_ingredients (recipe_id, ingredient_id, quantity, unit, info)
VALUES ('8ea33e10-2df6-431d-a116-2677fd163a76', '8122ef25-1a7e-43a3-ba28-1952cba989a3', '1', NULL, NULL);
INSERT INTO recipe_ingredients (recipe_id, ingredient_id, quantity, unit, info)
VALUES ('8ea33e10-2df6-431d-a116-2677fd163a76', '96a9cec3-4bcf-4980-bf69-0f5a16d51aff', '1', NULL, NULL);
INSERT INTO recipe_ingredients (recipe_id, ingredient_id, quantity, unit, info)
VALUES ('8ea33e10-2df6-431d-a116-2677fd163a76', 'a98eea2c-fa10-44b3-89ac-471e17d52ee0', NULL, NULL, NULL);
INSERT INTO recipe_ingredients (recipe_id, ingredient_id, quantity, unit, info)
VALUES ('8ea33e10-2df6-431d-a116-2677fd163a76', '3b4c5896-19d6-4d91-b4eb-b865dc992554', '1', NULL, NULL);

-- Insert recipe label
INSERT INTO recipe_labels (recipe_id, label_id)
VALUES ('8ea33e10-2df6-431d-a116-2677fd163a76', 'b225f952-e95c-44fe-87fb-09c0bdbfbd83');

-- Add dummy media for recipe
INSERT INTO recipe_media (recipe_id, url, is_main)
VALUES ('8ea33e10-2df6-431d-a116-2677fd163a76', '/images/recipes/cinnamon-cookie-protein-shake.jpg', true);

-- Insert recipe: Tropical Green Protein Shake
INSERT INTO recipes (
  id, 
  slug, 
  title, 
  original_youtube_link, 
  overview, 
  directions, 
  benefits, 
  protein, 
  carbs, 
  fats, 
  calories, 
  meal_replacement, 
  gluten_free, 
  nut_free, 
  soy_free, 
  caffeine_free, 
  sugar_free,
  diet_type,
  protein_type,
  author_id
) VALUES (
  '7f6b7379-5e1c-4081-a2fe-99742591d745', 
  'tropical-green-protein-shake', 
  'Tropical Green Protein Shake', 
  NULL, 
  'This tropical green shake is perfect for muscle building and providing you with the nutrients you need.', 
  ARRAY['Combine all ingredients in a blender. Add more ice or water to reach the desired consistency.'], 
  'Muscle', 
  15.2, 
  42.1, 
  14.1, 
  350, 
  false, 
  true, 
  true, 
  true, 
  true, 
  true,
  ARRAY['Plant Based'],
  ARRAY['Plant Based'],
  '999ee74e-c899-4638-9e1f-bf0366499947'
);

-- Associate recipe with category
INSERT INTO recipe_categories (recipe_id, category_id)
VALUES ('7f6b7379-5e1c-4081-a2fe-99742591d745', '6f5c6a53-a785-48cb-a1a5-2a9f664f3b10');

-- Insert recipe ingredients
INSERT INTO recipe_ingredients (recipe_id, ingredient_id, quantity, unit, info)
VALUES ('7f6b7379-5e1c-4081-a2fe-99742591d745', 'f947e659-2950-496f-b9ab-bb7fb55907b1', '1', NULL, NULL);
INSERT INTO recipe_ingredients (recipe_id, ingredient_id, quantity, unit, info)
VALUES ('7f6b7379-5e1c-4081-a2fe-99742591d745', 'd2713795-db5a-4e97-a510-e6ab8f7b45c4', '1', NULL, NULL);
INSERT INTO recipe_ingredients (recipe_id, ingredient_id, quantity, unit, info)
VALUES ('7f6b7379-5e1c-4081-a2fe-99742591d745', 'a97cd716-6519-44e5-adc2-51d95a30aaf4', '1', NULL, NULL);
INSERT INTO recipe_ingredients (recipe_id, ingredient_id, quantity, unit, info)
VALUES ('7f6b7379-5e1c-4081-a2fe-99742591d745', 'a98eea2c-fa10-44b3-89ac-471e17d52ee0', NULL, NULL, NULL);
INSERT INTO recipe_ingredients (recipe_id, ingredient_id, quantity, unit, info)
VALUES ('7f6b7379-5e1c-4081-a2fe-99742591d745', 'c20bdd4f-e0c9-4b48-978b-8d773d90710a', '1', NULL, NULL);

-- Insert recipe label
INSERT INTO recipe_labels (recipe_id, label_id)
VALUES ('7f6b7379-5e1c-4081-a2fe-99742591d745', 'b225f952-e95c-44fe-87fb-09c0bdbfbd83');

-- Add dummy media for recipe
INSERT INTO recipe_media (recipe_id, url, is_main)
VALUES ('7f6b7379-5e1c-4081-a2fe-99742591d745', '/images/recipes/tropical-green-protein-shake.jpg', true);

-- Insert recipe: Mango and Coconut Smoothie
INSERT INTO recipes (
  id, 
  slug, 
  title, 
  original_youtube_link, 
  overview, 
  directions, 
  benefits, 
  protein, 
  carbs, 
  fats, 
  calories, 
  meal_replacement, 
  gluten_free, 
  nut_free, 
  soy_free, 
  caffeine_free, 
  sugar_free,
  diet_type,
  protein_type,
  author_id
) VALUES (
  '353de717-d923-4a8b-b1da-98aa2ccc7f31', 
  'mango-and-coconut-smoothie', 
  'Mango and Coconut Smoothie', 
  NULL, 
  'This smoothie is a great way to start your day with high quality, plant-based protein adnd it will leave you feeling energized and satisfied for hours!', 
  ARRAY['Combine all ingredients in a blender. Add more ice or water to reach the desired consistency.'], 
  'Muscle', 
  19.3, 
  29.6, 
  22.1, 
  378, 
  true, 
  true, 
  true, 
  true, 
  true, 
  false,
  ARRAY['Plant Based'],
  ARRAY['Pea Protein'],
  '999ee74e-c899-4638-9e1f-bf0366499947'
);

-- Associate recipe with category
INSERT INTO recipe_categories (recipe_id, category_id)
VALUES ('353de717-d923-4a8b-b1da-98aa2ccc7f31', '6f5c6a53-a785-48cb-a1a5-2a9f664f3b10');

-- Insert recipe ingredients
INSERT INTO recipe_ingredients (recipe_id, ingredient_id, quantity, unit, info)
VALUES ('353de717-d923-4a8b-b1da-98aa2ccc7f31', '74a294b0-d5a5-4f2d-9dcd-333a8c51d269', '1/2', NULL, NULL);
INSERT INTO recipe_ingredients (recipe_id, ingredient_id, quantity, unit, info)
VALUES ('353de717-d923-4a8b-b1da-98aa2ccc7f31', '38341cd3-c4d9-4ad4-8b4a-d78e6a48e67a', '1/3', NULL, NULL);
INSERT INTO recipe_ingredients (recipe_id, ingredient_id, quantity, unit, info)
VALUES ('353de717-d923-4a8b-b1da-98aa2ccc7f31', '37e6ff62-f56a-464a-a928-42558e3999f8', '1/2', NULL, NULL);
INSERT INTO recipe_ingredients (recipe_id, ingredient_id, quantity, unit, info)
VALUES ('353de717-d923-4a8b-b1da-98aa2ccc7f31', '51009a96-8a3f-4b21-83cd-a1c6b01360af', '1', NULL, NULL);
INSERT INTO recipe_ingredients (recipe_id, ingredient_id, quantity, unit, info)
VALUES ('353de717-d923-4a8b-b1da-98aa2ccc7f31', 'c5be113a-450a-44e9-994a-00f1487ca66e', '1', NULL, NULL);
INSERT INTO recipe_ingredients (recipe_id, ingredient_id, quantity, unit, info)
VALUES ('353de717-d923-4a8b-b1da-98aa2ccc7f31', '8122ef25-1a7e-43a3-ba28-1952cba989a3', '1', NULL, NULL);
INSERT INTO recipe_ingredients (recipe_id, ingredient_id, quantity, unit, info)
VALUES ('353de717-d923-4a8b-b1da-98aa2ccc7f31', '96a9cec3-4bcf-4980-bf69-0f5a16d51aff', '1', NULL, NULL);

-- Insert recipe label
INSERT INTO recipe_labels (recipe_id, label_id)
VALUES ('353de717-d923-4a8b-b1da-98aa2ccc7f31', 'b225f952-e95c-44fe-87fb-09c0bdbfbd83');

-- Add dummy media for recipe
INSERT INTO recipe_media (recipe_id, url, is_main)
VALUES ('353de717-d923-4a8b-b1da-98aa2ccc7f31', '/images/recipes/mango-and-coconut-smoothie.jpg', true);

-- Insert recipe: Blackberry and Ginger Smoothie
INSERT INTO recipes (
  id, 
  slug, 
  title, 
  original_youtube_link, 
  overview, 
  directions, 
  benefits, 
  protein, 
  carbs, 
  fats, 
  calories, 
  meal_replacement, 
  gluten_free, 
  nut_free, 
  soy_free, 
  caffeine_free, 
  sugar_free,
  diet_type,
  protein_type,
  author_id
) VALUES (
  '79f04f04-8cea-414c-994f-749c51c7f167', 
  'blackberry-and-ginger-smoothie', 
  'Blackberry and Ginger Smoothie', 
  NULL, 
  'This delicious and light smoothie is full of nutrients, antioxidants, protein, vitamins and minerals!', 
  ARRAY['Combine all ingredients in a blender. Add more ice or water to reach the desired consistency.'], 
  'Muscle', 
  28.2, 
  56.2, 
  7.3, 
  370, 
  true, 
  true, 
  true, 
  true, 
  true, 
  true,
  ARRAY['Paleo'],
  ARRAY['Plant Based'],
  '999ee74e-c899-4638-9e1f-bf0366499947'
);

-- Associate recipe with category
INSERT INTO recipe_categories (recipe_id, category_id)
VALUES ('79f04f04-8cea-414c-994f-749c51c7f167', '6f5c6a53-a785-48cb-a1a5-2a9f664f3b10');

-- Insert recipe ingredients
INSERT INTO recipe_ingredients (recipe_id, ingredient_id, quantity, unit, info)
VALUES ('79f04f04-8cea-414c-994f-749c51c7f167', 'd61914a6-555c-4737-851f-f450ec193a23', '1', NULL, NULL);
INSERT INTO recipe_ingredients (recipe_id, ingredient_id, quantity, unit, info)
VALUES ('79f04f04-8cea-414c-994f-749c51c7f167', '3d93b988-3309-42f4-9137-3557ce797044', NULL, NULL, NULL);
INSERT INTO recipe_ingredients (recipe_id, ingredient_id, quantity, unit, info)
VALUES ('79f04f04-8cea-414c-994f-749c51c7f167', 'a98eea2c-fa10-44b3-89ac-471e17d52ee0', NULL, NULL, NULL);
INSERT INTO recipe_ingredients (recipe_id, ingredient_id, quantity, unit, info)
VALUES ('79f04f04-8cea-414c-994f-749c51c7f167', '8122ef25-1a7e-43a3-ba28-1952cba989a3', '1', NULL, NULL);
INSERT INTO recipe_ingredients (recipe_id, ingredient_id, quantity, unit, info)
VALUES ('79f04f04-8cea-414c-994f-749c51c7f167', '91b92e06-a167-4705-a3f8-fde55f3524e6', '1', NULL, NULL);
INSERT INTO recipe_ingredients (recipe_id, ingredient_id, quantity, unit, info)
VALUES ('79f04f04-8cea-414c-994f-749c51c7f167', '540ac873-c6b9-490a-9914-f220756dedd4', '1', NULL, NULL);
INSERT INTO recipe_ingredients (recipe_id, ingredient_id, quantity, unit, info)
VALUES ('79f04f04-8cea-414c-994f-749c51c7f167', 'c20bdd4f-e0c9-4b48-978b-8d773d90710a', '1', NULL, NULL);

-- Insert recipe label
INSERT INTO recipe_labels (recipe_id, label_id)
VALUES ('79f04f04-8cea-414c-994f-749c51c7f167', 'b225f952-e95c-44fe-87fb-09c0bdbfbd83');

-- Add dummy media for recipe
INSERT INTO recipe_media (recipe_id, url, is_main)
VALUES ('79f04f04-8cea-414c-994f-749c51c7f167', '/images/recipes/blackberry-and-ginger-smoothie.jpg', true);

-- Insert recipe: Peachy Pecan Protein Shake
INSERT INTO recipes (
  id, 
  slug, 
  title, 
  original_youtube_link, 
  overview, 
  directions, 
  benefits, 
  protein, 
  carbs, 
  fats, 
  calories, 
  meal_replacement, 
  gluten_free, 
  nut_free, 
  soy_free, 
  caffeine_free, 
  sugar_free,
  diet_type,
  protein_type,
  author_id
) VALUES (
  'dbfd46c7-bdb1-486c-80a9-6d8f148fb46d', 
  'peachy-pecan-protein-shake', 
  'Peachy Pecan Protein Shake', 
  NULL, 
  'This high protein shake is a muscle-building powerhouse. Loaded with healthy ingredients like peaches and nuts, it''s perfect for a quick breakfast or snack. Give it a try!', 
  ARRAY['Combine all ingredients in a blender. Add more ice or water to reach the desired consistency.'], 
  'Muscle', 
  19.2, 
  38.1, 
  4.2, 
  262, 
  false, 
  true, 
  false, 
  true, 
  true, 
  false,
  ARRAY['Vegan'],
  ARRAY['Rice Protein'],
  '999ee74e-c899-4638-9e1f-bf0366499947'
);

-- Associate recipe with category
INSERT INTO recipe_categories (recipe_id, category_id)
VALUES ('dbfd46c7-bdb1-486c-80a9-6d8f148fb46d', '6f5c6a53-a785-48cb-a1a5-2a9f664f3b10');

-- Insert recipe ingredients
INSERT INTO recipe_ingredients (recipe_id, ingredient_id, quantity, unit, info)
VALUES ('dbfd46c7-bdb1-486c-80a9-6d8f148fb46d', 'dd133b80-a695-4e68-9c9b-ce2548ed4c7a', '1/2', NULL, NULL);
INSERT INTO recipe_ingredients (recipe_id, ingredient_id, quantity, unit, info)
VALUES ('dbfd46c7-bdb1-486c-80a9-6d8f148fb46d', '15edf6be-c8d1-4306-b1ce-03e19864c37f', '1', NULL, NULL);
INSERT INTO recipe_ingredients (recipe_id, ingredient_id, quantity, unit, info)
VALUES ('dbfd46c7-bdb1-486c-80a9-6d8f148fb46d', '55816de5-c9e0-417a-8eed-47445c7b2e4a', NULL, NULL, NULL);
INSERT INTO recipe_ingredients (recipe_id, ingredient_id, quantity, unit, info)
VALUES ('dbfd46c7-bdb1-486c-80a9-6d8f148fb46d', '1c104b5f-aced-4932-b99c-82594142b2bf', '1/2', NULL, NULL);
INSERT INTO recipe_ingredients (recipe_id, ingredient_id, quantity, unit, info)
VALUES ('dbfd46c7-bdb1-486c-80a9-6d8f148fb46d', '8dfdcea0-8292-4bef-bf3a-bb3bc49d8c9c', '1', NULL, NULL);
INSERT INTO recipe_ingredients (recipe_id, ingredient_id, quantity, unit, info)
VALUES ('dbfd46c7-bdb1-486c-80a9-6d8f148fb46d', '2f16dd60-cd27-4a3a-9feb-bea6aa464839', '1', NULL, NULL);
INSERT INTO recipe_ingredients (recipe_id, ingredient_id, quantity, unit, info)
VALUES ('dbfd46c7-bdb1-486c-80a9-6d8f148fb46d', '58f61454-dc69-49fb-933c-8a83d9a969b7', '1/2', NULL, NULL);
INSERT INTO recipe_ingredients (recipe_id, ingredient_id, quantity, unit, info)
VALUES ('dbfd46c7-bdb1-486c-80a9-6d8f148fb46d', '96a9cec3-4bcf-4980-bf69-0f5a16d51aff', '1/4', NULL, NULL);

-- Insert recipe label
INSERT INTO recipe_labels (recipe_id, label_id)
VALUES ('dbfd46c7-bdb1-486c-80a9-6d8f148fb46d', 'b225f952-e95c-44fe-87fb-09c0bdbfbd83');

-- Add dummy media for recipe
INSERT INTO recipe_media (recipe_id, url, is_main)
VALUES ('dbfd46c7-bdb1-486c-80a9-6d8f148fb46d', '/images/recipes/peachy-pecan-protein-shake.jpg', true);

-- Insert recipe: Green Pistachio Protein Smoothie
INSERT INTO recipes (
  id, 
  slug, 
  title, 
  original_youtube_link, 
  overview, 
  directions, 
  benefits, 
  protein, 
  carbs, 
  fats, 
  calories, 
  meal_replacement, 
  gluten_free, 
  nut_free, 
  soy_free, 
  caffeine_free, 
  sugar_free,
  diet_type,
  protein_type,
  author_id
) VALUES (
  'd2828105-8014-4f0d-adeb-2933cc5936fa', 
  'green-pistachio-protein-smoothie', 
  'Green Pistachio Protein Smoothie', 
  NULL, 
  'Healthy and delicious, this green pistachio protein smoothie is a great way to start the day!', 
  ARRAY['Combine all ingredients in a blender. Add more ice or water to reach the desired consistency.'], 
  'Muscle', 
  19.5, 
  41.2, 
  22.1, 
  415, 
  true, 
  true, 
  false, 
  true, 
  true, 
  true,
  ARRAY['Plant Based'],
  ARRAY['Plant Based'],
  '999ee74e-c899-4638-9e1f-bf0366499947'
);

-- Associate recipe with category
INSERT INTO recipe_categories (recipe_id, category_id)
VALUES ('d2828105-8014-4f0d-adeb-2933cc5936fa', '6f5c6a53-a785-48cb-a1a5-2a9f664f3b10');

-- Insert recipe ingredients
INSERT INTO recipe_ingredients (recipe_id, ingredient_id, quantity, unit, info)
VALUES ('d2828105-8014-4f0d-adeb-2933cc5936fa', '1c104b5f-aced-4932-b99c-82594142b2bf', '1', NULL, NULL);
INSERT INTO recipe_ingredients (recipe_id, ingredient_id, quantity, unit, info)
VALUES ('d2828105-8014-4f0d-adeb-2933cc5936fa', '72e33646-22c7-40ca-befc-62877d4ed626', '1', NULL, NULL);
INSERT INTO recipe_ingredients (recipe_id, ingredient_id, quantity, unit, info)
VALUES ('d2828105-8014-4f0d-adeb-2933cc5936fa', '38341cd3-c4d9-4ad4-8b4a-d78e6a48e67a', '1/3', NULL, NULL);
INSERT INTO recipe_ingredients (recipe_id, ingredient_id, quantity, unit, info)
VALUES ('d2828105-8014-4f0d-adeb-2933cc5936fa', 'cadefd24-3a6b-4404-9244-ef93f10bf4f5', '1/2', NULL, NULL);
INSERT INTO recipe_ingredients (recipe_id, ingredient_id, quantity, unit, info)
VALUES ('d2828105-8014-4f0d-adeb-2933cc5936fa', 'f947e659-2950-496f-b9ab-bb7fb55907b1', '1/2', NULL, NULL);
INSERT INTO recipe_ingredients (recipe_id, ingredient_id, quantity, unit, info)
VALUES ('d2828105-8014-4f0d-adeb-2933cc5936fa', '8889f2b1-a54d-419b-b928-9d4b2a2e3c50', '1', NULL, NULL);
INSERT INTO recipe_ingredients (recipe_id, ingredient_id, quantity, unit, info)
VALUES ('d2828105-8014-4f0d-adeb-2933cc5936fa', '58f61454-dc69-49fb-933c-8a83d9a969b7', '1/4', NULL, NULL);

-- Insert recipe label
INSERT INTO recipe_labels (recipe_id, label_id)
VALUES ('d2828105-8014-4f0d-adeb-2933cc5936fa', 'b225f952-e95c-44fe-87fb-09c0bdbfbd83');

-- Add dummy media for recipe
INSERT INTO recipe_media (recipe_id, url, is_main)
VALUES ('d2828105-8014-4f0d-adeb-2933cc5936fa', '/images/recipes/green-pistachio-protein-smoothie.jpg', true);

-- Insert recipe: Orange Creamsicle Protein Shake
INSERT INTO recipes (
  id, 
  slug, 
  title, 
  original_youtube_link, 
  overview, 
  directions, 
  benefits, 
  protein, 
  carbs, 
  fats, 
  calories, 
  meal_replacement, 
  gluten_free, 
  nut_free, 
  soy_free, 
  caffeine_free, 
  sugar_free,
  diet_type,
  protein_type,
  author_id
) VALUES (
  '2cf608a8-a1b5-4d46-81db-d3b0bed52519', 
  'orange-creamsicle-protein-shake', 
  'Orange Creamsicle Protein Shake', 
  NULL, 
  'This high calorie protein shake tastes just like an orange creamsicle, but it''s packed with protein to help you reach your fitness goals!', 
  ARRAY['Combine all ingredients in a blender. Add more ice or water to reach the desired consistency.'], 
  'Muscle', 
  33.5, 
  69.4, 
  27, 
  631, 
  true, 
  true, 
  true, 
  true, 
  true, 
  true,
  ARRAY['Plant Based'],
  ARRAY['Pea Protein'],
  '999ee74e-c899-4638-9e1f-bf0366499947'
);

-- Associate recipe with category
INSERT INTO recipe_categories (recipe_id, category_id)
VALUES ('2cf608a8-a1b5-4d46-81db-d3b0bed52519', '72d5f822-6cac-4d8d-9c2e-5a104ae153e4');

-- Insert recipe ingredients
INSERT INTO recipe_ingredients (recipe_id, ingredient_id, quantity, unit, info)
VALUES ('2cf608a8-a1b5-4d46-81db-d3b0bed52519', 'd64fd3f1-3fac-4184-a01d-57396c653660', '1/2', NULL, NULL);
INSERT INTO recipe_ingredients (recipe_id, ingredient_id, quantity, unit, info)
VALUES ('2cf608a8-a1b5-4d46-81db-d3b0bed52519', 'f947e659-2950-496f-b9ab-bb7fb55907b1', '2/3', NULL, NULL);
INSERT INTO recipe_ingredients (recipe_id, ingredient_id, quantity, unit, info)
VALUES ('2cf608a8-a1b5-4d46-81db-d3b0bed52519', 'c5be113a-450a-44e9-994a-00f1487ca66e', '1', NULL, NULL);
INSERT INTO recipe_ingredients (recipe_id, ingredient_id, quantity, unit, info)
VALUES ('2cf608a8-a1b5-4d46-81db-d3b0bed52519', 'b23bea4e-c2fa-48fc-a91d-1d317177fdbc', '1/4', NULL, NULL);
INSERT INTO recipe_ingredients (recipe_id, ingredient_id, quantity, unit, info)
VALUES ('2cf608a8-a1b5-4d46-81db-d3b0bed52519', '05bf9cb3-0f12-40c9-ad24-56723b249c43', '1', NULL, NULL);

-- Insert recipe label
INSERT INTO recipe_labels (recipe_id, label_id)
VALUES ('2cf608a8-a1b5-4d46-81db-d3b0bed52519', 'b225f952-e95c-44fe-87fb-09c0bdbfbd83');

-- Add dummy media for recipe
INSERT INTO recipe_media (recipe_id, url, is_main)
VALUES ('2cf608a8-a1b5-4d46-81db-d3b0bed52519', '/images/recipes/orange-creamsicle-protein-shake.jpg', true);

-- Insert recipe: Mixed Berry Meal Replacement Shake
INSERT INTO recipes (
  id, 
  slug, 
  title, 
  original_youtube_link, 
  overview, 
  directions, 
  benefits, 
  protein, 
  carbs, 
  fats, 
  calories, 
  meal_replacement, 
  gluten_free, 
  nut_free, 
  soy_free, 
  caffeine_free, 
  sugar_free,
  diet_type,
  protein_type,
  author_id
) VALUES (
  '94f0a651-111b-42cc-8da7-a18d4476c7db', 
  'mixed-berry-meal-replacement-shake', 
  'Mixed Berry Meal Replacement Shake', 
  NULL, 
  'Looking for a high-protein, muscle building shake that''s also healthy? Check out this delicious mixed berry shake recipe!', 
  ARRAY['Combine all ingredients in a blender. Add more ice or water to reach the desired consistency.'], 
  'Muscle', 
  36.3, 
  25.5, 
  51.4, 
  669, 
  true, 
  true, 
  true, 
  true, 
  true, 
  true,
  ARRAY['Keto'],
  ARRAY['Casein Protein'],
  '999ee74e-c899-4638-9e1f-bf0366499947'
);

-- Associate recipe with category
INSERT INTO recipe_categories (recipe_id, category_id)
VALUES ('94f0a651-111b-42cc-8da7-a18d4476c7db', '72d5f822-6cac-4d8d-9c2e-5a104ae153e4');

-- Insert recipe ingredients
INSERT INTO recipe_ingredients (recipe_id, ingredient_id, quantity, unit, info)
VALUES ('94f0a651-111b-42cc-8da7-a18d4476c7db', 'd61914a6-555c-4737-851f-f450ec193a23', '1/4', NULL, NULL);
INSERT INTO recipe_ingredients (recipe_id, ingredient_id, quantity, unit, info)
VALUES ('94f0a651-111b-42cc-8da7-a18d4476c7db', '349bc500-2bf1-4c7c-9f77-8079ae264c54', '1/4', NULL, NULL);
INSERT INTO recipe_ingredients (recipe_id, ingredient_id, quantity, unit, info)
VALUES ('94f0a651-111b-42cc-8da7-a18d4476c7db', '38341cd3-c4d9-4ad4-8b4a-d78e6a48e67a', '1/2', NULL, NULL);
INSERT INTO recipe_ingredients (recipe_id, ingredient_id, quantity, unit, info)
VALUES ('94f0a651-111b-42cc-8da7-a18d4476c7db', 'ade83372-cf50-44e0-8b3e-9ab5b3c86936', '1/4', NULL, NULL);
INSERT INTO recipe_ingredients (recipe_id, ingredient_id, quantity, unit, info)
VALUES ('94f0a651-111b-42cc-8da7-a18d4476c7db', 'a0a1246c-a2f5-4e7a-80ac-4470f187efe4', '1/2', NULL, NULL);
INSERT INTO recipe_ingredients (recipe_id, ingredient_id, quantity, unit, info)
VALUES ('94f0a651-111b-42cc-8da7-a18d4476c7db', '58f61454-dc69-49fb-933c-8a83d9a969b7', '1/2', NULL, NULL);
INSERT INTO recipe_ingredients (recipe_id, ingredient_id, quantity, unit, info)
VALUES ('94f0a651-111b-42cc-8da7-a18d4476c7db', '187c3cfd-e8f6-43bc-8ce8-690317b41c8f', '1', NULL, NULL);

-- Insert recipe label
INSERT INTO recipe_labels (recipe_id, label_id)
VALUES ('94f0a651-111b-42cc-8da7-a18d4476c7db', 'b225f952-e95c-44fe-87fb-09c0bdbfbd83');

-- Add dummy media for recipe
INSERT INTO recipe_media (recipe_id, url, is_main)
VALUES ('94f0a651-111b-42cc-8da7-a18d4476c7db', '/images/recipes/mixed-berry-meal-replacement-shake.jpg', true);

-- Insert recipe: Cocoa Mint Shake
INSERT INTO recipes (
  id, 
  slug, 
  title, 
  original_youtube_link, 
  overview, 
  directions, 
  benefits, 
  protein, 
  carbs, 
  fats, 
  calories, 
  meal_replacement, 
  gluten_free, 
  nut_free, 
  soy_free, 
  caffeine_free, 
  sugar_free,
  diet_type,
  protein_type,
  author_id
) VALUES (
  '6338cb22-7aea-4e38-90d0-eafa9642986e', 
  'cocoa-mint-shake', 
  'Cocoa Mint Shake', 
  NULL, 
  'This shake is packed with protein to help you grow muscle mass and keep your body healthy. It''s also made with cocoa, which has health benefits of its own!', 
  ARRAY['Combine all ingredients in a blender. Add more ice or water to reach the desired consistency.'], 
  'Muscle', 
  31.1, 
  39.7, 
  39.3, 
  591, 
  true, 
  true, 
  false, 
  true, 
  true, 
  true,
  ARRAY['Vegan'],
  ARRAY['Rice Protein'],
  '999ee74e-c899-4638-9e1f-bf0366499947'
);

-- Associate recipe with category
INSERT INTO recipe_categories (recipe_id, category_id)
VALUES ('6338cb22-7aea-4e38-90d0-eafa9642986e', '72d5f822-6cac-4d8d-9c2e-5a104ae153e4');

-- Insert recipe ingredients
INSERT INTO recipe_ingredients (recipe_id, ingredient_id, quantity, unit, info)
VALUES ('6338cb22-7aea-4e38-90d0-eafa9642986e', '03576724-6abf-4698-94cd-24b854fda90a', '1', NULL, NULL);
INSERT INTO recipe_ingredients (recipe_id, ingredient_id, quantity, unit, info)
VALUES ('6338cb22-7aea-4e38-90d0-eafa9642986e', '26c7c51a-484e-4481-bfa1-5df62aeff61d', '1', NULL, NULL);
INSERT INTO recipe_ingredients (recipe_id, ingredient_id, quantity, unit, info)
VALUES ('6338cb22-7aea-4e38-90d0-eafa9642986e', '3da82515-fe43-4317-87d7-0ae4f78a4435', '3', NULL, NULL);
INSERT INTO recipe_ingredients (recipe_id, ingredient_id, quantity, unit, info)
VALUES ('6338cb22-7aea-4e38-90d0-eafa9642986e', 'f6d6bdc0-4012-444d-ba57-b5073546f4f7', '2', NULL, NULL);
INSERT INTO recipe_ingredients (recipe_id, ingredient_id, quantity, unit, info)
VALUES ('6338cb22-7aea-4e38-90d0-eafa9642986e', '7b81949e-900c-42a2-b021-a87dd9da302b', '1/8', NULL, NULL);
INSERT INTO recipe_ingredients (recipe_id, ingredient_id, quantity, unit, info)
VALUES ('6338cb22-7aea-4e38-90d0-eafa9642986e', 'a0a1246c-a2f5-4e7a-80ac-4470f187efe4', '1/4', NULL, NULL);
INSERT INTO recipe_ingredients (recipe_id, ingredient_id, quantity, unit, info)
VALUES ('6338cb22-7aea-4e38-90d0-eafa9642986e', 'a5004e0b-ce7f-4f4b-baf2-a6f5c3eeaddf', '2', NULL, NULL);
INSERT INTO recipe_ingredients (recipe_id, ingredient_id, quantity, unit, info)
VALUES ('6338cb22-7aea-4e38-90d0-eafa9642986e', '2bba3ce6-4191-445f-bb52-c9211aafab6a', '1/8', NULL, NULL);

-- Insert recipe label
INSERT INTO recipe_labels (recipe_id, label_id)
VALUES ('6338cb22-7aea-4e38-90d0-eafa9642986e', 'b225f952-e95c-44fe-87fb-09c0bdbfbd83');

-- Add dummy media for recipe
INSERT INTO recipe_media (recipe_id, url, is_main)
VALUES ('6338cb22-7aea-4e38-90d0-eafa9642986e', '/images/recipes/cocoa-mint-shake.jpg', true);

-- Insert recipe: Cherry Almond Protein Smoothie
INSERT INTO recipes (
  id, 
  slug, 
  title, 
  original_youtube_link, 
  overview, 
  directions, 
  benefits, 
  protein, 
  carbs, 
  fats, 
  calories, 
  meal_replacement, 
  gluten_free, 
  nut_free, 
  soy_free, 
  caffeine_free, 
  sugar_free,
  diet_type,
  protein_type,
  author_id
) VALUES (
  'b84338ad-c432-4c26-a3ff-a945a2e68047', 
  'cherry-almond-protein-smoothie', 
  'Cherry Almond Protein Smoothie', 
  NULL, 
  'Get started building muscle by making this high calorie cherry almond protein smoothie!', 
  ARRAY['Combine all ingredients in a blender. Add more ice or water to reach the desired consistency.'], 
  'Muscle', 
  28.4, 
  39.2, 
  44, 
  631, 
  true, 
  true, 
  false, 
  true, 
  true, 
  true,
  ARRAY['Paleo'],
  ARRAY['Plant Based'],
  '999ee74e-c899-4638-9e1f-bf0366499947'
);

-- Associate recipe with category
INSERT INTO recipe_categories (recipe_id, category_id)
VALUES ('b84338ad-c432-4c26-a3ff-a945a2e68047', '72d5f822-6cac-4d8d-9c2e-5a104ae153e4');

-- Insert recipe ingredients
INSERT INTO recipe_ingredients (recipe_id, ingredient_id, quantity, unit, info)
VALUES ('b84338ad-c432-4c26-a3ff-a945a2e68047', '49f973bf-daef-4155-9c78-4bff488e9068', '1', NULL, NULL);
INSERT INTO recipe_ingredients (recipe_id, ingredient_id, quantity, unit, info)
VALUES ('b84338ad-c432-4c26-a3ff-a945a2e68047', '2ed0a644-e436-4faf-b278-732a82f447af', '1', NULL, NULL);
INSERT INTO recipe_ingredients (recipe_id, ingredient_id, quantity, unit, info)
VALUES ('b84338ad-c432-4c26-a3ff-a945a2e68047', '4b55b20f-af32-441e-a2ad-a9a86be5829a', '1', NULL, NULL);
INSERT INTO recipe_ingredients (recipe_id, ingredient_id, quantity, unit, info)
VALUES ('b84338ad-c432-4c26-a3ff-a945a2e68047', 'c20bdd4f-e0c9-4b48-978b-8d773d90710a', '1', NULL, NULL);
INSERT INTO recipe_ingredients (recipe_id, ingredient_id, quantity, unit, info)
VALUES ('b84338ad-c432-4c26-a3ff-a945a2e68047', 'a0a1246c-a2f5-4e7a-80ac-4470f187efe4', '1/4', NULL, NULL);

-- Insert recipe label
INSERT INTO recipe_labels (recipe_id, label_id)
VALUES ('b84338ad-c432-4c26-a3ff-a945a2e68047', 'b225f952-e95c-44fe-87fb-09c0bdbfbd83');

-- Add dummy media for recipe
INSERT INTO recipe_media (recipe_id, url, is_main)
VALUES ('b84338ad-c432-4c26-a3ff-a945a2e68047', '/images/recipes/cherry-almond-protein-smoothie.jpg', true);

-- Insert recipe: Chia Java Shake
INSERT INTO recipes (
  id, 
  slug, 
  title, 
  original_youtube_link, 
  overview, 
  directions, 
  benefits, 
  protein, 
  carbs, 
  fats, 
  calories, 
  meal_replacement, 
  gluten_free, 
  nut_free, 
  soy_free, 
  caffeine_free, 
  sugar_free,
  diet_type,
  protein_type,
  author_id
) VALUES (
  'bd2be748-ed05-4826-9c70-5855576d18d5', 
  'chia-java-shake', 
  'Chia Java Shake', 
  NULL, 
  'This high calorie shake is packed with protein and good carbs. It will keep you full, give your muscles the nutrients they need to grow, and it tastes great!', 
  ARRAY['Combine all ingredients in a blender. Add more ice or water to reach the desired consistency.'], 
  'Muscle', 
  34.5, 
  46.1, 
  18.1, 
  452, 
  true, 
  true, 
  false, 
  true, 
  false, 
  true,
  ARRAY['Vegan'],
  ARRAY['Plant Based'],
  '999ee74e-c899-4638-9e1f-bf0366499947'
);

-- Associate recipe with category
INSERT INTO recipe_categories (recipe_id, category_id)
VALUES ('bd2be748-ed05-4826-9c70-5855576d18d5', '72d5f822-6cac-4d8d-9c2e-5a104ae153e4');

-- Insert recipe ingredients
INSERT INTO recipe_ingredients (recipe_id, ingredient_id, quantity, unit, info)
VALUES ('bd2be748-ed05-4826-9c70-5855576d18d5', '1c104b5f-aced-4932-b99c-82594142b2bf', '1', NULL, NULL);
INSERT INTO recipe_ingredients (recipe_id, ingredient_id, quantity, unit, info)
VALUES ('bd2be748-ed05-4826-9c70-5855576d18d5', '1f1b4e94-5252-481a-942b-400865115262', '1', NULL, NULL);
INSERT INTO recipe_ingredients (recipe_id, ingredient_id, quantity, unit, info)
VALUES ('bd2be748-ed05-4826-9c70-5855576d18d5', '2ed0a644-e436-4faf-b278-732a82f447af', '1', NULL, NULL);
INSERT INTO recipe_ingredients (recipe_id, ingredient_id, quantity, unit, info)
VALUES ('bd2be748-ed05-4826-9c70-5855576d18d5', '8dff8ca5-82d9-46c0-9be4-5ba75dc0b2f1', '1', NULL, NULL);
INSERT INTO recipe_ingredients (recipe_id, ingredient_id, quantity, unit, info)
VALUES ('bd2be748-ed05-4826-9c70-5855576d18d5', 'c708f7b2-f5b8-4e8a-8c0c-a671e7edfd19', '2', NULL, NULL);
INSERT INTO recipe_ingredients (recipe_id, ingredient_id, quantity, unit, info)
VALUES ('bd2be748-ed05-4826-9c70-5855576d18d5', '0159ba56-1218-4bc9-852e-6e8955222fbf', '1/2', NULL, NULL);
INSERT INTO recipe_ingredients (recipe_id, ingredient_id, quantity, unit, info)
VALUES ('bd2be748-ed05-4826-9c70-5855576d18d5', '1252c61a-9d28-41e4-85ea-e7f2bc8e8135', '1/2', NULL, NULL);

-- Insert recipe label
INSERT INTO recipe_labels (recipe_id, label_id)
VALUES ('bd2be748-ed05-4826-9c70-5855576d18d5', 'b225f952-e95c-44fe-87fb-09c0bdbfbd83');

-- Add dummy media for recipe
INSERT INTO recipe_media (recipe_id, url, is_main)
VALUES ('bd2be748-ed05-4826-9c70-5855576d18d5', '/images/recipes/chia-java-shake.jpg', true);

-- Insert recipe: Blueberry Cauliflower Smoothie
INSERT INTO recipes (
  id, 
  slug, 
  title, 
  original_youtube_link, 
  overview, 
  directions, 
  benefits, 
  protein, 
  carbs, 
  fats, 
  calories, 
  meal_replacement, 
  gluten_free, 
  nut_free, 
  soy_free, 
  caffeine_free, 
  sugar_free,
  diet_type,
  protein_type,
  author_id
) VALUES (
  'badd109c-1869-4031-af65-f3366b74d1b6', 
  'blueberry-cauliflower-smoothie', 
  'Blueberry Cauliflower Smoothie', 
  NULL, 
  'This low carb smoothie is a great way to start your day. It''s high in protein and fiber, keeping you full until lunchtime!', 
  ARRAY['Combine all ingredients in a blender. Add more ice or water to reach the desired consistency.'], 
  'Weight', 
  19, 
  19, 
  23, 
  338, 
  false, 
  true, 
  true, 
  true, 
  true, 
  true,
  ARRAY['Vegan'],
  ARRAY['Pea Protein'],
  '999ee74e-c899-4638-9e1f-bf0366499947'
);

-- Associate recipe with category
INSERT INTO recipe_categories (recipe_id, category_id)
VALUES ('badd109c-1869-4031-af65-f3366b74d1b6', '1037125b-477d-419c-8651-f8efd1416f3b');

-- Insert recipe ingredients
INSERT INTO recipe_ingredients (recipe_id, ingredient_id, quantity, unit, info)
VALUES ('badd109c-1869-4031-af65-f3366b74d1b6', '6ab1fbb2-4dab-431b-8693-12c7a79eecda', '1/2', NULL, NULL);
INSERT INTO recipe_ingredients (recipe_id, ingredient_id, quantity, unit, info)
VALUES ('badd109c-1869-4031-af65-f3366b74d1b6', '35c83f62-3d14-4b73-ae28-a248895e284a', '1/4', NULL, NULL);
INSERT INTO recipe_ingredients (recipe_id, ingredient_id, quantity, unit, info)
VALUES ('badd109c-1869-4031-af65-f3366b74d1b6', 'c5be113a-450a-44e9-994a-00f1487ca66e', '1', NULL, NULL);
INSERT INTO recipe_ingredients (recipe_id, ingredient_id, quantity, unit, info)
VALUES ('badd109c-1869-4031-af65-f3366b74d1b6', '38341cd3-c4d9-4ad4-8b4a-d78e6a48e67a', '1/2', NULL, NULL);
INSERT INTO recipe_ingredients (recipe_id, ingredient_id, quantity, unit, info)
VALUES ('badd109c-1869-4031-af65-f3366b74d1b6', '37e6ff62-f56a-464a-a928-42558e3999f8', '1/2', NULL, NULL);

-- Insert recipe label
INSERT INTO recipe_labels (recipe_id, label_id)
VALUES ('badd109c-1869-4031-af65-f3366b74d1b6', 'bcc5210d-e11e-416a-b6a5-566a73a4be32');

-- Add dummy media for recipe
INSERT INTO recipe_media (recipe_id, url, is_main)
VALUES ('badd109c-1869-4031-af65-f3366b74d1b6', '/images/recipes/blueberry-cauliflower-smoothie.jpg', true);

-- Insert recipe: Nutella Shake
INSERT INTO recipes (
  id, 
  slug, 
  title, 
  original_youtube_link, 
  overview, 
  directions, 
  benefits, 
  protein, 
  carbs, 
  fats, 
  calories, 
  meal_replacement, 
  gluten_free, 
  nut_free, 
  soy_free, 
  caffeine_free, 
  sugar_free,
  diet_type,
  protein_type,
  author_id
) VALUES (
  'a8bef07c-b0dc-47e7-97de-17cb2bcb7af8', 
  'nutella-shake', 
  'Nutella Shake', 
  NULL, 
  'Enjoy this low carb nutella shake for a delicious way to enjoy your favorite chocolate hazelnut spread. It''s perfect for a quick snack or a satisfying dessert.', 
  ARRAY['Combine all ingredients in a blender. Add more ice or water to reach the desired consistency.'], 
  'Energy', 
  37, 
  22, 
  18, 
  373, 
  false, 
  true, 
  false, 
  true, 
  true, 
  true,
  ARRAY['Plant Based'],
  ARRAY['Plant Based'],
  '999ee74e-c899-4638-9e1f-bf0366499947'
);

-- Associate recipe with category
INSERT INTO recipe_categories (recipe_id, category_id)
VALUES ('a8bef07c-b0dc-47e7-97de-17cb2bcb7af8', '1037125b-477d-419c-8651-f8efd1416f3b');

-- Insert recipe ingredients
INSERT INTO recipe_ingredients (recipe_id, ingredient_id, quantity, unit, info)
VALUES ('a8bef07c-b0dc-47e7-97de-17cb2bcb7af8', 'dd133b80-a695-4e68-9c9b-ce2548ed4c7a', '1', NULL, NULL);
INSERT INTO recipe_ingredients (recipe_id, ingredient_id, quantity, unit, info)
VALUES ('a8bef07c-b0dc-47e7-97de-17cb2bcb7af8', 'c03083ce-c086-4801-a773-4c90dd3608ff', '1', NULL, NULL);
INSERT INTO recipe_ingredients (recipe_id, ingredient_id, quantity, unit, info)
VALUES ('a8bef07c-b0dc-47e7-97de-17cb2bcb7af8', 'f5942ac2-d1ca-4973-a7c8-fae9cd7234a9', '2', NULL, NULL);
INSERT INTO recipe_ingredients (recipe_id, ingredient_id, quantity, unit, info)
VALUES ('a8bef07c-b0dc-47e7-97de-17cb2bcb7af8', '0d5d30d4-5bec-4e6b-8860-39498c89a0bb', '1', NULL, NULL);
INSERT INTO recipe_ingredients (recipe_id, ingredient_id, quantity, unit, info)
VALUES ('a8bef07c-b0dc-47e7-97de-17cb2bcb7af8', 'd6b9c81b-c21c-4f25-ade6-5988b9eb5660', '1/2', NULL, NULL);

-- Insert recipe label
INSERT INTO recipe_labels (recipe_id, label_id)
VALUES ('a8bef07c-b0dc-47e7-97de-17cb2bcb7af8', '910a6bd6-afcd-476f-a88c-09ecdab6e75f');

-- Add dummy media for recipe
INSERT INTO recipe_media (recipe_id, url, is_main)
VALUES ('a8bef07c-b0dc-47e7-97de-17cb2bcb7af8', '/images/recipes/nutella-shake.jpg', true);

-- Insert recipe: Pumpkin Pie Shake
INSERT INTO recipes (
  id, 
  slug, 
  title, 
  original_youtube_link, 
  overview, 
  directions, 
  benefits, 
  protein, 
  carbs, 
  fats, 
  calories, 
  meal_replacement, 
  gluten_free, 
  nut_free, 
  soy_free, 
  caffeine_free, 
  sugar_free,
  diet_type,
  protein_type,
  author_id
) VALUES (
  '4f4548a3-4f19-4dbd-a32d-c7b24c4b3e82', 
  'pumpkin-pie-shake', 
  'Pumpkin Pie Shake', 
  NULL, 
  'This low carb pumpkin pie shake is a delicious and easy way to enjoy the flavors of fall while helping you reach your health goals.', 
  ARRAY['Combine all ingredients in a blender. Add more ice or water to reach the desired consistency.'], 
  'Energy', 
  28, 
  15, 
  16, 
  317, 
  false, 
  true, 
  true, 
  true, 
  true, 
  true,
  ARRAY['Whole 30'],
  ARRAY['Oat Protein'],
  '999ee74e-c899-4638-9e1f-bf0366499947'
);

-- Associate recipe with category
INSERT INTO recipe_categories (recipe_id, category_id)
VALUES ('4f4548a3-4f19-4dbd-a32d-c7b24c4b3e82', '1037125b-477d-419c-8651-f8efd1416f3b');

-- Insert recipe ingredients
INSERT INTO recipe_ingredients (recipe_id, ingredient_id, quantity, unit, info)
VALUES ('4f4548a3-4f19-4dbd-a32d-c7b24c4b3e82', 'd4c8e169-ac88-4039-9e11-8a6355c246ff', '1', NULL, NULL);
INSERT INTO recipe_ingredients (recipe_id, ingredient_id, quantity, unit, info)
VALUES ('4f4548a3-4f19-4dbd-a32d-c7b24c4b3e82', '606f3c8d-5af9-4310-af38-d70d1bdd5f09', '1/4', NULL, NULL);
INSERT INTO recipe_ingredients (recipe_id, ingredient_id, quantity, unit, info)
VALUES ('4f4548a3-4f19-4dbd-a32d-c7b24c4b3e82', '451f3d91-c580-45f4-8126-10839c7f35b9', '1/2', NULL, NULL);
INSERT INTO recipe_ingredients (recipe_id, ingredient_id, quantity, unit, info)
VALUES ('4f4548a3-4f19-4dbd-a32d-c7b24c4b3e82', '26a15b3c-77bb-48e1-9252-bc0ef681955f', '1', NULL, NULL);
INSERT INTO recipe_ingredients (recipe_id, ingredient_id, quantity, unit, info)
VALUES ('4f4548a3-4f19-4dbd-a32d-c7b24c4b3e82', '21fe0542-5af8-477f-a9e3-f86c2c03cbd5', '1', NULL, NULL);

-- Insert recipe label
INSERT INTO recipe_labels (recipe_id, label_id)
VALUES ('4f4548a3-4f19-4dbd-a32d-c7b24c4b3e82', '910a6bd6-afcd-476f-a88c-09ecdab6e75f');

-- Add dummy media for recipe
INSERT INTO recipe_media (recipe_id, url, is_main)
VALUES ('4f4548a3-4f19-4dbd-a32d-c7b24c4b3e82', '/images/recipes/pumpkin-pie-shake.jpg', true);

-- Insert recipe: Kale Berry Shake
INSERT INTO recipes (
  id, 
  slug, 
  title, 
  original_youtube_link, 
  overview, 
  directions, 
  benefits, 
  protein, 
  carbs, 
  fats, 
  calories, 
  meal_replacement, 
  gluten_free, 
  nut_free, 
  soy_free, 
  caffeine_free, 
  sugar_free,
  diet_type,
  protein_type,
  author_id
) VALUES (
  '37a730d2-6a63-4c55-9bcb-f3b62b67e0f4', 
  'kale-berry-shake', 
  'Kale Berry Shake', 
  NULL, 
  'This low carb kale berry shake is a great way to start your day. Kale and berries are both packed with nutrients, and this shake is a delicious way to get them all in one go', 
  ARRAY['Combine all ingredients in a blender. Add more ice or water to reach the desired consistency.'], 
  'Weight', 
  30, 
  19, 
  4, 
  210, 
  false, 
  true, 
  true, 
  true, 
  true, 
  true,
  ARRAY['Vegan'],
  ARRAY['Rice Protein'],
  '999ee74e-c899-4638-9e1f-bf0366499947'
);

-- Associate recipe with category
INSERT INTO recipe_categories (recipe_id, category_id)
VALUES ('37a730d2-6a63-4c55-9bcb-f3b62b67e0f4', '1037125b-477d-419c-8651-f8efd1416f3b');

-- Insert recipe ingredients
INSERT INTO recipe_ingredients (recipe_id, ingredient_id, quantity, unit, info)
VALUES ('37a730d2-6a63-4c55-9bcb-f3b62b67e0f4', 'bf320a64-2360-4207-9ded-eb6409c7d3ff', '2', NULL, NULL);
INSERT INTO recipe_ingredients (recipe_id, ingredient_id, quantity, unit, info)
VALUES ('37a730d2-6a63-4c55-9bcb-f3b62b67e0f4', 'ca2594d4-b087-41f4-83fe-e4fd82e843b5', '1/4', NULL, NULL);
INSERT INTO recipe_ingredients (recipe_id, ingredient_id, quantity, unit, info)
VALUES ('37a730d2-6a63-4c55-9bcb-f3b62b67e0f4', 'a84ad96d-9cfb-48d4-a633-24f90c8e7748', '1/2', NULL, NULL);
INSERT INTO recipe_ingredients (recipe_id, ingredient_id, quantity, unit, info)
VALUES ('37a730d2-6a63-4c55-9bcb-f3b62b67e0f4', '26c7c51a-484e-4481-bfa1-5df62aeff61d', '1', NULL, NULL);
INSERT INTO recipe_ingredients (recipe_id, ingredient_id, quantity, unit, info)
VALUES ('37a730d2-6a63-4c55-9bcb-f3b62b67e0f4', 'c03083ce-c086-4801-a773-4c90dd3608ff', '1/2', NULL, NULL);
INSERT INTO recipe_ingredients (recipe_id, ingredient_id, quantity, unit, info)
VALUES ('37a730d2-6a63-4c55-9bcb-f3b62b67e0f4', '2b23c2c6-aff9-45de-bbcd-c4bc90b13d4c', '1', NULL, NULL);

-- Insert recipe label
INSERT INTO recipe_labels (recipe_id, label_id)
VALUES ('37a730d2-6a63-4c55-9bcb-f3b62b67e0f4', 'bcc5210d-e11e-416a-b6a5-566a73a4be32');

-- Add dummy media for recipe
INSERT INTO recipe_media (recipe_id, url, is_main)
VALUES ('37a730d2-6a63-4c55-9bcb-f3b62b67e0f4', '/images/recipes/kale-berry-shake.jpg', true);

-- Insert recipe: Beetroot Booster
INSERT INTO recipes (
  id, 
  slug, 
  title, 
  original_youtube_link, 
  overview, 
  directions, 
  benefits, 
  protein, 
  carbs, 
  fats, 
  calories, 
  meal_replacement, 
  gluten_free, 
  nut_free, 
  soy_free, 
  caffeine_free, 
  sugar_free,
  diet_type,
  protein_type,
  author_id
) VALUES (
  'a599d5b3-750a-4143-8f83-c263440ca4ab', 
  'beetroot-booster', 
  'Beetroot Booster', 
  NULL, 
  'Get your beetroot boost with this low carb smoothie. This recipe has zero sugar and tons of nutrients, making it the perfect breakfast for anyone on a low carb diet.', 
  ARRAY['Combine all ingredients in a blender. Add more ice or water to reach the desired consistency.'], 
  'Immunity', 
  28, 
  1, 
  12, 
  185, 
  false, 
  true, 
  true, 
  true, 
  true, 
  true,
  ARRAY['Paleo'],
  ARRAY['Plant Based'],
  '999ee74e-c899-4638-9e1f-bf0366499947'
);

-- Associate recipe with category
INSERT INTO recipe_categories (recipe_id, category_id)
VALUES ('a599d5b3-750a-4143-8f83-c263440ca4ab', '1037125b-477d-419c-8651-f8efd1416f3b');

-- Insert recipe ingredients
INSERT INTO recipe_ingredients (recipe_id, ingredient_id, quantity, unit, info)
VALUES ('a599d5b3-750a-4143-8f83-c263440ca4ab', 'dd133b80-a695-4e68-9c9b-ce2548ed4c7a', '1/2', NULL, NULL);
INSERT INTO recipe_ingredients (recipe_id, ingredient_id, quantity, unit, info)
VALUES ('a599d5b3-750a-4143-8f83-c263440ca4ab', '2b23c2c6-aff9-45de-bbcd-c4bc90b13d4c', '1/2', NULL, NULL);
INSERT INTO recipe_ingredients (recipe_id, ingredient_id, quantity, unit, info)
VALUES ('a599d5b3-750a-4143-8f83-c263440ca4ab', '8c5b0e6c-90ca-45a8-ad0d-8ae1989f5bf1', '1/4', NULL, NULL);
INSERT INTO recipe_ingredients (recipe_id, ingredient_id, quantity, unit, info)
VALUES ('a599d5b3-750a-4143-8f83-c263440ca4ab', 'a19e9688-87d4-4c76-93b4-db338f86c49d', '1/2', NULL, NULL);
INSERT INTO recipe_ingredients (recipe_id, ingredient_id, quantity, unit, info)
VALUES ('a599d5b3-750a-4143-8f83-c263440ca4ab', 'aab7d2c3-9449-49f8-81f1-429a3acfc999', NULL, NULL, NULL);
INSERT INTO recipe_ingredients (recipe_id, ingredient_id, quantity, unit, info)
VALUES ('a599d5b3-750a-4143-8f83-c263440ca4ab', '0714bb59-0d3d-44ba-8a8c-edcc202a5345', '1', NULL, NULL);
INSERT INTO recipe_ingredients (recipe_id, ingredient_id, quantity, unit, info)
VALUES ('a599d5b3-750a-4143-8f83-c263440ca4ab', '176b2ad8-5f61-40ef-8e81-565585ac9ddd', '1', NULL, NULL);
INSERT INTO recipe_ingredients (recipe_id, ingredient_id, quantity, unit, info)
VALUES ('a599d5b3-750a-4143-8f83-c263440ca4ab', '1252c61a-9d28-41e4-85ea-e7f2bc8e8135', '1/2', NULL, NULL);

-- Insert recipe label
INSERT INTO recipe_labels (recipe_id, label_id)
VALUES ('a599d5b3-750a-4143-8f83-c263440ca4ab', '5a48e22a-f836-47a0-bdba-b59d08849d8e');

-- Add dummy media for recipe
INSERT INTO recipe_media (recipe_id, url, is_main)
VALUES ('a599d5b3-750a-4143-8f83-c263440ca4ab', '/images/recipes/beetroot-booster.jpg', true);

-- Insert recipe: Keto Strawberry Smoothie
INSERT INTO recipes (
  id, 
  slug, 
  title, 
  original_youtube_link, 
  overview, 
  directions, 
  benefits, 
  protein, 
  carbs, 
  fats, 
  calories, 
  meal_replacement, 
  gluten_free, 
  nut_free, 
  soy_free, 
  caffeine_free, 
  sugar_free,
  diet_type,
  protein_type,
  author_id
) VALUES (
  '60b6bbad-cb8c-4783-80ce-b862a34494fa', 
  'keto-strawberry-smoothie', 
  'Keto Strawberry Smoothie', 
  NULL, 
  'Looking for a healthy keto smoothie recipe? This strawberry smoothie is perfect for you! It''s low in carbs and high in fiber, making it the perfect snack or breakfast on the go.', 
  ARRAY['Combine all ingredients in a blender. Add more ice or water to reach the desired consistency.'], 
  'Energy', 
  29, 
  18, 
  33, 
  470, 
  true, 
  true, 
  true, 
  true, 
  true, 
  true,
  ARRAY['Keto'],
  ARRAY['Whey Protein'],
  '999ee74e-c899-4638-9e1f-bf0366499947'
);

-- Associate recipe with category
INSERT INTO recipe_categories (recipe_id, category_id)
VALUES ('60b6bbad-cb8c-4783-80ce-b862a34494fa', '6b20dfa0-6b2b-4719-8b1b-8a575fdfd51c');

-- Insert recipe ingredients
INSERT INTO recipe_ingredients (recipe_id, ingredient_id, quantity, unit, info)
VALUES ('60b6bbad-cb8c-4783-80ce-b862a34494fa', 'c708f7b2-f5b8-4e8a-8c0c-a671e7edfd19', '1', NULL, NULL);
INSERT INTO recipe_ingredients (recipe_id, ingredient_id, quantity, unit, info)
VALUES ('60b6bbad-cb8c-4783-80ce-b862a34494fa', '58f61454-dc69-49fb-933c-8a83d9a969b7', '1/4', NULL, NULL);
INSERT INTO recipe_ingredients (recipe_id, ingredient_id, quantity, unit, info)
VALUES ('60b6bbad-cb8c-4783-80ce-b862a34494fa', '34a58f0b-9c1b-487b-af2d-2bb4fad0d4db', '1/4', NULL, NULL);
INSERT INTO recipe_ingredients (recipe_id, ingredient_id, quantity, unit, info)
VALUES ('60b6bbad-cb8c-4783-80ce-b862a34494fa', 'a0a1246c-a2f5-4e7a-80ac-4470f187efe4', '1/2', NULL, NULL);
INSERT INTO recipe_ingredients (recipe_id, ingredient_id, quantity, unit, info)
VALUES ('60b6bbad-cb8c-4783-80ce-b862a34494fa', '3c69b04a-c615-4427-bd19-dc83380abf2c', '1', NULL, NULL);

-- Insert recipe label
INSERT INTO recipe_labels (recipe_id, label_id)
VALUES ('60b6bbad-cb8c-4783-80ce-b862a34494fa', '910a6bd6-afcd-476f-a88c-09ecdab6e75f');

-- Add dummy media for recipe
INSERT INTO recipe_media (recipe_id, url, is_main)
VALUES ('60b6bbad-cb8c-4783-80ce-b862a34494fa', '/images/recipes/keto-strawberry-smoothie.jpg', true);

-- Insert recipe: Coconut and Citrus Keto Shake
INSERT INTO recipes (
  id, 
  slug, 
  title, 
  original_youtube_link, 
  overview, 
  directions, 
  benefits, 
  protein, 
  carbs, 
  fats, 
  calories, 
  meal_replacement, 
  gluten_free, 
  nut_free, 
  soy_free, 
  caffeine_free, 
  sugar_free,
  diet_type,
  protein_type,
  author_id
) VALUES (
  'f203cf7e-a4f0-4da4-aa8c-84803442f342', 
  'coconut-and-citrus-keto-shake', 
  'Coconut and Citrus Keto Shake', 
  NULL, 
  'Coconut and citrus make the perfect combination for a refreshing drink that will help you stay on track with your diet goals.', 
  ARRAY['Combine all ingredients in a blender. Add more ice or water to reach the desired consistency.'], 
  'Energy', 
  28, 
  27, 
  30, 
  465, 
  true, 
  true, 
  true, 
  true, 
  true, 
  true,
  ARRAY['Keto'],
  ARRAY['Whey Protein'],
  '999ee74e-c899-4638-9e1f-bf0366499947'
);

-- Associate recipe with category
INSERT INTO recipe_categories (recipe_id, category_id)
VALUES ('f203cf7e-a4f0-4da4-aa8c-84803442f342', '6b20dfa0-6b2b-4719-8b1b-8a575fdfd51c');

-- Insert recipe ingredients
INSERT INTO recipe_ingredients (recipe_id, ingredient_id, quantity, unit, info)
VALUES ('f203cf7e-a4f0-4da4-aa8c-84803442f342', 'a0a1246c-a2f5-4e7a-80ac-4470f187efe4', '1/2', NULL, NULL);
INSERT INTO recipe_ingredients (recipe_id, ingredient_id, quantity, unit, info)
VALUES ('f203cf7e-a4f0-4da4-aa8c-84803442f342', '1252c61a-9d28-41e4-85ea-e7f2bc8e8135', '1/2', NULL, NULL);
INSERT INTO recipe_ingredients (recipe_id, ingredient_id, quantity, unit, info)
VALUES ('f203cf7e-a4f0-4da4-aa8c-84803442f342', '33b8e49a-ffb0-4ef9-aeb7-5fc5a4c63aab', '1/2', NULL, NULL);
INSERT INTO recipe_ingredients (recipe_id, ingredient_id, quantity, unit, info)
VALUES ('f203cf7e-a4f0-4da4-aa8c-84803442f342', '9a11d02e-2a86-4c9b-a57f-7b2cb3ad807c', '1', NULL, NULL);
INSERT INTO recipe_ingredients (recipe_id, ingredient_id, quantity, unit, info)
VALUES ('f203cf7e-a4f0-4da4-aa8c-84803442f342', '706c3c5f-115d-4365-a877-1a9f0ea74b9f', '1', NULL, NULL);
INSERT INTO recipe_ingredients (recipe_id, ingredient_id, quantity, unit, info)
VALUES ('f203cf7e-a4f0-4da4-aa8c-84803442f342', '96a9cec3-4bcf-4980-bf69-0f5a16d51aff', '1/2', NULL, NULL);
INSERT INTO recipe_ingredients (recipe_id, ingredient_id, quantity, unit, info)
VALUES ('f203cf7e-a4f0-4da4-aa8c-84803442f342', 'c33ba6ec-9f98-4a9f-87b9-864d40527d29', '1', NULL, NULL);

-- Insert recipe label
INSERT INTO recipe_labels (recipe_id, label_id)
VALUES ('f203cf7e-a4f0-4da4-aa8c-84803442f342', '910a6bd6-afcd-476f-a88c-09ecdab6e75f');

-- Add dummy media for recipe
INSERT INTO recipe_media (recipe_id, url, is_main)
VALUES ('f203cf7e-a4f0-4da4-aa8c-84803442f342', '/images/recipes/coconut-and-citrus-keto-shake.jpg', true);

-- Insert recipe: Caramel Keto Shake
INSERT INTO recipes (
  id, 
  slug, 
  title, 
  original_youtube_link, 
  overview, 
  directions, 
  benefits, 
  protein, 
  carbs, 
  fats, 
  calories, 
  meal_replacement, 
  gluten_free, 
  nut_free, 
  soy_free, 
  caffeine_free, 
  sugar_free,
  diet_type,
  protein_type,
  author_id
) VALUES (
  '1a0285b1-0339-44d4-9ae7-0776b8e724c4', 
  'caramel-keto-shake', 
  'Caramel Keto Shake', 
  NULL, 
  'This keto shake is a great way to get your morning off on the right foot. Get ready for those long days at work with this energizing and delicious breakfast option.', 
  ARRAY['Combine all ingredients in a blender. Add more ice or water to reach the desired consistency.'], 
  'Energy', 
  22, 
  20, 
  33, 
  447, 
  true, 
  true, 
  true, 
  true, 
  true, 
  true,
  ARRAY['Keto'],
  ARRAY['Casein Protein'],
  '999ee74e-c899-4638-9e1f-bf0366499947'
);

-- Associate recipe with category
INSERT INTO recipe_categories (recipe_id, category_id)
VALUES ('1a0285b1-0339-44d4-9ae7-0776b8e724c4', '6b20dfa0-6b2b-4719-8b1b-8a575fdfd51c');

-- Insert recipe ingredients
INSERT INTO recipe_ingredients (recipe_id, ingredient_id, quantity, unit, info)
VALUES ('1a0285b1-0339-44d4-9ae7-0776b8e724c4', 'a0a1246c-a2f5-4e7a-80ac-4470f187efe4', '1/2', NULL, NULL);
INSERT INTO recipe_ingredients (recipe_id, ingredient_id, quantity, unit, info)
VALUES ('1a0285b1-0339-44d4-9ae7-0776b8e724c4', 'ade83372-cf50-44e0-8b3e-9ab5b3c86936', '1/8', NULL, NULL);
INSERT INTO recipe_ingredients (recipe_id, ingredient_id, quantity, unit, info)
VALUES ('1a0285b1-0339-44d4-9ae7-0776b8e724c4', 'e53d0cd9-b3e4-46ef-ab54-9d5579d64ac6', NULL, NULL, NULL);
INSERT INTO recipe_ingredients (recipe_id, ingredient_id, quantity, unit, info)
VALUES ('1a0285b1-0339-44d4-9ae7-0776b8e724c4', '9cc4b26a-468c-46b5-af1b-6d1096391018', NULL, NULL, NULL);
INSERT INTO recipe_ingredients (recipe_id, ingredient_id, quantity, unit, info)
VALUES ('1a0285b1-0339-44d4-9ae7-0776b8e724c4', '58f61454-dc69-49fb-933c-8a83d9a969b7', '1/2', NULL, NULL);
INSERT INTO recipe_ingredients (recipe_id, ingredient_id, quantity, unit, info)
VALUES ('1a0285b1-0339-44d4-9ae7-0776b8e724c4', '92fab1b4-5277-4165-9f80-ad521abbb8f1', '1', NULL, NULL);
INSERT INTO recipe_ingredients (recipe_id, ingredient_id, quantity, unit, info)
VALUES ('1a0285b1-0339-44d4-9ae7-0776b8e724c4', 'e53a6c19-1d9e-4637-958a-d4a7e8fe059c', '1', NULL, NULL);
INSERT INTO recipe_ingredients (recipe_id, ingredient_id, quantity, unit, info)
VALUES ('1a0285b1-0339-44d4-9ae7-0776b8e724c4', 'c03083ce-c086-4801-a773-4c90dd3608ff', '3/4', NULL, NULL);

-- Insert recipe label
INSERT INTO recipe_labels (recipe_id, label_id)
VALUES ('1a0285b1-0339-44d4-9ae7-0776b8e724c4', '910a6bd6-afcd-476f-a88c-09ecdab6e75f');

-- Add dummy media for recipe
INSERT INTO recipe_media (recipe_id, url, is_main)
VALUES ('1a0285b1-0339-44d4-9ae7-0776b8e724c4', '/images/recipes/caramel-keto-shake.jpg', true);

-- Insert recipe: Chocolate Cookie Keto Smoothie
INSERT INTO recipes (
  id, 
  slug, 
  title, 
  original_youtube_link, 
  overview, 
  directions, 
  benefits, 
  protein, 
  carbs, 
  fats, 
  calories, 
  meal_replacement, 
  gluten_free, 
  nut_free, 
  soy_free, 
  caffeine_free, 
  sugar_free,
  diet_type,
  protein_type,
  author_id
) VALUES (
  '2b02893e-d04b-4e3d-b982-50fe015564db', 
  'chocolate-cookie-keto-smoothie', 
  'Chocolate Cookie Keto Smoothie', 
  NULL, 
  'This Keto chocolate cookie smoothie is a delicious and healthy way to enjoy the flavor of your favorite dessert while hitting your macros.', 
  ARRAY['Combine all ingredients in a blender. Add more ice or water to reach the desired consistency.'], 
  'Energy', 
  24, 
  13, 
  25, 
  358, 
  true, 
  true, 
  false, 
  true, 
  true, 
  true,
  ARRAY['Keto'],
  ARRAY['Casein Protein'],
  '999ee74e-c899-4638-9e1f-bf0366499947'
);

-- Associate recipe with category
INSERT INTO recipe_categories (recipe_id, category_id)
VALUES ('2b02893e-d04b-4e3d-b982-50fe015564db', '6b20dfa0-6b2b-4719-8b1b-8a575fdfd51c');

-- Insert recipe ingredients
INSERT INTO recipe_ingredients (recipe_id, ingredient_id, quantity, unit, info)
VALUES ('2b02893e-d04b-4e3d-b982-50fe015564db', 'a0a1246c-a2f5-4e7a-80ac-4470f187efe4', '1/4', NULL, NULL);
INSERT INTO recipe_ingredients (recipe_id, ingredient_id, quantity, unit, info)
VALUES ('2b02893e-d04b-4e3d-b982-50fe015564db', 'dd133b80-a695-4e68-9c9b-ce2548ed4c7a', '1/4', NULL, NULL);
INSERT INTO recipe_ingredients (recipe_id, ingredient_id, quantity, unit, info)
VALUES ('2b02893e-d04b-4e3d-b982-50fe015564db', 'effaad48-5304-4c69-8e90-237d88f6ab4f', '1', NULL, NULL);
INSERT INTO recipe_ingredients (recipe_id, ingredient_id, quantity, unit, info)
VALUES ('2b02893e-d04b-4e3d-b982-50fe015564db', '58f61454-dc69-49fb-933c-8a83d9a969b7', '1/4', NULL, NULL);
INSERT INTO recipe_ingredients (recipe_id, ingredient_id, quantity, unit, info)
VALUES ('2b02893e-d04b-4e3d-b982-50fe015564db', 'e53a6c19-1d9e-4637-958a-d4a7e8fe059c', '1/2', NULL, NULL);
INSERT INTO recipe_ingredients (recipe_id, ingredient_id, quantity, unit, info)
VALUES ('2b02893e-d04b-4e3d-b982-50fe015564db', '1f1b4e94-5252-481a-942b-400865115262', '1', NULL, NULL);
INSERT INTO recipe_ingredients (recipe_id, ingredient_id, quantity, unit, info)
VALUES ('2b02893e-d04b-4e3d-b982-50fe015564db', '822d2eae-d540-4b8f-bc40-3c833c8c04e4', '1', NULL, NULL);

-- Insert recipe label
INSERT INTO recipe_labels (recipe_id, label_id)
VALUES ('2b02893e-d04b-4e3d-b982-50fe015564db', '910a6bd6-afcd-476f-a88c-09ecdab6e75f');

-- Add dummy media for recipe
INSERT INTO recipe_media (recipe_id, url, is_main)
VALUES ('2b02893e-d04b-4e3d-b982-50fe015564db', '/images/recipes/chocolate-cookie-keto-smoothie.jpg', true);

-- Insert recipe: Tropical Keto Shake
INSERT INTO recipes (
  id, 
  slug, 
  title, 
  original_youtube_link, 
  overview, 
  directions, 
  benefits, 
  protein, 
  carbs, 
  fats, 
  calories, 
  meal_replacement, 
  gluten_free, 
  nut_free, 
  soy_free, 
  caffeine_free, 
  sugar_free,
  diet_type,
  protein_type,
  author_id
) VALUES (
  'add19ef5-cef4-460a-b7c6-0b042ddbfec3', 
  'tropical-keto-shake', 
  'Tropical Keto Shake', 
  NULL, 
  'This keto shake recipe is perfect for a quick and healthy snack. It''s packed with tropical flavors and will keep you satisfied until your next meal.', 
  ARRAY['Combine all ingredients in a blender. Add more ice or water to reach the desired consistency.'], 
  'Energy', 
  27, 
  16, 
  23, 
  359, 
  true, 
  true, 
  true, 
  true, 
  true, 
  true,
  ARRAY['Keto'],
  ARRAY['Casein Protein'],
  '999ee74e-c899-4638-9e1f-bf0366499947'
);

-- Associate recipe with category
INSERT INTO recipe_categories (recipe_id, category_id)
VALUES ('add19ef5-cef4-460a-b7c6-0b042ddbfec3', '6b20dfa0-6b2b-4719-8b1b-8a575fdfd51c');

-- Insert recipe ingredients
INSERT INTO recipe_ingredients (recipe_id, ingredient_id, quantity, unit, info)
VALUES ('add19ef5-cef4-460a-b7c6-0b042ddbfec3', 'd2713795-db5a-4e97-a510-e6ab8f7b45c4', '1/4', NULL, NULL);
INSERT INTO recipe_ingredients (recipe_id, ingredient_id, quantity, unit, info)
VALUES ('add19ef5-cef4-460a-b7c6-0b042ddbfec3', '38341cd3-c4d9-4ad4-8b4a-d78e6a48e67a', '1/4', NULL, NULL);
INSERT INTO recipe_ingredients (recipe_id, ingredient_id, quantity, unit, info)
VALUES ('add19ef5-cef4-460a-b7c6-0b042ddbfec3', 'a0a1246c-a2f5-4e7a-80ac-4470f187efe4', '1/4', NULL, NULL);
INSERT INTO recipe_ingredients (recipe_id, ingredient_id, quantity, unit, info)
VALUES ('add19ef5-cef4-460a-b7c6-0b042ddbfec3', 'c03083ce-c086-4801-a773-4c90dd3608ff', '1/2', NULL, NULL);
INSERT INTO recipe_ingredients (recipe_id, ingredient_id, quantity, unit, info)
VALUES ('add19ef5-cef4-460a-b7c6-0b042ddbfec3', '2b23c2c6-aff9-45de-bbcd-c4bc90b13d4c', '1/2', NULL, NULL);

-- Insert recipe label
INSERT INTO recipe_labels (recipe_id, label_id)
VALUES ('add19ef5-cef4-460a-b7c6-0b042ddbfec3', '910a6bd6-afcd-476f-a88c-09ecdab6e75f');

-- Add dummy media for recipe
INSERT INTO recipe_media (recipe_id, url, is_main)
VALUES ('add19ef5-cef4-460a-b7c6-0b042ddbfec3', '/images/recipes/tropical-keto-shake.jpg', true);

-- Insert recipe: Peanut Butter Keto Shake
INSERT INTO recipes (
  id, 
  slug, 
  title, 
  original_youtube_link, 
  overview, 
  directions, 
  benefits, 
  protein, 
  carbs, 
  fats, 
  calories, 
  meal_replacement, 
  gluten_free, 
  nut_free, 
  soy_free, 
  caffeine_free, 
  sugar_free,
  diet_type,
  protein_type,
  author_id
) VALUES (
  'cf27fc90-d543-46a0-8087-8b97238fff85', 
  'peanut-butter-keto-shake', 
  'Peanut Butter Keto Shake', 
  NULL, 
  'This keto smoothie recipe uses peanut butter as the base for an easy and healthy shake that will give you plenty of natural fats and protein to help you make it through the day!', 
  ARRAY['Combine all ingredients in a blender. Add more ice or water to reach the desired consistency.'], 
  'Energy', 
  30, 
  11, 
  28, 
  410, 
  true, 
  true, 
  false, 
  true, 
  true, 
  true,
  ARRAY['Keto'],
  ARRAY['Casein Protein'],
  '999ee74e-c899-4638-9e1f-bf0366499947'
);

-- Associate recipe with category
INSERT INTO recipe_categories (recipe_id, category_id)
VALUES ('cf27fc90-d543-46a0-8087-8b97238fff85', '6b20dfa0-6b2b-4719-8b1b-8a575fdfd51c');

-- Insert recipe ingredients
INSERT INTO recipe_ingredients (recipe_id, ingredient_id, quantity, unit, info)
VALUES ('cf27fc90-d543-46a0-8087-8b97238fff85', 'a0a1246c-a2f5-4e7a-80ac-4470f187efe4', '1/4', NULL, NULL);
INSERT INTO recipe_ingredients (recipe_id, ingredient_id, quantity, unit, info)
VALUES ('cf27fc90-d543-46a0-8087-8b97238fff85', 'effaad48-5304-4c69-8e90-237d88f6ab4f', '1', NULL, NULL);
INSERT INTO recipe_ingredients (recipe_id, ingredient_id, quantity, unit, info)
VALUES ('cf27fc90-d543-46a0-8087-8b97238fff85', 'fd0a69cc-0786-4b0d-a70a-7e2c1fb06875', '1', NULL, NULL);
INSERT INTO recipe_ingredients (recipe_id, ingredient_id, quantity, unit, info)
VALUES ('cf27fc90-d543-46a0-8087-8b97238fff85', '2c854626-6c38-43c7-9a95-5a74bd0fe68f', NULL, NULL, NULL);
INSERT INTO recipe_ingredients (recipe_id, ingredient_id, quantity, unit, info)
VALUES ('cf27fc90-d543-46a0-8087-8b97238fff85', 'c03083ce-c086-4801-a773-4c90dd3608ff', '1/2', NULL, NULL);

-- Insert recipe label
INSERT INTO recipe_labels (recipe_id, label_id)
VALUES ('cf27fc90-d543-46a0-8087-8b97238fff85', '910a6bd6-afcd-476f-a88c-09ecdab6e75f');

-- Add dummy media for recipe
INSERT INTO recipe_media (recipe_id, url, is_main)
VALUES ('cf27fc90-d543-46a0-8087-8b97238fff85', '/images/recipes/peanut-butter-keto-shake.jpg', true);

-- Insert recipe: Keto Eggnog Smoothie
INSERT INTO recipes (
  id, 
  slug, 
  title, 
  original_youtube_link, 
  overview, 
  directions, 
  benefits, 
  protein, 
  carbs, 
  fats, 
  calories, 
  meal_replacement, 
  gluten_free, 
  nut_free, 
  soy_free, 
  caffeine_free, 
  sugar_free,
  diet_type,
  protein_type,
  author_id
) VALUES (
  'f4f9c94b-646b-4be0-8c01-0c8c6ec5d7a4', 
  'keto-eggnog-smoothie', 
  'Keto Eggnog Smoothie', 
  NULL, 
  'This Keto Eggnog smoothie is a festive drink that will keep you on track with your healthy eating goals.', 
  ARRAY['Combine all ingredients in a blender. Add more ice or water to reach the desired consistency.'], 
  'Energy', 
  35, 
  11, 
  21, 
  361, 
  true, 
  true, 
  true, 
  true, 
  true, 
  true,
  ARRAY['Keto'],
  ARRAY['Casein Protein'],
  '999ee74e-c899-4638-9e1f-bf0366499947'
);

-- Associate recipe with category
INSERT INTO recipe_categories (recipe_id, category_id)
VALUES ('f4f9c94b-646b-4be0-8c01-0c8c6ec5d7a4', '6b20dfa0-6b2b-4719-8b1b-8a575fdfd51c');

-- Insert recipe ingredients
INSERT INTO recipe_ingredients (recipe_id, ingredient_id, quantity, unit, info)
VALUES ('f4f9c94b-646b-4be0-8c01-0c8c6ec5d7a4', 'a0a1246c-a2f5-4e7a-80ac-4470f187efe4', '1/4', NULL, NULL);
INSERT INTO recipe_ingredients (recipe_id, ingredient_id, quantity, unit, info)
VALUES ('f4f9c94b-646b-4be0-8c01-0c8c6ec5d7a4', 'dd133b80-a695-4e68-9c9b-ce2548ed4c7a', '1/2', NULL, NULL);
INSERT INTO recipe_ingredients (recipe_id, ingredient_id, quantity, unit, info)
VALUES ('f4f9c94b-646b-4be0-8c01-0c8c6ec5d7a4', 'a07867d0-6e0d-4cbe-aa66-d2282c763209', '1', NULL, NULL);
INSERT INTO recipe_ingredients (recipe_id, ingredient_id, quantity, unit, info)
VALUES ('f4f9c94b-646b-4be0-8c01-0c8c6ec5d7a4', 'e53a6c19-1d9e-4637-958a-d4a7e8fe059c', '1/2', NULL, NULL);
INSERT INTO recipe_ingredients (recipe_id, ingredient_id, quantity, unit, info)
VALUES ('f4f9c94b-646b-4be0-8c01-0c8c6ec5d7a4', 'a99e3702-e158-4f4c-8754-ae3984af660f', '1', NULL, NULL);
INSERT INTO recipe_ingredients (recipe_id, ingredient_id, quantity, unit, info)
VALUES ('f4f9c94b-646b-4be0-8c01-0c8c6ec5d7a4', 'bd82b519-cac2-4d68-b7df-261d5aef4635', '1/2', NULL, NULL);
INSERT INTO recipe_ingredients (recipe_id, ingredient_id, quantity, unit, info)
VALUES ('f4f9c94b-646b-4be0-8c01-0c8c6ec5d7a4', '6f2c3ec0-24cd-49d2-9864-9e0647e31b0b', NULL, NULL, NULL);

-- Insert recipe label
INSERT INTO recipe_labels (recipe_id, label_id)
VALUES ('f4f9c94b-646b-4be0-8c01-0c8c6ec5d7a4', '910a6bd6-afcd-476f-a88c-09ecdab6e75f');

-- Add dummy media for recipe
INSERT INTO recipe_media (recipe_id, url, is_main)
VALUES ('f4f9c94b-646b-4be0-8c01-0c8c6ec5d7a4', '/images/recipes/keto-eggnog-smoothie.jpg', true);

-- Insert recipe: Greens and Avocado
INSERT INTO recipes (
  id, 
  slug, 
  title, 
  original_youtube_link, 
  overview, 
  directions, 
  benefits, 
  protein, 
  carbs, 
  fats, 
  calories, 
  meal_replacement, 
  gluten_free, 
  nut_free, 
  soy_free, 
  caffeine_free, 
  sugar_free,
  diet_type,
  protein_type,
  author_id
) VALUES (
  'f8a118f1-9caa-453c-9baf-632d61f1c80c', 
  'greens-and-avocado', 
  'Greens and Avocado', 
  NULL, 
  'If you''re looking for a pre-workout shake that will help you power through your next workout, look no further than this recipe. It''s packed with healthy nutrients that will give you the energy you need to push yourself to the next level.', 
  ARRAY['Combine all ingredients in a blender. Add more ice or water to reach the desired consistency.'], 
  'Energy', 
  33, 
  48, 
  9, 
  373, 
  true, 
  true, 
  true, 
  true, 
  true, 
  true,
  ARRAY['Paleo'],
  ARRAY['Plant Based'],
  '999ee74e-c899-4638-9e1f-bf0366499947'
);

-- Associate recipe with category
INSERT INTO recipe_categories (recipe_id, category_id)
VALUES ('f8a118f1-9caa-453c-9baf-632d61f1c80c', 'a94346c6-daf1-44e0-b249-80ce7406c52b');

-- Insert recipe label
INSERT INTO recipe_labels (recipe_id, label_id)
VALUES ('f8a118f1-9caa-453c-9baf-632d61f1c80c', '910a6bd6-afcd-476f-a88c-09ecdab6e75f');

-- Add dummy media for recipe
INSERT INTO recipe_media (recipe_id, url, is_main)
VALUES ('f8a118f1-9caa-453c-9baf-632d61f1c80c', '/images/recipes/greens-and-avocado.jpg', true);

-- Insert recipe: Acai Berry Shake
INSERT INTO recipes (
  id, 
  slug, 
  title, 
  original_youtube_link, 
  overview, 
  directions, 
  benefits, 
  protein, 
  carbs, 
  fats, 
  calories, 
  meal_replacement, 
  gluten_free, 
  nut_free, 
  soy_free, 
  caffeine_free, 
  sugar_free,
  diet_type,
  protein_type,
  author_id
) VALUES (
  '151ea54b-2935-4f55-a703-d8b3c783c269', 
  'acai-berry-shake', 
  'Acai Berry Shake', 
  NULL, 
  'This acai berry shake recipe is packed with antioxidants, protein and healthy carbs to help give you the energy you need to crush your workout. Plus, it''s delicious and easy to make!', 
  ARRAY['Combine all ingredients in a blender. Add more ice or water to reach the desired consistency.'], 
  'Energy', 
  22, 
  48, 
  3, 
  314, 
  false, 
  true, 
  false, 
  true, 
  true, 
  true,
  ARRAY['Whole 30'],
  ARRAY['Plant Based'],
  '999ee74e-c899-4638-9e1f-bf0366499947'
);

-- Associate recipe with category
INSERT INTO recipe_categories (recipe_id, category_id)
VALUES ('151ea54b-2935-4f55-a703-d8b3c783c269', 'a94346c6-daf1-44e0-b249-80ce7406c52b');

-- Insert recipe label
INSERT INTO recipe_labels (recipe_id, label_id)
VALUES ('151ea54b-2935-4f55-a703-d8b3c783c269', '910a6bd6-afcd-476f-a88c-09ecdab6e75f');

-- Add dummy media for recipe
INSERT INTO recipe_media (recipe_id, url, is_main)
VALUES ('151ea54b-2935-4f55-a703-d8b3c783c269', '/images/recipes/acai-berry-shake.jpg', true);

-- Insert recipe: Apple and Lemon Smoothie
INSERT INTO recipes (
  id, 
  slug, 
  title, 
  original_youtube_link, 
  overview, 
  directions, 
  benefits, 
  protein, 
  carbs, 
  fats, 
  calories, 
  meal_replacement, 
  gluten_free, 
  nut_free, 
  soy_free, 
  caffeine_free, 
  sugar_free,
  diet_type,
  protein_type,
  author_id
) VALUES (
  'eaa7ee1b-b214-4f51-8649-acaad1597460', 
  'apple-and-lemon-smoothie', 
  'Apple and Lemon Smoothie', 
  NULL, 
  'This Apple and Lemon smoothie recipe will help you recover faster, get more energized, and get through your workout with ease.', 
  ARRAY['Combine all ingredients in a blender. Add more ice or water to reach the desired consistency.'], 
  'Energy', 
  23, 
  61, 
  4, 
  354, 
  false, 
  true, 
  true, 
  true, 
  true, 
  true,
  ARRAY['Plant Based'],
  ARRAY['Rice Protein'],
  '999ee74e-c899-4638-9e1f-bf0366499947'
);

-- Associate recipe with category
INSERT INTO recipe_categories (recipe_id, category_id)
VALUES ('eaa7ee1b-b214-4f51-8649-acaad1597460', 'a94346c6-daf1-44e0-b249-80ce7406c52b');

-- Insert recipe ingredients
INSERT INTO recipe_ingredients (recipe_id, ingredient_id, quantity, unit, info)
VALUES ('eaa7ee1b-b214-4f51-8649-acaad1597460', '7e335830-3f4d-40e2-83b9-270d5e7fabf3', '1', NULL, NULL);

-- Insert recipe label
INSERT INTO recipe_labels (recipe_id, label_id)
VALUES ('eaa7ee1b-b214-4f51-8649-acaad1597460', '910a6bd6-afcd-476f-a88c-09ecdab6e75f');

-- Add dummy media for recipe
INSERT INTO recipe_media (recipe_id, url, is_main)
VALUES ('eaa7ee1b-b214-4f51-8649-acaad1597460', '/images/recipes/apple-and-lemon-smoothie.jpg', true);

-- Insert recipe: Citrus Pre Workout Shake
INSERT INTO recipes (
  id, 
  slug, 
  title, 
  original_youtube_link, 
  overview, 
  directions, 
  benefits, 
  protein, 
  carbs, 
  fats, 
  calories, 
  meal_replacement, 
  gluten_free, 
  nut_free, 
  soy_free, 
  caffeine_free, 
  sugar_free,
  diet_type,
  protein_type,
  author_id
) VALUES (
  'e1e284eb-cf33-4630-949b-8908c9c075d1', 
  'citrus-pre-workout-shake', 
  'Citrus Pre Workout Shake', 
  NULL, 
  'Looking for a healthy pre-workout shake recipe? This citrus shake is packed with nutrients to help fuel your workout.', 
  ARRAY['Combine all ingredients in a blender. Add more ice or water to reach the desired consistency.'], 
  'Energy', 
  27, 
  47, 
  9, 
  363, 
  false, 
  true, 
  true, 
  true, 
  true, 
  true,
  ARRAY['Paleo'],
  ARRAY['Plant Based'],
  '999ee74e-c899-4638-9e1f-bf0366499947'
);

-- Associate recipe with category
INSERT INTO recipe_categories (recipe_id, category_id)
VALUES ('e1e284eb-cf33-4630-949b-8908c9c075d1', 'a94346c6-daf1-44e0-b249-80ce7406c52b');

-- Insert recipe ingredients
INSERT INTO recipe_ingredients (recipe_id, ingredient_id, quantity, unit, info)
VALUES ('e1e284eb-cf33-4630-949b-8908c9c075d1', '6ba905b4-f22b-43b0-bf2e-dcee49371802', '1', NULL, NULL);
INSERT INTO recipe_ingredients (recipe_id, ingredient_id, quantity, unit, info)
VALUES ('e1e284eb-cf33-4630-949b-8908c9c075d1', '1c104b5f-aced-4932-b99c-82594142b2bf', '1', NULL, NULL);
INSERT INTO recipe_ingredients (recipe_id, ingredient_id, quantity, unit, info)
VALUES ('e1e284eb-cf33-4630-949b-8908c9c075d1', '1d24db3d-a7f4-4bd3-bd67-c21b4197a75f', '1', NULL, NULL);
INSERT INTO recipe_ingredients (recipe_id, ingredient_id, quantity, unit, info)
VALUES ('e1e284eb-cf33-4630-949b-8908c9c075d1', '37e6ff62-f56a-464a-a928-42558e3999f8', '1/2', NULL, NULL);
INSERT INTO recipe_ingredients (recipe_id, ingredient_id, quantity, unit, info)
VALUES ('e1e284eb-cf33-4630-949b-8908c9c075d1', '8dff8ca5-82d9-46c0-9be4-5ba75dc0b2f1', '1', NULL, NULL);

-- Insert recipe label
INSERT INTO recipe_labels (recipe_id, label_id)
VALUES ('e1e284eb-cf33-4630-949b-8908c9c075d1', '910a6bd6-afcd-476f-a88c-09ecdab6e75f');

-- Add dummy media for recipe
INSERT INTO recipe_media (recipe_id, url, is_main)
VALUES ('e1e284eb-cf33-4630-949b-8908c9c075d1', '/images/recipes/citrus-pre-workout-shake.jpg', true);

-- Insert recipe: Strawberry Mint
INSERT INTO recipes (
  id, 
  slug, 
  title, 
  original_youtube_link, 
  overview, 
  directions, 
  benefits, 
  protein, 
  carbs, 
  fats, 
  calories, 
  meal_replacement, 
  gluten_free, 
  nut_free, 
  soy_free, 
  caffeine_free, 
  sugar_free,
  diet_type,
  protein_type,
  author_id
) VALUES (
  '51e0d2eb-6b81-4eab-8035-e950c103c337', 
  'strawberry-mint', 
  'Strawberry Mint', 
  NULL, 
  'This shake is packed with healthy ingredients that will help power you through your workout. With protein, fiber and plenty of vitamins, this shake will give you the energy you need to stay focused and motivated.', 
  ARRAY['Combine all ingredients in a blender. Add more ice or water to reach the desired consistency.'], 
  'Energy', 
  25, 
  23, 
  9, 
  259, 
  false, 
  true, 
  true, 
  true, 
  true, 
  true,
  ARRAY['Vegan'],
  ARRAY['Pea Protein'],
  '999ee74e-c899-4638-9e1f-bf0366499947'
);

-- Associate recipe with category
INSERT INTO recipe_categories (recipe_id, category_id)
VALUES ('51e0d2eb-6b81-4eab-8035-e950c103c337', 'a94346c6-daf1-44e0-b249-80ce7406c52b');

-- Insert recipe label
INSERT INTO recipe_labels (recipe_id, label_id)
VALUES ('51e0d2eb-6b81-4eab-8035-e950c103c337', '910a6bd6-afcd-476f-a88c-09ecdab6e75f');

-- Add dummy media for recipe
INSERT INTO recipe_media (recipe_id, url, is_main)
VALUES ('51e0d2eb-6b81-4eab-8035-e950c103c337', '/images/recipes/strawberry-mint.jpg', true);

-- Insert recipe: Hard Greens Shake
INSERT INTO recipes (
  id, 
  slug, 
  title, 
  original_youtube_link, 
  overview, 
  directions, 
  benefits, 
  protein, 
  carbs, 
  fats, 
  calories, 
  meal_replacement, 
  gluten_free, 
  nut_free, 
  soy_free, 
  caffeine_free, 
  sugar_free,
  diet_type,
  protein_type,
  author_id
) VALUES (
  'aaa098c1-9c3d-4682-8693-f3f5da2348cf', 
  'hard-greens-shake', 
  'Hard Greens Shake', 
  NULL, 
  'Hard Greens is a pre-workout shake that provides you with the necessary vitamins and nutrients to give your workout an extra boost.', 
  ARRAY['Combine all ingredients in a blender. Add more ice or water to reach the desired consistency.'], 
  'Energy', 
  28, 
  26, 
  2, 
  227, 
  false, 
  true, 
  true, 
  true, 
  true, 
  true,
  ARRAY['Whole 30'],
  ARRAY['Pea Protein'],
  '999ee74e-c899-4638-9e1f-bf0366499947'
);

-- Associate recipe with category
INSERT INTO recipe_categories (recipe_id, category_id)
VALUES ('aaa098c1-9c3d-4682-8693-f3f5da2348cf', 'a94346c6-daf1-44e0-b249-80ce7406c52b');

-- Insert recipe label
INSERT INTO recipe_labels (recipe_id, label_id)
VALUES ('aaa098c1-9c3d-4682-8693-f3f5da2348cf', '910a6bd6-afcd-476f-a88c-09ecdab6e75f');

-- Add dummy media for recipe
INSERT INTO recipe_media (recipe_id, url, is_main)
VALUES ('aaa098c1-9c3d-4682-8693-f3f5da2348cf', '/images/recipes/hard-greens-shake.jpg', true);

-- Insert recipe: Keto Pre-workout Berry Smoothie
INSERT INTO recipes (
  id, 
  slug, 
  title, 
  original_youtube_link, 
  overview, 
  directions, 
  benefits, 
  protein, 
  carbs, 
  fats, 
  calories, 
  meal_replacement, 
  gluten_free, 
  nut_free, 
  soy_free, 
  caffeine_free, 
  sugar_free,
  diet_type,
  protein_type,
  author_id
) VALUES (
  'aa4e3ffb-0e9d-411b-97af-21bb7552467d', 
  'keto-pre-workout-berry-smoothie', 
  'Keto Pre-workout Berry Smoothie', 
  NULL, 
  'This is the perfect keto pre-workout smoothie recipe. It has all of your electrolytes and healthy fats to keep you going strong through a tough workout!', 
  ARRAY['Combine all ingredients in a blender. Add more ice or water to reach the desired consistency.'], 
  'Energy', 
  27, 
  18, 
  21, 
  352, 
  false, 
  true, 
  true, 
  true, 
  true, 
  true,
  ARRAY['Keto'],
  ARRAY['Whey Protein'],
  '999ee74e-c899-4638-9e1f-bf0366499947'
);

-- Associate recipe with category
INSERT INTO recipe_categories (recipe_id, category_id)
VALUES ('aa4e3ffb-0e9d-411b-97af-21bb7552467d', 'a94346c6-daf1-44e0-b249-80ce7406c52b');

-- Insert recipe label
INSERT INTO recipe_labels (recipe_id, label_id)
VALUES ('aa4e3ffb-0e9d-411b-97af-21bb7552467d', '910a6bd6-afcd-476f-a88c-09ecdab6e75f');

-- Add dummy media for recipe
INSERT INTO recipe_media (recipe_id, url, is_main)
VALUES ('aa4e3ffb-0e9d-411b-97af-21bb7552467d', '/images/recipes/keto-pre-workout-berry-smoothie.jpg', true);

-- Insert recipe: Rasberry and Pineapple Smoothie
INSERT INTO recipes (
  id, 
  slug, 
  title, 
  original_youtube_link, 
  overview, 
  directions, 
  benefits, 
  protein, 
  carbs, 
  fats, 
  calories, 
  meal_replacement, 
  gluten_free, 
  nut_free, 
  soy_free, 
  caffeine_free, 
  sugar_free,
  diet_type,
  protein_type,
  author_id
) VALUES (
  '69a76e08-5a29-40ee-a135-a4a99f57caaf', 
  'rasberry-and-pineapple-smoothie', 
  'Rasberry and Pineapple Smoothie', 
  NULL, 
  'This delicious pre-workout smoothie is packed with antioxidants, vitamins, minerals, and electrolytes. It''s perfect for hydrating before a workout or race.', 
  ARRAY['Combine all ingredients in a blender. Add more ice or water to reach the desired consistency.'], 
  'Energy', 
  27, 
  55, 
  4, 
  354, 
  false, 
  true, 
  false, 
  true, 
  true, 
  true,
  ARRAY['Plant Based'],
  ARRAY['Rice Protein'],
  '999ee74e-c899-4638-9e1f-bf0366499947'
);

-- Associate recipe with category
INSERT INTO recipe_categories (recipe_id, category_id)
VALUES ('69a76e08-5a29-40ee-a135-a4a99f57caaf', 'a94346c6-daf1-44e0-b249-80ce7406c52b');

-- Insert recipe label
INSERT INTO recipe_labels (recipe_id, label_id)
VALUES ('69a76e08-5a29-40ee-a135-a4a99f57caaf', '910a6bd6-afcd-476f-a88c-09ecdab6e75f');

-- Add dummy media for recipe
INSERT INTO recipe_media (recipe_id, url, is_main)
VALUES ('69a76e08-5a29-40ee-a135-a4a99f57caaf', '/images/recipes/rasberry-and-pineapple-smoothie.jpg', true);

-- Insert recipe: Cranberry Oat Smoothie
INSERT INTO recipes (
  id, 
  slug, 
  title, 
  original_youtube_link, 
  overview, 
  directions, 
  benefits, 
  protein, 
  carbs, 
  fats, 
  calories, 
  meal_replacement, 
  gluten_free, 
  nut_free, 
  soy_free, 
  caffeine_free, 
  sugar_free,
  diet_type,
  protein_type,
  author_id
) VALUES (
  '1653d8e2-a665-496b-8682-1ff8e9a5cbec', 
  'cranberry-oat-smoothie', 
  'Cranberry Oat Smoothie', 
  NULL, 
  'This cranberry and oat smoothie is a perfect addition to your pre-workout routine! It''s full of healthy ingredients that will give you the energy and nutrition needed before hitting the gym.', 
  ARRAY['Combine all ingredients in a blender. Add more ice or water to reach the desired consistency.'], 
  'Energy', 
  23, 
  40, 
  4, 
  282, 
  false, 
  true, 
  true, 
  true, 
  true, 
  false,
  ARRAY['Vegan'],
  ARRAY['Oat Protein'],
  '999ee74e-c899-4638-9e1f-bf0366499947'
);

-- Associate recipe with category
INSERT INTO recipe_categories (recipe_id, category_id)
VALUES ('1653d8e2-a665-496b-8682-1ff8e9a5cbec', 'a94346c6-daf1-44e0-b249-80ce7406c52b');

-- Insert recipe ingredients
INSERT INTO recipe_ingredients (recipe_id, ingredient_id, quantity, unit, info)
VALUES ('1653d8e2-a665-496b-8682-1ff8e9a5cbec', '33b8e49a-ffb0-4ef9-aeb7-5fc5a4c63aab', '1/2', NULL, NULL);
INSERT INTO recipe_ingredients (recipe_id, ingredient_id, quantity, unit, info)
VALUES ('1653d8e2-a665-496b-8682-1ff8e9a5cbec', '96a9cec3-4bcf-4980-bf69-0f5a16d51aff', '1/4', NULL, NULL);
INSERT INTO recipe_ingredients (recipe_id, ingredient_id, quantity, unit, info)
VALUES ('1653d8e2-a665-496b-8682-1ff8e9a5cbec', '33a00a7d-2af0-4b38-a3dd-188d158431df', '1/2', NULL, NULL);
INSERT INTO recipe_ingredients (recipe_id, ingredient_id, quantity, unit, info)
VALUES ('1653d8e2-a665-496b-8682-1ff8e9a5cbec', '51ff70ff-b381-4570-afb8-5f6fcd6e7d18', '1/2', NULL, NULL);
INSERT INTO recipe_ingredients (recipe_id, ingredient_id, quantity, unit, info)
VALUES ('1653d8e2-a665-496b-8682-1ff8e9a5cbec', '2568e6de-9593-4df5-ae31-98073e031db2', '1', NULL, NULL);
INSERT INTO recipe_ingredients (recipe_id, ingredient_id, quantity, unit, info)
VALUES ('1653d8e2-a665-496b-8682-1ff8e9a5cbec', '85fb8e71-ff8a-43a2-9fdd-b70cc95aa810', '1/4', NULL, NULL);
INSERT INTO recipe_ingredients (recipe_id, ingredient_id, quantity, unit, info)
VALUES ('1653d8e2-a665-496b-8682-1ff8e9a5cbec', '58f61454-dc69-49fb-933c-8a83d9a969b7', '1/4', NULL, NULL);

-- Insert recipe label
INSERT INTO recipe_labels (recipe_id, label_id)
VALUES ('1653d8e2-a665-496b-8682-1ff8e9a5cbec', '910a6bd6-afcd-476f-a88c-09ecdab6e75f');

-- Add dummy media for recipe
INSERT INTO recipe_media (recipe_id, url, is_main)
VALUES ('1653d8e2-a665-496b-8682-1ff8e9a5cbec', '/images/recipes/cranberry-oat-smoothie.jpg', true);

-- Insert recipe: Ruby Red
INSERT INTO recipes (
  id, 
  slug, 
  title, 
  original_youtube_link, 
  overview, 
  directions, 
  benefits, 
  protein, 
  carbs, 
  fats, 
  calories, 
  meal_replacement, 
  gluten_free, 
  nut_free, 
  soy_free, 
  caffeine_free, 
  sugar_free,
  diet_type,
  protein_type,
  author_id
) VALUES (
  '782c9fe7-44cb-49b2-bad2-a81f559de7ba', 
  'ruby-red', 
  'Ruby Red', 
  NULL, 
  'Ready for a bright red treat? This antioxidant-packed ruby red smoothie is bright in color and flavor.', 
  ARRAY['Combine all ingredients in a blender. Add more ice or water to reach the desired consistency.'], 
  'Appearance', 
  20.1, 
  37.5, 
  6.8, 
  278, 
  false, 
  true, 
  true, 
  true, 
  true, 
  true,
  ARRAY['Vegan'],
  ARRAY['Plant Based'],
  '999ee74e-c899-4638-9e1f-bf0366499947'
);

-- Associate recipe with category
INSERT INTO recipe_categories (recipe_id, category_id)
VALUES ('782c9fe7-44cb-49b2-bad2-a81f559de7ba', 'ef47dd4a-92a9-4fef-80e9-26bced577583');

-- Insert recipe ingredients
INSERT INTO recipe_ingredients (recipe_id, ingredient_id, quantity, unit, info)
VALUES ('782c9fe7-44cb-49b2-bad2-a81f559de7ba', '3d93b988-3309-42f4-9137-3557ce797044', NULL, NULL, NULL);
INSERT INTO recipe_ingredients (recipe_id, ingredient_id, quantity, unit, info)
VALUES ('782c9fe7-44cb-49b2-bad2-a81f559de7ba', '2fcb975f-838c-4025-bfc5-bea7b3530355', NULL, NULL, NULL);
INSERT INTO recipe_ingredients (recipe_id, ingredient_id, quantity, unit, info)
VALUES ('782c9fe7-44cb-49b2-bad2-a81f559de7ba', '8199a4b4-f3ca-4622-81e4-9b9d2644d4ec', NULL, NULL, NULL);
INSERT INTO recipe_ingredients (recipe_id, ingredient_id, quantity, unit, info)
VALUES ('782c9fe7-44cb-49b2-bad2-a81f559de7ba', '72e33646-22c7-40ca-befc-62877d4ed626', '1', NULL, NULL);
INSERT INTO recipe_ingredients (recipe_id, ingredient_id, quantity, unit, info)
VALUES ('782c9fe7-44cb-49b2-bad2-a81f559de7ba', '37e6ff62-f56a-464a-a928-42558e3999f8', '1/2', NULL, NULL);
INSERT INTO recipe_ingredients (recipe_id, ingredient_id, quantity, unit, info)
VALUES ('782c9fe7-44cb-49b2-bad2-a81f559de7ba', 'f2f9530b-e92f-40e4-85fe-bd502dd10dc3', '1', NULL, NULL);
INSERT INTO recipe_ingredients (recipe_id, ingredient_id, quantity, unit, info)
VALUES ('782c9fe7-44cb-49b2-bad2-a81f559de7ba', 'd7de1f51-d0d4-4490-939f-a42bf81baec9', '1', NULL, NULL);
INSERT INTO recipe_ingredients (recipe_id, ingredient_id, quantity, unit, info)
VALUES ('782c9fe7-44cb-49b2-bad2-a81f559de7ba', 'c03083ce-c086-4801-a773-4c90dd3608ff', '1', NULL, NULL);

-- Insert recipe label
INSERT INTO recipe_labels (recipe_id, label_id)
VALUES ('782c9fe7-44cb-49b2-bad2-a81f559de7ba', '0bba0cc1-602c-4387-877d-5281d5e5d4ff');

-- Add dummy media for recipe
INSERT INTO recipe_media (recipe_id, url, is_main)
VALUES ('782c9fe7-44cb-49b2-bad2-a81f559de7ba', '/images/recipes/ruby-red.jpg', true);

-- Insert recipe: Banana Split
INSERT INTO recipes (
  id, 
  slug, 
  title, 
  original_youtube_link, 
  overview, 
  directions, 
  benefits, 
  protein, 
  carbs, 
  fats, 
  calories, 
  meal_replacement, 
  gluten_free, 
  nut_free, 
  soy_free, 
  caffeine_free, 
  sugar_free,
  diet_type,
  protein_type,
  author_id
) VALUES (
  '33336c68-8b4f-494e-a08b-aa434d662d2d', 
  'banana-split', 
  'Banana Split', 
  NULL, 
  'Want a post-workout sweet treat? Try this brilliant banana split shake for extra protein and energy.', 
  ARRAY['Combine all ingredients in a blender. Add more ice or water to reach the desired consistency. Top with cocoa nibs and enjoy.'], 
  'Energy', 
  20.2, 
  64.9, 
  11.5, 
  412, 
  true, 
  true, 
  false, 
  true, 
  true, 
  true,
  ARRAY['Plant Based'],
  ARRAY['Oat Protein'],
  '999ee74e-c899-4638-9e1f-bf0366499947'
);

-- Associate recipe with category
INSERT INTO recipe_categories (recipe_id, category_id)
VALUES ('33336c68-8b4f-494e-a08b-aa434d662d2d', '2ee93ab6-ef51-40a2-8532-1445338d2051');

-- Insert recipe ingredients
INSERT INTO recipe_ingredients (recipe_id, ingredient_id, quantity, unit, info)
VALUES ('33336c68-8b4f-494e-a08b-aa434d662d2d', '1c104b5f-aced-4932-b99c-82594142b2bf', '1', NULL, NULL);
INSERT INTO recipe_ingredients (recipe_id, ingredient_id, quantity, unit, info)
VALUES ('33336c68-8b4f-494e-a08b-aa434d662d2d', '8c5b0e6c-90ca-45a8-ad0d-8ae1989f5bf1', '1/2', NULL, NULL);
INSERT INTO recipe_ingredients (recipe_id, ingredient_id, quantity, unit, info)
VALUES ('33336c68-8b4f-494e-a08b-aa434d662d2d', 'f947e659-2950-496f-b9ab-bb7fb55907b1', '1/2', NULL, NULL);
INSERT INTO recipe_ingredients (recipe_id, ingredient_id, quantity, unit, info)
VALUES ('33336c68-8b4f-494e-a08b-aa434d662d2d', 'a9147221-acc1-41c2-b14f-c4c56dca7aa8', '1/2', NULL, NULL);
INSERT INTO recipe_ingredients (recipe_id, ingredient_id, quantity, unit, info)
VALUES ('33336c68-8b4f-494e-a08b-aa434d662d2d', 'd68f80b2-d770-47ae-9819-f8c8c49d7af6', '1', NULL, NULL);
INSERT INTO recipe_ingredients (recipe_id, ingredient_id, quantity, unit, info)
VALUES ('33336c68-8b4f-494e-a08b-aa434d662d2d', '77683272-6d39-42ec-8cde-0be6144f4b5e', '1', NULL, NULL);
INSERT INTO recipe_ingredients (recipe_id, ingredient_id, quantity, unit, info)
VALUES ('33336c68-8b4f-494e-a08b-aa434d662d2d', 'a8fe0594-cdaf-4792-ad97-efc885c7f7ea', '1', NULL, NULL);

-- Insert recipe label
INSERT INTO recipe_labels (recipe_id, label_id)
VALUES ('33336c68-8b4f-494e-a08b-aa434d662d2d', '910a6bd6-afcd-476f-a88c-09ecdab6e75f');

-- Add dummy media for recipe
INSERT INTO recipe_media (recipe_id, url, is_main)
VALUES ('33336c68-8b4f-494e-a08b-aa434d662d2d', '/images/recipes/banana-split.jpg', true);

-- Insert recipe: Orange and Banana Protein Shake
INSERT INTO recipes (
  id, 
  slug, 
  title, 
  original_youtube_link, 
  overview, 
  directions, 
  benefits, 
  protein, 
  carbs, 
  fats, 
  calories, 
  meal_replacement, 
  gluten_free, 
  nut_free, 
  soy_free, 
  caffeine_free, 
  sugar_free,
  diet_type,
  protein_type,
  author_id
) VALUES (
  'ea03fea5-e589-4429-890c-026088adb5d6', 
  'orange-and-banana-protein-shake', 
  'Orange and Banana Protein Shake', 
  NULL, 
  'Try out this orange and banana shake for muscle building. It''s packed with healthy antioxidants, easy to make, and tastes great!', 
  ARRAY['Combine all ingredients in a blender. Add more ice or water to reach the desired consistency.'], 
  'Muscle', 
  18.1, 
  35.2, 
  19.2, 
  362, 
  true, 
  true, 
  true, 
  true, 
  true, 
  true,
  ARRAY['Whole 30'],
  ARRAY['Rice Protein'],
  '999ee74e-c899-4638-9e1f-bf0366499947'
);

-- Associate recipe with category
INSERT INTO recipe_categories (recipe_id, category_id)
VALUES ('ea03fea5-e589-4429-890c-026088adb5d6', '6f5c6a53-a785-48cb-a1a5-2a9f664f3b10');

-- Insert recipe ingredients
INSERT INTO recipe_ingredients (recipe_id, ingredient_id, quantity, unit, info)
VALUES ('ea03fea5-e589-4429-890c-026088adb5d6', '1c104b5f-aced-4932-b99c-82594142b2bf', '1/2', NULL, NULL);
INSERT INTO recipe_ingredients (recipe_id, ingredient_id, quantity, unit, info)
VALUES ('ea03fea5-e589-4429-890c-026088adb5d6', '37e6ff62-f56a-464a-a928-42558e3999f8', '1/2', NULL, NULL);
INSERT INTO recipe_ingredients (recipe_id, ingredient_id, quantity, unit, info)
VALUES ('ea03fea5-e589-4429-890c-026088adb5d6', '655a1603-be12-480f-b998-1a502402c988', '1', NULL, NULL);
INSERT INTO recipe_ingredients (recipe_id, ingredient_id, quantity, unit, info)
VALUES ('ea03fea5-e589-4429-890c-026088adb5d6', '6ba905b4-f22b-43b0-bf2e-dcee49371802', '1/2', NULL, NULL);
INSERT INTO recipe_ingredients (recipe_id, ingredient_id, quantity, unit, info)
VALUES ('ea03fea5-e589-4429-890c-026088adb5d6', '38341cd3-c4d9-4ad4-8b4a-d78e6a48e67a', '1/3', NULL, NULL);
INSERT INTO recipe_ingredients (recipe_id, ingredient_id, quantity, unit, info)
VALUES ('ea03fea5-e589-4429-890c-026088adb5d6', '26c7c51a-484e-4481-bfa1-5df62aeff61d', '1', NULL, NULL);

-- Insert recipe label
INSERT INTO recipe_labels (recipe_id, label_id)
VALUES ('ea03fea5-e589-4429-890c-026088adb5d6', 'b225f952-e95c-44fe-87fb-09c0bdbfbd83');

-- Add dummy media for recipe
INSERT INTO recipe_media (recipe_id, url, is_main)
VALUES ('ea03fea5-e589-4429-890c-026088adb5d6', '/images/recipes/orange-and-banana-protein-shake.jpg', true);

-- Insert recipe: Simple Spinach Shake
INSERT INTO recipes (
  id, 
  slug, 
  title, 
  original_youtube_link, 
  overview, 
  directions, 
  benefits, 
  protein, 
  carbs, 
  fats, 
  calories, 
  meal_replacement, 
  gluten_free, 
  nut_free, 
  soy_free, 
  caffeine_free, 
  sugar_free,
  diet_type,
  protein_type,
  author_id
) VALUES (
  '6cd62d3a-5f3e-4ed7-84bd-d3c8c18d8a8f', 
  'simple-spinach-shake', 
  'Simple Spinach Shake', 
  NULL, 
  'This simple, high-protein shake is a great way to build muscle and get your greens in at the same time!', 
  ARRAY['Combine all ingredients in a blender. Add more ice or water to reach the desired consistency.'], 
  'Muscle', 
  26.3, 
  25.2, 
  12.2, 
  294, 
  false, 
  true, 
  false, 
  true, 
  true, 
  true,
  ARRAY['Vegan'],
  ARRAY['Plant Based'],
  '999ee74e-c899-4638-9e1f-bf0366499947'
);

-- Associate recipe with category
INSERT INTO recipe_categories (recipe_id, category_id)
VALUES ('6cd62d3a-5f3e-4ed7-84bd-d3c8c18d8a8f', '6f5c6a53-a785-48cb-a1a5-2a9f664f3b10');

-- Insert recipe ingredients
INSERT INTO recipe_ingredients (recipe_id, ingredient_id, quantity, unit, info)
VALUES ('6cd62d3a-5f3e-4ed7-84bd-d3c8c18d8a8f', '1c104b5f-aced-4932-b99c-82594142b2bf', '1/2', NULL, NULL);
INSERT INTO recipe_ingredients (recipe_id, ingredient_id, quantity, unit, info)
VALUES ('6cd62d3a-5f3e-4ed7-84bd-d3c8c18d8a8f', '72e33646-22c7-40ca-befc-62877d4ed626', '1', NULL, NULL);
INSERT INTO recipe_ingredients (recipe_id, ingredient_id, quantity, unit, info)
VALUES ('6cd62d3a-5f3e-4ed7-84bd-d3c8c18d8a8f', '192e0b08-bc7e-4ae3-8081-9680b014f536', '1', NULL, NULL);
INSERT INTO recipe_ingredients (recipe_id, ingredient_id, quantity, unit, info)
VALUES ('6cd62d3a-5f3e-4ed7-84bd-d3c8c18d8a8f', 'dd133b80-a695-4e68-9c9b-ce2548ed4c7a', '1/2', NULL, NULL);
INSERT INTO recipe_ingredients (recipe_id, ingredient_id, quantity, unit, info)
VALUES ('6cd62d3a-5f3e-4ed7-84bd-d3c8c18d8a8f', '8dff8ca5-82d9-46c0-9be4-5ba75dc0b2f1', '1', NULL, NULL);

-- Insert recipe label
INSERT INTO recipe_labels (recipe_id, label_id)
VALUES ('6cd62d3a-5f3e-4ed7-84bd-d3c8c18d8a8f', 'b225f952-e95c-44fe-87fb-09c0bdbfbd83');

-- Add dummy media for recipe
INSERT INTO recipe_media (recipe_id, url, is_main)
VALUES ('6cd62d3a-5f3e-4ed7-84bd-d3c8c18d8a8f', '/images/recipes/simple-spinach-shake.jpg', true);

-- Insert recipe: Chia Peanut Protein Smoothie
INSERT INTO recipes (
  id, 
  slug, 
  title, 
  original_youtube_link, 
  overview, 
  directions, 
  benefits, 
  protein, 
  carbs, 
  fats, 
  calories, 
  meal_replacement, 
  gluten_free, 
  nut_free, 
  soy_free, 
  caffeine_free, 
  sugar_free,
  diet_type,
  protein_type,
  author_id
) VALUES (
  'beae5da2-664c-4d26-940a-51d04f2b81d3', 
  'chia-peanut-protein-smoothie', 
  'Chia Peanut Protein Smoothie', 
  NULL, 
  'Get your muscle-building protein fix with this easy, nutty-flavored breakfast!', 
  ARRAY['Combine all ingredients in a blender. Add more ice or water to reach the desired consistency.'], 
  'Muscle', 
  34, 
  27.1, 
  12.9, 
  349, 
  false, 
  true, 
  false, 
  true, 
  true, 
  true,
  ARRAY['Plant Based'],
  ARRAY['Oat Protein'],
  '999ee74e-c899-4638-9e1f-bf0366499947'
);

-- Associate recipe with category
INSERT INTO recipe_categories (recipe_id, category_id)
VALUES ('beae5da2-664c-4d26-940a-51d04f2b81d3', '6f5c6a53-a785-48cb-a1a5-2a9f664f3b10');

-- Insert recipe ingredients
INSERT INTO recipe_ingredients (recipe_id, ingredient_id, quantity, unit, info)
VALUES ('beae5da2-664c-4d26-940a-51d04f2b81d3', 'dd133b80-a695-4e68-9c9b-ce2548ed4c7a', '1/2', NULL, NULL);
INSERT INTO recipe_ingredients (recipe_id, ingredient_id, quantity, unit, info)
VALUES ('beae5da2-664c-4d26-940a-51d04f2b81d3', '1c104b5f-aced-4932-b99c-82594142b2bf', '1/2', NULL, NULL);
INSERT INTO recipe_ingredients (recipe_id, ingredient_id, quantity, unit, info)
VALUES ('beae5da2-664c-4d26-940a-51d04f2b81d3', 'c708f7b2-f5b8-4e8a-8c0c-a671e7edfd19', '1', NULL, NULL);
INSERT INTO recipe_ingredients (recipe_id, ingredient_id, quantity, unit, info)
VALUES ('beae5da2-664c-4d26-940a-51d04f2b81d3', '192e0b08-bc7e-4ae3-8081-9680b014f536', '1', NULL, NULL);
INSERT INTO recipe_ingredients (recipe_id, ingredient_id, quantity, unit, info)
VALUES ('beae5da2-664c-4d26-940a-51d04f2b81d3', '58f61454-dc69-49fb-933c-8a83d9a969b7', '1/4', NULL, NULL);
INSERT INTO recipe_ingredients (recipe_id, ingredient_id, quantity, unit, info)
VALUES ('beae5da2-664c-4d26-940a-51d04f2b81d3', '2f16dd60-cd27-4a3a-9feb-bea6aa464839', '1', NULL, NULL);

-- Insert recipe label
INSERT INTO recipe_labels (recipe_id, label_id)
VALUES ('beae5da2-664c-4d26-940a-51d04f2b81d3', 'b225f952-e95c-44fe-87fb-09c0bdbfbd83');

-- Add dummy media for recipe
INSERT INTO recipe_media (recipe_id, url, is_main)
VALUES ('beae5da2-664c-4d26-940a-51d04f2b81d3', '/images/recipes/chia-peanut-protein-smoothie.jpg', true);

-- Insert recipe: Creamy Chocolate Smoothie
INSERT INTO recipes (
  id, 
  slug, 
  title, 
  original_youtube_link, 
  overview, 
  directions, 
  benefits, 
  protein, 
  carbs, 
  fats, 
  calories, 
  meal_replacement, 
  gluten_free, 
  nut_free, 
  soy_free, 
  caffeine_free, 
  sugar_free,
  diet_type,
  protein_type,
  author_id
) VALUES (
  '48bf5bb5-e02c-42de-8d3f-428d19fc34a1', 
  'creamy-chocolate-smoothie', 
  'Creamy Chocolate Smoothie', 
  NULL, 
  'A creamy, chocolatey, protein-rich smoothie is an excellent way to get the nutrients you need. This smoothie even contains antioxidants and helps your body build muscle.', 
  ARRAY['Combine all ingredients in a blender. Add more ice or water to reach the desired consistency.'], 
  'Muscle', 
  20.4, 
  61, 
  5.2, 
  328, 
  false, 
  true, 
  true, 
  true, 
  true, 
  true,
  ARRAY['Whole 30'],
  ARRAY['Pea Protein'],
  '999ee74e-c899-4638-9e1f-bf0366499947'
);

-- Associate recipe with category
INSERT INTO recipe_categories (recipe_id, category_id)
VALUES ('48bf5bb5-e02c-42de-8d3f-428d19fc34a1', '6f5c6a53-a785-48cb-a1a5-2a9f664f3b10');

-- Insert recipe ingredients
INSERT INTO recipe_ingredients (recipe_id, ingredient_id, quantity, unit, info)
VALUES ('48bf5bb5-e02c-42de-8d3f-428d19fc34a1', 'dd133b80-a695-4e68-9c9b-ce2548ed4c7a', '1', NULL, NULL);
INSERT INTO recipe_ingredients (recipe_id, ingredient_id, quantity, unit, info)
VALUES ('48bf5bb5-e02c-42de-8d3f-428d19fc34a1', '16fbf04f-3488-401a-96e0-39cddabd42c8', '1', NULL, NULL);
INSERT INTO recipe_ingredients (recipe_id, ingredient_id, quantity, unit, info)
VALUES ('48bf5bb5-e02c-42de-8d3f-428d19fc34a1', 'bba7c25a-0ebc-49cd-a351-eeac0ba9a3ec', NULL, NULL, NULL);
INSERT INTO recipe_ingredients (recipe_id, ingredient_id, quantity, unit, info)
VALUES ('48bf5bb5-e02c-42de-8d3f-428d19fc34a1', '1f1b4e94-5252-481a-942b-400865115262', '2', NULL, NULL);
INSERT INTO recipe_ingredients (recipe_id, ingredient_id, quantity, unit, info)
VALUES ('48bf5bb5-e02c-42de-8d3f-428d19fc34a1', '1c104b5f-aced-4932-b99c-82594142b2bf', '1', NULL, NULL);
INSERT INTO recipe_ingredients (recipe_id, ingredient_id, quantity, unit, info)
VALUES ('48bf5bb5-e02c-42de-8d3f-428d19fc34a1', '96a9cec3-4bcf-4980-bf69-0f5a16d51aff', '1/4', NULL, NULL);
INSERT INTO recipe_ingredients (recipe_id, ingredient_id, quantity, unit, info)
VALUES ('48bf5bb5-e02c-42de-8d3f-428d19fc34a1', 'c5be113a-450a-44e9-994a-00f1487ca66e', '1', NULL, NULL);

-- Insert recipe label
INSERT INTO recipe_labels (recipe_id, label_id)
VALUES ('48bf5bb5-e02c-42de-8d3f-428d19fc34a1', 'b225f952-e95c-44fe-87fb-09c0bdbfbd83');

-- Add dummy media for recipe
INSERT INTO recipe_media (recipe_id, url, is_main)
VALUES ('48bf5bb5-e02c-42de-8d3f-428d19fc34a1', '/images/recipes/creamy-chocolate-smoothie.jpg', true);

-- Insert recipe: ABC Smoothie
INSERT INTO recipes (
  id, 
  slug, 
  title, 
  original_youtube_link, 
  overview, 
  directions, 
  benefits, 
  protein, 
  carbs, 
  fats, 
  calories, 
  meal_replacement, 
  gluten_free, 
  nut_free, 
  soy_free, 
  caffeine_free, 
  sugar_free,
  diet_type,
  protein_type,
  author_id
) VALUES (
  '100c25e4-0442-4d75-abe8-b1173f171b6c', 
  'abc-smoothie', 
  'ABC Smoothie', 
  NULL, 
  'Avocado, blueberrie, and coconut line up in this nutrient packed, high protein ABC smoothie!', 
  ARRAY['Combine all ingredients in a blender. Add more ice or water to reach the desired consistency.'], 
  'Muscle', 
  30.6, 
  58.4, 
  17.9, 
  495, 
  true, 
  true, 
  false, 
  true, 
  true, 
  true,
  ARRAY['Vegan'],
  ARRAY['Plant Based'],
  '999ee74e-c899-4638-9e1f-bf0366499947'
);

-- Associate recipe with category
INSERT INTO recipe_categories (recipe_id, category_id)
VALUES ('100c25e4-0442-4d75-abe8-b1173f171b6c', '72d5f822-6cac-4d8d-9c2e-5a104ae153e4');

-- Insert recipe ingredients
INSERT INTO recipe_ingredients (recipe_id, ingredient_id, quantity, unit, info)
VALUES ('100c25e4-0442-4d75-abe8-b1173f171b6c', '38341cd3-c4d9-4ad4-8b4a-d78e6a48e67a', '1/2', NULL, NULL);
INSERT INTO recipe_ingredients (recipe_id, ingredient_id, quantity, unit, info)
VALUES ('100c25e4-0442-4d75-abe8-b1173f171b6c', '35c83f62-3d14-4b73-ae28-a248895e284a', '1', NULL, NULL);
INSERT INTO recipe_ingredients (recipe_id, ingredient_id, quantity, unit, info)
VALUES ('100c25e4-0442-4d75-abe8-b1173f171b6c', 'b23bea4e-c2fa-48fc-a91d-1d317177fdbc', '1/4', NULL, NULL);
INSERT INTO recipe_ingredients (recipe_id, ingredient_id, quantity, unit, info)
VALUES ('100c25e4-0442-4d75-abe8-b1173f171b6c', '8dff8ca5-82d9-46c0-9be4-5ba75dc0b2f1', '1', NULL, NULL);
INSERT INTO recipe_ingredients (recipe_id, ingredient_id, quantity, unit, info)
VALUES ('100c25e4-0442-4d75-abe8-b1173f171b6c', 'dd133b80-a695-4e68-9c9b-ce2548ed4c7a', '1', NULL, NULL);

-- Insert recipe label
INSERT INTO recipe_labels (recipe_id, label_id)
VALUES ('100c25e4-0442-4d75-abe8-b1173f171b6c', 'b225f952-e95c-44fe-87fb-09c0bdbfbd83');

-- Add dummy media for recipe
INSERT INTO recipe_media (recipe_id, url, is_main)
VALUES ('100c25e4-0442-4d75-abe8-b1173f171b6c', '/images/recipes/abc-smoothie.jpg', true);

-- Insert recipe: Buttercream-y Protein Shake
INSERT INTO recipes (
  id, 
  slug, 
  title, 
  original_youtube_link, 
  overview, 
  directions, 
  benefits, 
  protein, 
  carbs, 
  fats, 
  calories, 
  meal_replacement, 
  gluten_free, 
  nut_free, 
  soy_free, 
  caffeine_free, 
  sugar_free,
  diet_type,
  protein_type,
  author_id
) VALUES (
  'b15ff18a-c7af-43f0-bf57-c1235e52e6fc', 
  'buttercream-y-protein-shake', 
  'Buttercream-y Protein Shake', 
  NULL, 
  'This shake is high in protein and healthy fats to help you build muscle and stay energized.', 
  ARRAY['Combine all ingredients in a blender. Add more ice or water to reach the desired consistency.'], 
  'Muscle', 
  44.8, 
  72, 
  19.8, 
  618, 
  true, 
  true, 
  false, 
  true, 
  true, 
  true,
  ARRAY['Whole 30'],
  ARRAY['Oat Protein'],
  '999ee74e-c899-4638-9e1f-bf0366499947'
);

-- Associate recipe with category
INSERT INTO recipe_categories (recipe_id, category_id)
VALUES ('b15ff18a-c7af-43f0-bf57-c1235e52e6fc', '72d5f822-6cac-4d8d-9c2e-5a104ae153e4');

-- Insert recipe ingredients
INSERT INTO recipe_ingredients (recipe_id, ingredient_id, quantity, unit, info)
VALUES ('b15ff18a-c7af-43f0-bf57-c1235e52e6fc', '38341cd3-c4d9-4ad4-8b4a-d78e6a48e67a', '1/4', NULL, NULL);
INSERT INTO recipe_ingredients (recipe_id, ingredient_id, quantity, unit, info)
VALUES ('b15ff18a-c7af-43f0-bf57-c1235e52e6fc', '33b8e49a-ffb0-4ef9-aeb7-5fc5a4c63aab', '1', NULL, NULL);
INSERT INTO recipe_ingredients (recipe_id, ingredient_id, quantity, unit, info)
VALUES ('b15ff18a-c7af-43f0-bf57-c1235e52e6fc', '7a39d4ae-e7a2-4b4f-9f27-143572f7774e', '1/4', NULL, NULL);
INSERT INTO recipe_ingredients (recipe_id, ingredient_id, quantity, unit, info)
VALUES ('b15ff18a-c7af-43f0-bf57-c1235e52e6fc', 'cfd27138-28b1-4949-9cef-5f4d6be1f04a', '1', NULL, NULL);
INSERT INTO recipe_ingredients (recipe_id, ingredient_id, quantity, unit, info)
VALUES ('b15ff18a-c7af-43f0-bf57-c1235e52e6fc', '2f16dd60-cd27-4a3a-9feb-bea6aa464839', '1', NULL, NULL);
INSERT INTO recipe_ingredients (recipe_id, ingredient_id, quantity, unit, info)
VALUES ('b15ff18a-c7af-43f0-bf57-c1235e52e6fc', 'dd133b80-a695-4e68-9c9b-ce2548ed4c7a', '1', NULL, NULL);

-- Insert recipe label
INSERT INTO recipe_labels (recipe_id, label_id)
VALUES ('b15ff18a-c7af-43f0-bf57-c1235e52e6fc', 'b225f952-e95c-44fe-87fb-09c0bdbfbd83');

-- Add dummy media for recipe
INSERT INTO recipe_media (recipe_id, url, is_main)
VALUES ('b15ff18a-c7af-43f0-bf57-c1235e52e6fc', '/images/recipes/buttercream-y-protein-shake.jpg', true);

-- Insert recipe: Creamy Chocolate Peanut Shake
INSERT INTO recipes (
  id, 
  slug, 
  title, 
  original_youtube_link, 
  overview, 
  directions, 
  benefits, 
  protein, 
  carbs, 
  fats, 
  calories, 
  meal_replacement, 
  gluten_free, 
  nut_free, 
  soy_free, 
  caffeine_free, 
  sugar_free,
  diet_type,
  protein_type,
  author_id
) VALUES (
  '19617e4c-5cfb-4b57-8f67-c3362d054cf7', 
  'creamy-chocolate-peanut-shake', 
  'Creamy Chocolate Peanut Shake', 
  NULL, 
  'This high calorie chocolate and peanut shake is perfect for those who need some extra protein, or are looking to bulk up.', 
  ARRAY['Combine all ingredients in a blender. Add more ice or water to reach the desired consistency.'], 
  'Muscle', 
  28.9, 
  59.6, 
  25.7, 
  546, 
  true, 
  true, 
  false, 
  true, 
  true, 
  true,
  ARRAY['Plant Based'],
  ARRAY['Plant Based'],
  '999ee74e-c899-4638-9e1f-bf0366499947'
);

-- Associate recipe with category
INSERT INTO recipe_categories (recipe_id, category_id)
VALUES ('19617e4c-5cfb-4b57-8f67-c3362d054cf7', '72d5f822-6cac-4d8d-9c2e-5a104ae153e4');

-- Insert recipe ingredients
INSERT INTO recipe_ingredients (recipe_id, ingredient_id, quantity, unit, info)
VALUES ('19617e4c-5cfb-4b57-8f67-c3362d054cf7', '33b8e49a-ffb0-4ef9-aeb7-5fc5a4c63aab', '1', NULL, NULL);
INSERT INTO recipe_ingredients (recipe_id, ingredient_id, quantity, unit, info)
VALUES ('19617e4c-5cfb-4b57-8f67-c3362d054cf7', 'dd133b80-a695-4e68-9c9b-ce2548ed4c7a', '1', NULL, NULL);
INSERT INTO recipe_ingredients (recipe_id, ingredient_id, quantity, unit, info)
VALUES ('19617e4c-5cfb-4b57-8f67-c3362d054cf7', '38341cd3-c4d9-4ad4-8b4a-d78e6a48e67a', '1/2', NULL, NULL);
INSERT INTO recipe_ingredients (recipe_id, ingredient_id, quantity, unit, info)
VALUES ('19617e4c-5cfb-4b57-8f67-c3362d054cf7', 'effaad48-5304-4c69-8e90-237d88f6ab4f', '1', NULL, NULL);
INSERT INTO recipe_ingredients (recipe_id, ingredient_id, quantity, unit, info)
VALUES ('19617e4c-5cfb-4b57-8f67-c3362d054cf7', '8dff8ca5-82d9-46c0-9be4-5ba75dc0b2f1', '1', NULL, NULL);

-- Insert recipe label
INSERT INTO recipe_labels (recipe_id, label_id)
VALUES ('19617e4c-5cfb-4b57-8f67-c3362d054cf7', 'b225f952-e95c-44fe-87fb-09c0bdbfbd83');

-- Add dummy media for recipe
INSERT INTO recipe_media (recipe_id, url, is_main)
VALUES ('19617e4c-5cfb-4b57-8f67-c3362d054cf7', '/images/recipes/creamy-chocolate-peanut-shake.jpg', true);

-- Insert recipe: Nutty Banana Coconut Shake
INSERT INTO recipes (
  id, 
  slug, 
  title, 
  original_youtube_link, 
  overview, 
  directions, 
  benefits, 
  protein, 
  carbs, 
  fats, 
  calories, 
  meal_replacement, 
  gluten_free, 
  nut_free, 
  soy_free, 
  caffeine_free, 
  sugar_free,
  diet_type,
  protein_type,
  author_id
) VALUES (
  'bfd2f810-c808-4c79-8318-6d36247509fd', 
  'nutty-banana-coconut-shake', 
  'Nutty Banana Coconut Shake', 
  NULL, 
  'This shake is loaded with protein and potassium! It''s also high in calories and fiber to keep you full for hours.', 
  ARRAY['Combine all ingredients in a blender. Add more ice or water to reach the desired consistency.'], 
  'Muscle', 
  22.9, 
  36.2, 
  38.2, 
  544, 
  true, 
  true, 
  false, 
  true, 
  true, 
  true,
  ARRAY['Paleo'],
  ARRAY['Plant Based'],
  '999ee74e-c899-4638-9e1f-bf0366499947'
);

-- Associate recipe with category
INSERT INTO recipe_categories (recipe_id, category_id)
VALUES ('bfd2f810-c808-4c79-8318-6d36247509fd', '72d5f822-6cac-4d8d-9c2e-5a104ae153e4');

-- Insert recipe ingredients
INSERT INTO recipe_ingredients (recipe_id, ingredient_id, quantity, unit, info)
VALUES ('bfd2f810-c808-4c79-8318-6d36247509fd', '33b8e49a-ffb0-4ef9-aeb7-5fc5a4c63aab', '1', NULL, NULL);
INSERT INTO recipe_ingredients (recipe_id, ingredient_id, quantity, unit, info)
VALUES ('bfd2f810-c808-4c79-8318-6d36247509fd', 'a0a1246c-a2f5-4e7a-80ac-4470f187efe4', '1/2', NULL, NULL);
INSERT INTO recipe_ingredients (recipe_id, ingredient_id, quantity, unit, info)
VALUES ('bfd2f810-c808-4c79-8318-6d36247509fd', 'b36a228b-0e3e-4706-8408-dab8e0b44969', '15', NULL, NULL);
INSERT INTO recipe_ingredients (recipe_id, ingredient_id, quantity, unit, info)
VALUES ('bfd2f810-c808-4c79-8318-6d36247509fd', '8dff8ca5-82d9-46c0-9be4-5ba75dc0b2f1', '1', NULL, NULL);

-- Insert recipe label
INSERT INTO recipe_labels (recipe_id, label_id)
VALUES ('bfd2f810-c808-4c79-8318-6d36247509fd', 'b225f952-e95c-44fe-87fb-09c0bdbfbd83');

-- Add dummy media for recipe
INSERT INTO recipe_media (recipe_id, url, is_main)
VALUES ('bfd2f810-c808-4c79-8318-6d36247509fd', '/images/recipes/nutty-banana-coconut-shake.jpg', true);

-- Insert recipe: Vanilla Honey and Almond Shake
INSERT INTO recipes (
  id, 
  slug, 
  title, 
  original_youtube_link, 
  overview, 
  directions, 
  benefits, 
  protein, 
  carbs, 
  fats, 
  calories, 
  meal_replacement, 
  gluten_free, 
  nut_free, 
  soy_free, 
  caffeine_free, 
  sugar_free,
  diet_type,
  protein_type,
  author_id
) VALUES (
  '1cc72776-c8b2-4a4e-9085-f3b7e21e450d', 
  'vanilla-honey-and-almond-shake', 
  'Vanilla Honey and Almond Shake', 
  NULL, 
  'Want to build muscle? This high calorie shake is packed with protein and healthy fats to help you reach your goals.', 
  ARRAY['Combine all ingredients in a blender. Add more ice or water to reach the desired consistency.'], 
  'Muscle', 
  30.4, 
  67.1, 
  17.2, 
  524, 
  true, 
  true, 
  false, 
  true, 
  true, 
  false,
  ARRAY['Plant Based'],
  ARRAY['Oat Protein'],
  '999ee74e-c899-4638-9e1f-bf0366499947'
);

-- Associate recipe with category
INSERT INTO recipe_categories (recipe_id, category_id)
VALUES ('1cc72776-c8b2-4a4e-9085-f3b7e21e450d', '72d5f822-6cac-4d8d-9c2e-5a104ae153e4');

-- Insert recipe ingredients
INSERT INTO recipe_ingredients (recipe_id, ingredient_id, quantity, unit, info)
VALUES ('1cc72776-c8b2-4a4e-9085-f3b7e21e450d', '1d019929-18df-4856-bb33-f6719574d12a', '1', NULL, NULL);
INSERT INTO recipe_ingredients (recipe_id, ingredient_id, quantity, unit, info)
VALUES ('1cc72776-c8b2-4a4e-9085-f3b7e21e450d', '2ed0a644-e436-4faf-b278-732a82f447af', '1', NULL, NULL);
INSERT INTO recipe_ingredients (recipe_id, ingredient_id, quantity, unit, info)
VALUES ('1cc72776-c8b2-4a4e-9085-f3b7e21e450d', '33b8e49a-ffb0-4ef9-aeb7-5fc5a4c63aab', '1', NULL, NULL);
INSERT INTO recipe_ingredients (recipe_id, ingredient_id, quantity, unit, info)
VALUES ('1cc72776-c8b2-4a4e-9085-f3b7e21e450d', '0f69acb7-84b0-4d89-8b36-1afa210da46d', '1/4', NULL, NULL);
INSERT INTO recipe_ingredients (recipe_id, ingredient_id, quantity, unit, info)
VALUES ('1cc72776-c8b2-4a4e-9085-f3b7e21e450d', '58f61454-dc69-49fb-933c-8a83d9a969b7', '1', NULL, NULL);
INSERT INTO recipe_ingredients (recipe_id, ingredient_id, quantity, unit, info)
VALUES ('1cc72776-c8b2-4a4e-9085-f3b7e21e450d', '2f16dd60-cd27-4a3a-9feb-bea6aa464839', '1', NULL, NULL);
INSERT INTO recipe_ingredients (recipe_id, ingredient_id, quantity, unit, info)
VALUES ('1cc72776-c8b2-4a4e-9085-f3b7e21e450d', '96a9cec3-4bcf-4980-bf69-0f5a16d51aff', '1', NULL, NULL);
INSERT INTO recipe_ingredients (recipe_id, ingredient_id, quantity, unit, info)
VALUES ('1cc72776-c8b2-4a4e-9085-f3b7e21e450d', '03576724-6abf-4698-94cd-24b854fda90a', '1', NULL, NULL);
INSERT INTO recipe_ingredients (recipe_id, ingredient_id, quantity, unit, info)
VALUES ('1cc72776-c8b2-4a4e-9085-f3b7e21e450d', '8122ef25-1a7e-43a3-ba28-1952cba989a3', '1', NULL, NULL);

-- Insert recipe label
INSERT INTO recipe_labels (recipe_id, label_id)
VALUES ('1cc72776-c8b2-4a4e-9085-f3b7e21e450d', 'b225f952-e95c-44fe-87fb-09c0bdbfbd83');

-- Add dummy media for recipe
INSERT INTO recipe_media (recipe_id, url, is_main)
VALUES ('1cc72776-c8b2-4a4e-9085-f3b7e21e450d', '/images/recipes/vanilla-honey-and-almond-shake.jpg', true);

-- Insert recipe: High Fat Chocolate Shake
INSERT INTO recipes (
  id, 
  slug, 
  title, 
  original_youtube_link, 
  overview, 
  directions, 
  benefits, 
  protein, 
  carbs, 
  fats, 
  calories, 
  meal_replacement, 
  gluten_free, 
  nut_free, 
  soy_free, 
  caffeine_free, 
  sugar_free,
  diet_type,
  protein_type,
  author_id
) VALUES (
  'f5da114c-b256-491d-ae2c-e8cc64eb7d81', 
  'high-fat-chocolate-shake', 
  'High Fat Chocolate Shake', 
  NULL, 
  'Looking to add some low carb and high protein goodness to your diet? This chocolate shake is perfect for you!', 
  ARRAY['Combine all ingredients in a blender. Add more ice or water to reach the desired consistency.'], 
  'Energy', 
  29.7, 
  29.1, 
  35.5, 
  536, 
  true, 
  true, 
  false, 
  true, 
  true, 
  true,
  ARRAY['Keto'],
  ARRAY['Casein Protein'],
  '999ee74e-c899-4638-9e1f-bf0366499947'
);

-- Associate recipe with category
INSERT INTO recipe_categories (recipe_id, category_id)
VALUES ('f5da114c-b256-491d-ae2c-e8cc64eb7d81', '72d5f822-6cac-4d8d-9c2e-5a104ae153e4');

-- Insert recipe ingredients
INSERT INTO recipe_ingredients (recipe_id, ingredient_id, quantity, unit, info)
VALUES ('f5da114c-b256-491d-ae2c-e8cc64eb7d81', 'a0a1246c-a2f5-4e7a-80ac-4470f187efe4', '1/2', NULL, NULL);
INSERT INTO recipe_ingredients (recipe_id, ingredient_id, quantity, unit, info)
VALUES ('f5da114c-b256-491d-ae2c-e8cc64eb7d81', '38341cd3-c4d9-4ad4-8b4a-d78e6a48e67a', '1/2', NULL, NULL);
INSERT INTO recipe_ingredients (recipe_id, ingredient_id, quantity, unit, info)
VALUES ('f5da114c-b256-491d-ae2c-e8cc64eb7d81', '1f1b4e94-5252-481a-942b-400865115262', '1', NULL, NULL);
INSERT INTO recipe_ingredients (recipe_id, ingredient_id, quantity, unit, info)
VALUES ('f5da114c-b256-491d-ae2c-e8cc64eb7d81', '58f61454-dc69-49fb-933c-8a83d9a969b7', '1/2', NULL, NULL);
INSERT INTO recipe_ingredients (recipe_id, ingredient_id, quantity, unit, info)
VALUES ('f5da114c-b256-491d-ae2c-e8cc64eb7d81', '9ed6bbb3-6a00-492c-993e-d63624a0c90a', NULL, NULL, NULL);
INSERT INTO recipe_ingredients (recipe_id, ingredient_id, quantity, unit, info)
VALUES ('f5da114c-b256-491d-ae2c-e8cc64eb7d81', '957a8096-22ca-4424-b894-8761ab208e88', '1/2', NULL, NULL);
INSERT INTO recipe_ingredients (recipe_id, ingredient_id, quantity, unit, info)
VALUES ('f5da114c-b256-491d-ae2c-e8cc64eb7d81', 'effaad48-5304-4c69-8e90-237d88f6ab4f', '2', NULL, NULL);
INSERT INTO recipe_ingredients (recipe_id, ingredient_id, quantity, unit, info)
VALUES ('f5da114c-b256-491d-ae2c-e8cc64eb7d81', '92fab1b4-5277-4165-9f80-ad521abbb8f1', '1', NULL, NULL);

-- Insert recipe label
INSERT INTO recipe_labels (recipe_id, label_id)
VALUES ('f5da114c-b256-491d-ae2c-e8cc64eb7d81', '910a6bd6-afcd-476f-a88c-09ecdab6e75f');

-- Add dummy media for recipe
INSERT INTO recipe_media (recipe_id, url, is_main)
VALUES ('f5da114c-b256-491d-ae2c-e8cc64eb7d81', '/images/recipes/high-fat-chocolate-shake.jpg', true);

-- Insert recipe: Cashew Cookie Shake
INSERT INTO recipes (
  id, 
  slug, 
  title, 
  original_youtube_link, 
  overview, 
  directions, 
  benefits, 
  protein, 
  carbs, 
  fats, 
  calories, 
  meal_replacement, 
  gluten_free, 
  nut_free, 
  soy_free, 
  caffeine_free, 
  sugar_free,
  diet_type,
  protein_type,
  author_id
) VALUES (
  'a0615c72-daf5-4d04-893f-153287a63cc2', 
  'cashew-cookie-shake', 
  'Cashew Cookie Shake', 
  NULL, 
  'Try out a cashew cookie shake for a delicious way to get your daily dose of protein and it''s the perfect snack for people on a low carb diet.', 
  ARRAY['Combine all ingredients in a blender. Add more ice or water to reach the desired consistency.'], 
  'Weight', 
  28, 
  14, 
  25, 
  387, 
  true, 
  true, 
  false, 
  true, 
  true, 
  true,
  ARRAY['Paleo'],
  ARRAY['Plant Based'],
  '999ee74e-c899-4638-9e1f-bf0366499947'
);

-- Associate recipe with category
INSERT INTO recipe_categories (recipe_id, category_id)
VALUES ('a0615c72-daf5-4d04-893f-153287a63cc2', '994a569f-3284-42d8-babb-6ecd8aab552e');

-- Insert recipe ingredients
INSERT INTO recipe_ingredients (recipe_id, ingredient_id, quantity, unit, info)
VALUES ('a0615c72-daf5-4d04-893f-153287a63cc2', '37e6ff62-f56a-464a-a928-42558e3999f8', '1', NULL, NULL);
INSERT INTO recipe_ingredients (recipe_id, ingredient_id, quantity, unit, info)
VALUES ('a0615c72-daf5-4d04-893f-153287a63cc2', '8dff8ca5-82d9-46c0-9be4-5ba75dc0b2f1', '1', NULL, NULL);
INSERT INTO recipe_ingredients (recipe_id, ingredient_id, quantity, unit, info)
VALUES ('a0615c72-daf5-4d04-893f-153287a63cc2', '20d062c9-a1f0-43aa-86fa-19a08f6ff524', '1', NULL, NULL);
INSERT INTO recipe_ingredients (recipe_id, ingredient_id, quantity, unit, info)
VALUES ('a0615c72-daf5-4d04-893f-153287a63cc2', '1667d8c3-dda5-4651-9da3-ddffa0549d52', '1', NULL, NULL);
INSERT INTO recipe_ingredients (recipe_id, ingredient_id, quantity, unit, info)
VALUES ('a0615c72-daf5-4d04-893f-153287a63cc2', '6ad91708-16b4-426b-8f21-cf78600cc293', '1/2', NULL, NULL);

-- Insert recipe label
INSERT INTO recipe_labels (recipe_id, label_id)
VALUES ('a0615c72-daf5-4d04-893f-153287a63cc2', 'bcc5210d-e11e-416a-b6a5-566a73a4be32');

-- Add dummy media for recipe
INSERT INTO recipe_media (recipe_id, url, is_main)
VALUES ('a0615c72-daf5-4d04-893f-153287a63cc2', '/images/recipes/cashew-cookie-shake.jpg', true);

-- Insert recipe: Low Carb Coffee Smoothie
INSERT INTO recipes (
  id, 
  slug, 
  title, 
  original_youtube_link, 
  overview, 
  directions, 
  benefits, 
  protein, 
  carbs, 
  fats, 
  calories, 
  meal_replacement, 
  gluten_free, 
  nut_free, 
  soy_free, 
  caffeine_free, 
  sugar_free,
  diet_type,
  protein_type,
  author_id
) VALUES (
  'acfceada-c6ce-46af-9537-8940556a3edf', 
  'low-carb-coffee-smoothie', 
  'Low Carb Coffee Smoothie', 
  NULL, 
  'Our Low Carb coffee smoothie is a delicious way to get your daily dose of caffeine while keeping it low carb!', 
  ARRAY['Combine all ingredients in a blender. Add more ice or water to reach the desired consistency.'], 
  'Weight', 
  31, 
  20, 
  25, 
  413, 
  true, 
  true, 
  true, 
  true, 
  true, 
  true,
  ARRAY['Keto'],
  ARRAY['Whey Protein'],
  '999ee74e-c899-4638-9e1f-bf0366499947'
);

-- Associate recipe with category
INSERT INTO recipe_categories (recipe_id, category_id)
VALUES ('acfceada-c6ce-46af-9537-8940556a3edf', '994a569f-3284-42d8-babb-6ecd8aab552e');

-- Insert recipe ingredients
INSERT INTO recipe_ingredients (recipe_id, ingredient_id, quantity, unit, info)
VALUES ('acfceada-c6ce-46af-9537-8940556a3edf', '37e6ff62-f56a-464a-a928-42558e3999f8', '1/2', NULL, NULL);
INSERT INTO recipe_ingredients (recipe_id, ingredient_id, quantity, unit, info)
VALUES ('acfceada-c6ce-46af-9537-8940556a3edf', 'dd133b80-a695-4e68-9c9b-ce2548ed4c7a', '1/2', NULL, NULL);
INSERT INTO recipe_ingredients (recipe_id, ingredient_id, quantity, unit, info)
VALUES ('acfceada-c6ce-46af-9537-8940556a3edf', '176b2ad8-5f61-40ef-8e81-565585ac9ddd', '1', NULL, NULL);
INSERT INTO recipe_ingredients (recipe_id, ingredient_id, quantity, unit, info)
VALUES ('acfceada-c6ce-46af-9537-8940556a3edf', '9fc99710-eb63-41da-8438-67803c2e7294', '1/2', NULL, NULL);
INSERT INTO recipe_ingredients (recipe_id, ingredient_id, quantity, unit, info)
VALUES ('acfceada-c6ce-46af-9537-8940556a3edf', '3da82515-fe43-4317-87d7-0ae4f78a4435', '1', NULL, NULL);
INSERT INTO recipe_ingredients (recipe_id, ingredient_id, quantity, unit, info)
VALUES ('acfceada-c6ce-46af-9537-8940556a3edf', '192139a3-3f2f-4555-9a22-42dc03d67b7f', '1', NULL, NULL);
INSERT INTO recipe_ingredients (recipe_id, ingredient_id, quantity, unit, info)
VALUES ('acfceada-c6ce-46af-9537-8940556a3edf', '38341cd3-c4d9-4ad4-8b4a-d78e6a48e67a', '1/2', NULL, NULL);
INSERT INTO recipe_ingredients (recipe_id, ingredient_id, quantity, unit, info)
VALUES ('acfceada-c6ce-46af-9537-8940556a3edf', 'c03083ce-c086-4801-a773-4c90dd3608ff', '1', NULL, NULL);

-- Insert recipe label
INSERT INTO recipe_labels (recipe_id, label_id)
VALUES ('acfceada-c6ce-46af-9537-8940556a3edf', 'bcc5210d-e11e-416a-b6a5-566a73a4be32');

-- Add dummy media for recipe
INSERT INTO recipe_media (recipe_id, url, is_main)
VALUES ('acfceada-c6ce-46af-9537-8940556a3edf', '/images/recipes/low-carb-coffee-smoothie.jpg', true);

-- Insert recipe: Coconut Berry Shake
INSERT INTO recipes (
  id, 
  slug, 
  title, 
  original_youtube_link, 
  overview, 
  directions, 
  benefits, 
  protein, 
  carbs, 
  fats, 
  calories, 
  meal_replacement, 
  gluten_free, 
  nut_free, 
  soy_free, 
  caffeine_free, 
  sugar_free,
  diet_type,
  protein_type,
  author_id
) VALUES (
  'be8525e6-d783-4423-b3c4-b801ac71a7b0', 
  'coconut-berry-shake', 
  'Coconut Berry Shake', 
  NULL, 
  'This low carb Coconut Berry Shake is a refreshing and healthy way to start your day! Made with simple ingredients, it''s perfect for breakfast or a quick snack.', 
  ARRAY['Combine all ingredients in a blender. Add more ice or water to reach the desired consistency.'], 
  'Weight', 
  25, 
  22, 
  32, 
  468, 
  true, 
  true, 
  true, 
  true, 
  true, 
  true,
  ARRAY['Whole 30'],
  ARRAY['Pea Protein'],
  '999ee74e-c899-4638-9e1f-bf0366499947'
);

-- Associate recipe with category
INSERT INTO recipe_categories (recipe_id, category_id)
VALUES ('be8525e6-d783-4423-b3c4-b801ac71a7b0', '994a569f-3284-42d8-babb-6ecd8aab552e');

-- Insert recipe ingredients
INSERT INTO recipe_ingredients (recipe_id, ingredient_id, quantity, unit, info)
VALUES ('be8525e6-d783-4423-b3c4-b801ac71a7b0', '38341cd3-c4d9-4ad4-8b4a-d78e6a48e67a', '1/2', NULL, NULL);
INSERT INTO recipe_ingredients (recipe_id, ingredient_id, quantity, unit, info)
VALUES ('be8525e6-d783-4423-b3c4-b801ac71a7b0', '349bc500-2bf1-4c7c-9f77-8079ae264c54', '1/2', NULL, NULL);
INSERT INTO recipe_ingredients (recipe_id, ingredient_id, quantity, unit, info)
VALUES ('be8525e6-d783-4423-b3c4-b801ac71a7b0', '6e6331a7-2046-432a-883c-c9f5592b9cf6', '1', NULL, NULL);
INSERT INTO recipe_ingredients (recipe_id, ingredient_id, quantity, unit, info)
VALUES ('be8525e6-d783-4423-b3c4-b801ac71a7b0', 'a98eea2c-fa10-44b3-89ac-471e17d52ee0', NULL, NULL, NULL);
INSERT INTO recipe_ingredients (recipe_id, ingredient_id, quantity, unit, info)
VALUES ('be8525e6-d783-4423-b3c4-b801ac71a7b0', '3b06ccec-0e96-4740-a163-568030f93f3d', '1', NULL, NULL);

-- Insert recipe label
INSERT INTO recipe_labels (recipe_id, label_id)
VALUES ('be8525e6-d783-4423-b3c4-b801ac71a7b0', 'bcc5210d-e11e-416a-b6a5-566a73a4be32');

-- Add dummy media for recipe
INSERT INTO recipe_media (recipe_id, url, is_main)
VALUES ('be8525e6-d783-4423-b3c4-b801ac71a7b0', '/images/recipes/coconut-berry-shake.jpg', true);

-- Insert recipe: Lemony Smoothie
INSERT INTO recipes (
  id, 
  slug, 
  title, 
  original_youtube_link, 
  overview, 
  directions, 
  benefits, 
  protein, 
  carbs, 
  fats, 
  calories, 
  meal_replacement, 
  gluten_free, 
  nut_free, 
  soy_free, 
  caffeine_free, 
  sugar_free,
  diet_type,
  protein_type,
  author_id
) VALUES (
  '74856eb3-3fb0-4140-8efd-f629b51c673a', 
  'lemony-smoothie', 
  'Lemony Smoothie', 
  NULL, 
  'Start your day off right with this low carb Lemony Smoothie. It''s a great way to fuel your body for the day ahead and it tastes delicious too!', 
  ARRAY['Combine all ingredients in a blender. Add more ice or water to reach the desired consistency.'], 
  'Immunity', 
  29, 
  18, 
  30, 
  436, 
  true, 
  true, 
  true, 
  true, 
  true, 
  true,
  ARRAY['Keto'],
  ARRAY['Whey Protein'],
  '999ee74e-c899-4638-9e1f-bf0366499947'
);

-- Associate recipe with category
INSERT INTO recipe_categories (recipe_id, category_id)
VALUES ('74856eb3-3fb0-4140-8efd-f629b51c673a', '994a569f-3284-42d8-babb-6ecd8aab552e');

-- Insert recipe ingredients
INSERT INTO recipe_ingredients (recipe_id, ingredient_id, quantity, unit, info)
VALUES ('74856eb3-3fb0-4140-8efd-f629b51c673a', 'a0a1246c-a2f5-4e7a-80ac-4470f187efe4', '1/2', NULL, NULL);
INSERT INTO recipe_ingredients (recipe_id, ingredient_id, quantity, unit, info)
VALUES ('74856eb3-3fb0-4140-8efd-f629b51c673a', 'd26607a4-9c21-4350-80ef-1859f16c857b', '1', NULL, NULL);
INSERT INTO recipe_ingredients (recipe_id, ingredient_id, quantity, unit, info)
VALUES ('74856eb3-3fb0-4140-8efd-f629b51c673a', '41c405b8-ab0f-4cb0-bcc6-95c9fae1ea09', NULL, NULL, NULL);
INSERT INTO recipe_ingredients (recipe_id, ingredient_id, quantity, unit, info)
VALUES ('74856eb3-3fb0-4140-8efd-f629b51c673a', 'c9056f98-f7e5-4a6d-9dff-0edd25e45351', '1', NULL, NULL);
INSERT INTO recipe_ingredients (recipe_id, ingredient_id, quantity, unit, info)
VALUES ('74856eb3-3fb0-4140-8efd-f629b51c673a', 'b7842493-8d15-4228-88c0-316602028754', NULL, NULL, NULL);
INSERT INTO recipe_ingredients (recipe_id, ingredient_id, quantity, unit, info)
VALUES ('74856eb3-3fb0-4140-8efd-f629b51c673a', '56fdfad8-c81a-4421-b7fe-e1e971a192e9', '1', NULL, NULL);

-- Insert recipe label
INSERT INTO recipe_labels (recipe_id, label_id)
VALUES ('74856eb3-3fb0-4140-8efd-f629b51c673a', '5a48e22a-f836-47a0-bdba-b59d08849d8e');

-- Add dummy media for recipe
INSERT INTO recipe_media (recipe_id, url, is_main)
VALUES ('74856eb3-3fb0-4140-8efd-f629b51c673a', '/images/recipes/lemony-smoothie.jpg', true);

-- Insert recipe: Keto Blueberry Shake
INSERT INTO recipes (
  id, 
  slug, 
  title, 
  original_youtube_link, 
  overview, 
  directions, 
  benefits, 
  protein, 
  carbs, 
  fats, 
  calories, 
  meal_replacement, 
  gluten_free, 
  nut_free, 
  soy_free, 
  caffeine_free, 
  sugar_free,
  diet_type,
  protein_type,
  author_id
) VALUES (
  '70446c5d-0740-4762-ae16-df9f60937fa2', 
  'keto-blueberry-shake', 
  'Keto Blueberry Shake', 
  NULL, 
  'This keto blueberry shake is a delicious way to start your day. It''s packed with healthy ingredients that will help you stay on track with your keto diet.', 
  ARRAY['Combine all ingredients in a blender. Add more ice or water to reach the desired consistency.'], 
  'Energy', 
  27, 
  16, 
  30, 
  435, 
  true, 
  true, 
  true, 
  true, 
  true, 
  true,
  ARRAY['Keto'],
  ARRAY['Whey Protein'],
  '999ee74e-c899-4638-9e1f-bf0366499947'
);

-- Associate recipe with category
INSERT INTO recipe_categories (recipe_id, category_id)
VALUES ('70446c5d-0740-4762-ae16-df9f60937fa2', '6b20dfa0-6b2b-4719-8b1b-8a575fdfd51c');

-- Insert recipe ingredients
INSERT INTO recipe_ingredients (recipe_id, ingredient_id, quantity, unit, info)
VALUES ('70446c5d-0740-4762-ae16-df9f60937fa2', '176b2ad8-5f61-40ef-8e81-565585ac9ddd', '1/4', NULL, NULL);
INSERT INTO recipe_ingredients (recipe_id, ingredient_id, quantity, unit, info)
VALUES ('70446c5d-0740-4762-ae16-df9f60937fa2', 'dd133b80-a695-4e68-9c9b-ce2548ed4c7a', '1/4', NULL, NULL);
INSERT INTO recipe_ingredients (recipe_id, ingredient_id, quantity, unit, info)
VALUES ('70446c5d-0740-4762-ae16-df9f60937fa2', 'a0a1246c-a2f5-4e7a-80ac-4470f187efe4', '1/2', NULL, NULL);
INSERT INTO recipe_ingredients (recipe_id, ingredient_id, quantity, unit, info)
VALUES ('70446c5d-0740-4762-ae16-df9f60937fa2', '3c69b04a-c615-4427-bd19-dc83380abf2c', '1', NULL, NULL);
INSERT INTO recipe_ingredients (recipe_id, ingredient_id, quantity, unit, info)
VALUES ('70446c5d-0740-4762-ae16-df9f60937fa2', '789a9021-26cf-4e33-8af1-bcda624d9d52', '1/4', NULL, NULL);

-- Insert recipe label
INSERT INTO recipe_labels (recipe_id, label_id)
VALUES ('70446c5d-0740-4762-ae16-df9f60937fa2', '910a6bd6-afcd-476f-a88c-09ecdab6e75f');

-- Add dummy media for recipe
INSERT INTO recipe_media (recipe_id, url, is_main)
VALUES ('70446c5d-0740-4762-ae16-df9f60937fa2', '/images/recipes/keto-blueberry-shake.jpg', true);

-- Insert recipe: Chocolate Avocado Shake
INSERT INTO recipes (
  id, 
  slug, 
  title, 
  original_youtube_link, 
  overview, 
  directions, 
  benefits, 
  protein, 
  carbs, 
  fats, 
  calories, 
  meal_replacement, 
  gluten_free, 
  nut_free, 
  soy_free, 
  caffeine_free, 
  sugar_free,
  diet_type,
  protein_type,
  author_id
) VALUES (
  '5a7df40c-364b-4833-9b01-887c3aaf9019', 
  'chocolate-avocado-shake', 
  'Chocolate Avocado Shake', 
  NULL, 
  'The best thing about this recipe is that it''s healthy, keto-friendly and dairy free. The avocado isn''t just for flavor - it also provides potassium, fiber, vitamin E & C!', 
  ARRAY['Combine all ingredients in a blender. Add more ice or water to reach the desired consistency.'], 
  'Energy', 
  29, 
  26, 
  33, 
  492, 
  true, 
  true, 
  true, 
  true, 
  true, 
  true,
  ARRAY['Keto'],
  ARRAY['Whey Protein'],
  '999ee74e-c899-4638-9e1f-bf0366499947'
);

-- Associate recipe with category
INSERT INTO recipe_categories (recipe_id, category_id)
VALUES ('5a7df40c-364b-4833-9b01-887c3aaf9019', '6b20dfa0-6b2b-4719-8b1b-8a575fdfd51c');

-- Insert recipe ingredients
INSERT INTO recipe_ingredients (recipe_id, ingredient_id, quantity, unit, info)
VALUES ('5a7df40c-364b-4833-9b01-887c3aaf9019', '38341cd3-c4d9-4ad4-8b4a-d78e6a48e67a', '1/2', NULL, NULL);
INSERT INTO recipe_ingredients (recipe_id, ingredient_id, quantity, unit, info)
VALUES ('5a7df40c-364b-4833-9b01-887c3aaf9019', '55641b29-e1ad-4e21-b58e-d064e931e3c7', NULL, NULL, NULL);
INSERT INTO recipe_ingredients (recipe_id, ingredient_id, quantity, unit, info)
VALUES ('5a7df40c-364b-4833-9b01-887c3aaf9019', 'dd133b80-a695-4e68-9c9b-ce2548ed4c7a', '1', NULL, NULL);
INSERT INTO recipe_ingredients (recipe_id, ingredient_id, quantity, unit, info)
VALUES ('5a7df40c-364b-4833-9b01-887c3aaf9019', '20ca3295-f0df-4f86-ab13-505ba21f5931', '1', NULL, NULL);
INSERT INTO recipe_ingredients (recipe_id, ingredient_id, quantity, unit, info)
VALUES ('5a7df40c-364b-4833-9b01-887c3aaf9019', '3ca52200-056d-4de8-980d-7290484be720', '1', NULL, NULL);
INSERT INTO recipe_ingredients (recipe_id, ingredient_id, quantity, unit, info)
VALUES ('5a7df40c-364b-4833-9b01-887c3aaf9019', 'c03083ce-c086-4801-a773-4c90dd3608ff', '1/4', NULL, NULL);

-- Insert recipe label
INSERT INTO recipe_labels (recipe_id, label_id)
VALUES ('5a7df40c-364b-4833-9b01-887c3aaf9019', '910a6bd6-afcd-476f-a88c-09ecdab6e75f');

-- Add dummy media for recipe
INSERT INTO recipe_media (recipe_id, url, is_main)
VALUES ('5a7df40c-364b-4833-9b01-887c3aaf9019', '/images/recipes/chocolate-avocado-shake.jpg', true);

-- Insert recipe: Vanilla Bean Thickshake
INSERT INTO recipes (
  id, 
  slug, 
  title, 
  original_youtube_link, 
  overview, 
  directions, 
  benefits, 
  protein, 
  carbs, 
  fats, 
  calories, 
  meal_replacement, 
  gluten_free, 
  nut_free, 
  soy_free, 
  caffeine_free, 
  sugar_free,
  diet_type,
  protein_type,
  author_id
) VALUES (
  'c28688c5-2775-461b-aaf0-f79432bbc6fc', 
  'vanilla-bean-thickshake', 
  'Vanilla Bean Thickshake', 
  NULL, 
  'Looking for a healthy keto smoothie option? This Vanilla Bean Thickshake is perfect! Made with almond milk, vanilla extract, and protein powder, it''s a great way to start your day or refuel after a workout.', 
  ARRAY['Combine all ingredients in a blender. Add more ice or water to reach the desired consistency.'], 
  'Energy', 
  26, 
  21, 
  20, 
  369, 
  true, 
  true, 
  true, 
  true, 
  true, 
  true,
  ARRAY['Keto'],
  ARRAY['Casein Protein'],
  '999ee74e-c899-4638-9e1f-bf0366499947'
);

-- Associate recipe with category
INSERT INTO recipe_categories (recipe_id, category_id)
VALUES ('c28688c5-2775-461b-aaf0-f79432bbc6fc', '6b20dfa0-6b2b-4719-8b1b-8a575fdfd51c');

-- Insert recipe ingredients
INSERT INTO recipe_ingredients (recipe_id, ingredient_id, quantity, unit, info)
VALUES ('c28688c5-2775-461b-aaf0-f79432bbc6fc', '58f61454-dc69-49fb-933c-8a83d9a969b7', '1', NULL, NULL);
INSERT INTO recipe_ingredients (recipe_id, ingredient_id, quantity, unit, info)
VALUES ('c28688c5-2775-461b-aaf0-f79432bbc6fc', '140e694f-50ce-4276-bb93-f1b4debad0be', '1', NULL, NULL);
INSERT INTO recipe_ingredients (recipe_id, ingredient_id, quantity, unit, info)
VALUES ('c28688c5-2775-461b-aaf0-f79432bbc6fc', 'ab18b4c0-3832-488c-882d-63bd4846a9b1', '1', NULL, NULL);

-- Insert recipe label
INSERT INTO recipe_labels (recipe_id, label_id)
VALUES ('c28688c5-2775-461b-aaf0-f79432bbc6fc', '910a6bd6-afcd-476f-a88c-09ecdab6e75f');

-- Add dummy media for recipe
INSERT INTO recipe_media (recipe_id, url, is_main)
VALUES ('c28688c5-2775-461b-aaf0-f79432bbc6fc', '/images/recipes/vanilla-bean-thickshake.jpg', true);

-- Insert recipe: Coffee & Banana Shake
INSERT INTO recipes (
  id, 
  slug, 
  title, 
  original_youtube_link, 
  overview, 
  directions, 
  benefits, 
  protein, 
  carbs, 
  fats, 
  calories, 
  meal_replacement, 
  gluten_free, 
  nut_free, 
  soy_free, 
  caffeine_free, 
  sugar_free,
  diet_type,
  protein_type,
  author_id
) VALUES (
  'baa7497c-da34-4f21-b11e-f5984e1064fc', 
  'coffee-&-banana-shake', 
  'Coffee & Banana Shake', 
  NULL, 
  'Greens, avocados and bananas will give you the nutrients needed to fuel your workout. This shake will keep you full for hours because of its high fiber content which in turn helps curb appetite.', 
  ARRAY['Combine all ingredients in a blender. Add more ice or water to reach the desired consistency.'], 
  'Energy', 
  27, 
  73, 
  3, 
  390, 
  true, 
  true, 
  true, 
  true, 
  false, 
  true,
  ARRAY['Vegan'],
  ARRAY['Plant Based'],
  '999ee74e-c899-4638-9e1f-bf0366499947'
);

-- Associate recipe with category
INSERT INTO recipe_categories (recipe_id, category_id)
VALUES ('baa7497c-da34-4f21-b11e-f5984e1064fc', 'a94346c6-daf1-44e0-b249-80ce7406c52b');

-- Insert recipe ingredients
INSERT INTO recipe_ingredients (recipe_id, ingredient_id, quantity, unit, info)
VALUES ('baa7497c-da34-4f21-b11e-f5984e1064fc', 'b7104a58-e197-4151-92dc-60013206bda0', '1/3', NULL, NULL);
INSERT INTO recipe_ingredients (recipe_id, ingredient_id, quantity, unit, info)
VALUES ('baa7497c-da34-4f21-b11e-f5984e1064fc', '1f1b4e94-5252-481a-942b-400865115262', '1', NULL, NULL);
INSERT INTO recipe_ingredients (recipe_id, ingredient_id, quantity, unit, info)
VALUES ('baa7497c-da34-4f21-b11e-f5984e1064fc', 'c20bdd4f-e0c9-4b48-978b-8d773d90710a', '1', NULL, NULL);
INSERT INTO recipe_ingredients (recipe_id, ingredient_id, quantity, unit, info)
VALUES ('baa7497c-da34-4f21-b11e-f5984e1064fc', '1c104b5f-aced-4932-b99c-82594142b2bf', '1', NULL, NULL);
INSERT INTO recipe_ingredients (recipe_id, ingredient_id, quantity, unit, info)
VALUES ('baa7497c-da34-4f21-b11e-f5984e1064fc', '8d6be6ed-ad36-46b6-bcd9-d0a344062337', '2', NULL, NULL);

-- Insert recipe label
INSERT INTO recipe_labels (recipe_id, label_id)
VALUES ('baa7497c-da34-4f21-b11e-f5984e1064fc', '910a6bd6-afcd-476f-a88c-09ecdab6e75f');

-- Add dummy media for recipe
INSERT INTO recipe_media (recipe_id, url, is_main)
VALUES ('baa7497c-da34-4f21-b11e-f5984e1064fc', '/images/recipes/coffee-&-banana-shake.jpg', true);

-- Insert recipe: Wild Berrie Zone
INSERT INTO recipes (
  id, 
  slug, 
  title, 
  original_youtube_link, 
  overview, 
  directions, 
  benefits, 
  protein, 
  carbs, 
  fats, 
  calories, 
  meal_replacement, 
  gluten_free, 
  nut_free, 
  soy_free, 
  caffeine_free, 
  sugar_free,
  diet_type,
  protein_type,
  author_id
) VALUES (
  '4e7aaa1a-6d93-493b-9a37-2f7dba60ce1e', 
  'wild-berrie-zone', 
  'Wild Berrie Zone', 
  NULL, 
  'This smoothie is good in low in calories and rich in  high  fiber, vitamin C, and antioxidants.', 
  ARRAY['Place the all ingredients  into a blender; blend until smooth'], 
  'Good for weight loss', 
  6, 
  74, 
  1, 
  304, 
  false, 
  true, 
  true, 
  true, 
  true, 
  true,
  NULL,
  NULL,
  '999ee74e-c899-4638-9e1f-bf0366499947'
);

-- Associate recipe with category
INSERT INTO recipe_categories (recipe_id, category_id)
VALUES ('4e7aaa1a-6d93-493b-9a37-2f7dba60ce1e', '994a569f-3284-42d8-babb-6ecd8aab552e');

-- Insert recipe ingredients
INSERT INTO recipe_ingredients (recipe_id, ingredient_id, quantity, unit, info)
VALUES ('4e7aaa1a-6d93-493b-9a37-2f7dba60ce1e', '34a58f0b-9c1b-487b-af2d-2bb4fad0d4db', '1/2', NULL, NULL);
INSERT INTO recipe_ingredients (recipe_id, ingredient_id, quantity, unit, info)
VALUES ('4e7aaa1a-6d93-493b-9a37-2f7dba60ce1e', 'ca2594d4-b087-41f4-83fe-e4fd82e843b5', '1/4', NULL, NULL);
INSERT INTO recipe_ingredients (recipe_id, ingredient_id, quantity, unit, info)
VALUES ('4e7aaa1a-6d93-493b-9a37-2f7dba60ce1e', '789a9021-26cf-4e33-8af1-bcda624d9d52', '1/2', NULL, NULL);
INSERT INTO recipe_ingredients (recipe_id, ingredient_id, quantity, unit, info)
VALUES ('4e7aaa1a-6d93-493b-9a37-2f7dba60ce1e', '60e5da96-994f-4cd1-9388-b1713d266c1c', '1/4', NULL, NULL);
INSERT INTO recipe_ingredients (recipe_id, ingredient_id, quantity, unit, info)
VALUES ('4e7aaa1a-6d93-493b-9a37-2f7dba60ce1e', 'fff069a1-6a22-4126-91b2-230021fa2b0c', '1/2', NULL, NULL);
INSERT INTO recipe_ingredients (recipe_id, ingredient_id, quantity, unit, info)
VALUES ('4e7aaa1a-6d93-493b-9a37-2f7dba60ce1e', '6df1ac2c-5cee-4a91-8470-58844176fcbd', '1', NULL, NULL);

-- Insert recipe label
INSERT INTO recipe_labels (recipe_id, label_id)
VALUES ('4e7aaa1a-6d93-493b-9a37-2f7dba60ce1e', '68836e77-ce82-4016-8f5f-638d0ed73c8e');

-- Add dummy media for recipe
INSERT INTO recipe_media (recipe_id, url, is_main)
VALUES ('4e7aaa1a-6d93-493b-9a37-2f7dba60ce1e', '/images/recipes/wild-berrie-zone.jpg', true);

-- Insert recipe: Blue Almond Fiesta
INSERT INTO recipes (
  id, 
  slug, 
  title, 
  original_youtube_link, 
  overview, 
  directions, 
  benefits, 
  protein, 
  carbs, 
  fats, 
  calories, 
  meal_replacement, 
  gluten_free, 
  nut_free, 
  soy_free, 
  caffeine_free, 
  sugar_free,
  diet_type,
  protein_type,
  author_id
) VALUES (
  'a1277eb4-76c0-40d2-890f-f3ea28125058', 
  'blue-almond-fiesta', 
  'Blue Almond Fiesta', 
  NULL, 
  'This quick and easy smoothie is packed with protein', 
  ARRAY['Place all ingredients into the jar of a blender. Blend until smooth.'], 
  'Muscle', 
  16, 
  37, 
  18, 
  351, 
  false, 
  true, 
  false, 
  false, 
  true, 
  true,
  NULL,
  NULL,
  '999ee74e-c899-4638-9e1f-bf0366499947'
);

-- Associate recipe with category
INSERT INTO recipe_categories (recipe_id, category_id)
VALUES ('a1277eb4-76c0-40d2-890f-f3ea28125058', '994a569f-3284-42d8-babb-6ecd8aab552e');

-- Insert recipe ingredients
INSERT INTO recipe_ingredients (recipe_id, ingredient_id, quantity, unit, info)
VALUES ('a1277eb4-76c0-40d2-890f-f3ea28125058', '7cb2d677-0c41-443c-9d98-cea08721a379', '10', NULL, NULL);
INSERT INTO recipe_ingredients (recipe_id, ingredient_id, quantity, unit, info)
VALUES ('a1277eb4-76c0-40d2-890f-f3ea28125058', '789a9021-26cf-4e33-8af1-bcda624d9d52', '1/2', NULL, NULL);
INSERT INTO recipe_ingredients (recipe_id, ingredient_id, quantity, unit, info)
VALUES ('a1277eb4-76c0-40d2-890f-f3ea28125058', 'a9147221-acc1-41c2-b14f-c4c56dca7aa8', '1', NULL, NULL);
INSERT INTO recipe_ingredients (recipe_id, ingredient_id, quantity, unit, info)
VALUES ('a1277eb4-76c0-40d2-890f-f3ea28125058', 'cd3f480b-e897-4b34-ab2e-7df756484d9e', '1', NULL, NULL);
INSERT INTO recipe_ingredients (recipe_id, ingredient_id, quantity, unit, info)
VALUES ('a1277eb4-76c0-40d2-890f-f3ea28125058', 'fff069a1-6a22-4126-91b2-230021fa2b0c', '1/4', NULL, NULL);

-- Insert recipe label
INSERT INTO recipe_labels (recipe_id, label_id)
VALUES ('a1277eb4-76c0-40d2-890f-f3ea28125058', 'b225f952-e95c-44fe-87fb-09c0bdbfbd83');

-- Add dummy media for recipe
INSERT INTO recipe_media (recipe_id, url, is_main)
VALUES ('a1277eb4-76c0-40d2-890f-f3ea28125058', '/images/recipes/blue-almond-fiesta.jpg', true);

-- Insert recipe: Blue Sky Shake
INSERT INTO recipes (
  id, 
  slug, 
  title, 
  original_youtube_link, 
  overview, 
  directions, 
  benefits, 
  protein, 
  carbs, 
  fats, 
  calories, 
  meal_replacement, 
  gluten_free, 
  nut_free, 
  soy_free, 
  caffeine_free, 
  sugar_free,
  diet_type,
  protein_type,
  author_id
) VALUES (
  '96c2e39c-ea47-4149-8b3d-77cc574ad4ac', 
  'blue-sky-shake', 
  'Blue Sky Shake', 
  NULL, 
  'This pretty, blue sky treat is not only delicious, but it''s fun for everyone!', 
  ARRAY['Combine all ingredients except 1/2 tablespoon yogurt in a blender. Add more ice or water to reach the desired consistency.', 'In a cup, use a spoon to brush the remaining coconut yogurt across the sides to create cloud shapes', 'Pour the smoothie into the cup and enjoy your blue sky'], 
  'Energy', 
  27.2, 
  46.1, 
  10.1, 
  372, 
  true, 
  true, 
  true, 
  true, 
  true, 
  false,
  ARRAY['Plant Based'],
  ARRAY['Rice Protein'],
  '999ee74e-c899-4638-9e1f-bf0366499947'
);

-- Associate recipe with category
INSERT INTO recipe_categories (recipe_id, category_id)
VALUES ('96c2e39c-ea47-4149-8b3d-77cc574ad4ac', '2b6fb45a-c9b1-4bb7-ad76-5cd70b3709f4');

-- Insert recipe ingredients
INSERT INTO recipe_ingredients (recipe_id, ingredient_id, quantity, unit, info)
VALUES ('96c2e39c-ea47-4149-8b3d-77cc574ad4ac', '1c104b5f-aced-4932-b99c-82594142b2bf', '1', NULL, NULL);
INSERT INTO recipe_ingredients (recipe_id, ingredient_id, quantity, unit, info)
VALUES ('96c2e39c-ea47-4149-8b3d-77cc574ad4ac', '789a9021-26cf-4e33-8af1-bcda624d9d52', '1/4', NULL, NULL);
INSERT INTO recipe_ingredients (recipe_id, ingredient_id, quantity, unit, info)
VALUES ('96c2e39c-ea47-4149-8b3d-77cc574ad4ac', 'a0a1246c-a2f5-4e7a-80ac-4470f187efe4', '1/2', NULL, NULL);
INSERT INTO recipe_ingredients (recipe_id, ingredient_id, quantity, unit, info)
VALUES ('96c2e39c-ea47-4149-8b3d-77cc574ad4ac', '82535be2-e51d-4322-91cc-013f1c60fedc', '2', NULL, NULL);
INSERT INTO recipe_ingredients (recipe_id, ingredient_id, quantity, unit, info)
VALUES ('96c2e39c-ea47-4149-8b3d-77cc574ad4ac', 'e87f9523-b391-4e07-b6b2-b4f87c087ef0', '1/2', NULL, NULL);
INSERT INTO recipe_ingredients (recipe_id, ingredient_id, quantity, unit, info)
VALUES ('96c2e39c-ea47-4149-8b3d-77cc574ad4ac', 'd8d45b87-1e3e-46a1-a533-8851fbd8ebaa', '1/4', NULL, NULL);
INSERT INTO recipe_ingredients (recipe_id, ingredient_id, quantity, unit, info)
VALUES ('96c2e39c-ea47-4149-8b3d-77cc574ad4ac', 'cc5ed93a-4bd3-4423-ac3e-75c19455b898', '1', NULL, NULL);

-- Insert recipe label
INSERT INTO recipe_labels (recipe_id, label_id)
VALUES ('96c2e39c-ea47-4149-8b3d-77cc574ad4ac', '910a6bd6-afcd-476f-a88c-09ecdab6e75f');

-- Add dummy media for recipe
INSERT INTO recipe_media (recipe_id, url, is_main)
VALUES ('96c2e39c-ea47-4149-8b3d-77cc574ad4ac', '/images/recipes/blue-sky-shake.jpg', true);

-- Insert recipe: Green Delite
INSERT INTO recipes (
  id, 
  slug, 
  title, 
  original_youtube_link, 
  overview, 
  directions, 
  benefits, 
  protein, 
  carbs, 
  fats, 
  calories, 
  meal_replacement, 
  gluten_free, 
  nut_free, 
  soy_free, 
  caffeine_free, 
  sugar_free,
  diet_type,
  protein_type,
  author_id
) VALUES (
  '6fedd7c1-3594-4392-8706-722c30c7ec97', 
  'green-delite', 
  'Green Delite', 
  NULL, 
  'it is a great immune boosting smoothie that’s quick and easy to make and it will leave you feeling full and satisfied.', 
  ARRAY['Place all ingredients into blender or a NutriBullit and blend until smooth.'], 
  'Immunity', 
  6, 
  52, 
  2, 
  240, 
  false, 
  true, 
  false, 
  true, 
  true, 
  true,
  NULL,
  NULL,
  '999ee74e-c899-4638-9e1f-bf0366499947'
);

-- Associate recipe with category
INSERT INTO recipe_categories (recipe_id, category_id)
VALUES ('6fedd7c1-3594-4392-8706-722c30c7ec97', '2b6fb45a-c9b1-4bb7-ad76-5cd70b3709f4');

-- Insert recipe ingredients
INSERT INTO recipe_ingredients (recipe_id, ingredient_id, quantity, unit, info)
VALUES ('6fedd7c1-3594-4392-8706-722c30c7ec97', '4b633a12-cccb-4806-b087-711eb605f33a', '1', NULL, NULL);
INSERT INTO recipe_ingredients (recipe_id, ingredient_id, quantity, unit, info)
VALUES ('6fedd7c1-3594-4392-8706-722c30c7ec97', '789a9021-26cf-4e33-8af1-bcda624d9d52', '1/2', NULL, NULL);
INSERT INTO recipe_ingredients (recipe_id, ingredient_id, quantity, unit, info)
VALUES ('6fedd7c1-3594-4392-8706-722c30c7ec97', '7cb2d677-0c41-443c-9d98-cea08721a379', '4', NULL, NULL);
INSERT INTO recipe_ingredients (recipe_id, ingredient_id, quantity, unit, info)
VALUES ('6fedd7c1-3594-4392-8706-722c30c7ec97', '72e33646-22c7-40ca-befc-62877d4ed626', '1/2', NULL, NULL);
INSERT INTO recipe_ingredients (recipe_id, ingredient_id, quantity, unit, info)
VALUES ('6fedd7c1-3594-4392-8706-722c30c7ec97', 'a97cd716-6519-44e5-adc2-51d95a30aaf4', '1/2', NULL, NULL);
INSERT INTO recipe_ingredients (recipe_id, ingredient_id, quantity, unit, info)
VALUES ('6fedd7c1-3594-4392-8706-722c30c7ec97', '8b55b575-d43b-4bd7-8860-723d79bd83b7', '1', NULL, NULL);

-- Insert recipe label
INSERT INTO recipe_labels (recipe_id, label_id)
VALUES ('6fedd7c1-3594-4392-8706-722c30c7ec97', '5a48e22a-f836-47a0-bdba-b59d08849d8e');

-- Add dummy media for recipe
INSERT INTO recipe_media (recipe_id, url, is_main)
VALUES ('6fedd7c1-3594-4392-8706-722c30c7ec97', '/images/recipes/green-delite.jpg', true);

-- Insert recipe: Smooth Banana Nut
INSERT INTO recipes (
  id, 
  slug, 
  title, 
  original_youtube_link, 
  overview, 
  directions, 
  benefits, 
  protein, 
  carbs, 
  fats, 
  calories, 
  meal_replacement, 
  gluten_free, 
  nut_free, 
  soy_free, 
  caffeine_free, 
  sugar_free,
  diet_type,
  protein_type,
  author_id
) VALUES (
  'ed96c1de-265a-4b49-aab1-a40631b11455', 
  'smooth-banana-nut', 
  'Smooth Banana Nut', 
  NULL, 
  'Packed with vitamins, minerals and omega-3’s', 
  ARRAY['Process banana, pecans, almonds, skim milk, yogurt and honey, in a blender until smooth. Pour into glass, and serve immediately.'], 
  'Energy', 
  15, 
  70, 
  25, 
  554, 
  false, 
  true, 
  false, 
  true, 
  true, 
  true,
  NULL,
  NULL,
  '999ee74e-c899-4638-9e1f-bf0366499947'
);

-- Associate recipe with category
INSERT INTO recipe_categories (recipe_id, category_id)
VALUES ('ed96c1de-265a-4b49-aab1-a40631b11455', '2b6fb45a-c9b1-4bb7-ad76-5cd70b3709f4');

-- Insert recipe ingredients
INSERT INTO recipe_ingredients (recipe_id, ingredient_id, quantity, unit, info)
VALUES ('ed96c1de-265a-4b49-aab1-a40631b11455', '4b633a12-cccb-4806-b087-711eb605f33a', '1', NULL, NULL);
INSERT INTO recipe_ingredients (recipe_id, ingredient_id, quantity, unit, info)
VALUES ('ed96c1de-265a-4b49-aab1-a40631b11455', '297c1fca-0622-4cc2-9cd2-f8a963d0c7b6', NULL, NULL, NULL);
INSERT INTO recipe_ingredients (recipe_id, ingredient_id, quantity, unit, info)
VALUES ('ed96c1de-265a-4b49-aab1-a40631b11455', '4b57dc75-ee68-411b-9835-b019f599ffd4', NULL, NULL, NULL);
INSERT INTO recipe_ingredients (recipe_id, ingredient_id, quantity, unit, info)
VALUES ('ed96c1de-265a-4b49-aab1-a40631b11455', '9ce5170b-013f-4fc5-b4a1-24a5d275bd6a', '1/4', NULL, NULL);
INSERT INTO recipe_ingredients (recipe_id, ingredient_id, quantity, unit, info)
VALUES ('ed96c1de-265a-4b49-aab1-a40631b11455', '5d50f7fb-5e59-4eca-a933-590b1bd0d749', NULL, NULL, NULL);

-- Insert recipe label
INSERT INTO recipe_labels (recipe_id, label_id)
VALUES ('ed96c1de-265a-4b49-aab1-a40631b11455', '910a6bd6-afcd-476f-a88c-09ecdab6e75f');

-- Add dummy media for recipe
INSERT INTO recipe_media (recipe_id, url, is_main)
VALUES ('ed96c1de-265a-4b49-aab1-a40631b11455', '/images/recipes/smooth-banana-nut.jpg', true);

-- Insert recipe: Raspberry Zinger Haven
INSERT INTO recipes (
  id, 
  slug, 
  title, 
  original_youtube_link, 
  overview, 
  directions, 
  benefits, 
  protein, 
  carbs, 
  fats, 
  calories, 
  meal_replacement, 
  gluten_free, 
  nut_free, 
  soy_free, 
  caffeine_free, 
  sugar_free,
  diet_type,
  protein_type,
  author_id
) VALUES (
  '9e7f3074-ab25-450c-896e-32b29fc144c3', 
  'raspberry-zinger-haven', 
  'Raspberry Zinger Haven', 
  NULL, 
  'it is perfect for cooling down on a hot day or as a post workout', 
  ARRAY['Place all ingredients into blender and blend until smooth'], 
  'Energy', 
  8, 
  85, 
  1, 
  362, 
  false, 
  true, 
  true, 
  true, 
  true, 
  true,
  NULL,
  NULL,
  '999ee74e-c899-4638-9e1f-bf0366499947'
);

-- Associate recipe with category
INSERT INTO recipe_categories (recipe_id, category_id)
VALUES ('9e7f3074-ab25-450c-896e-32b29fc144c3', '2ee93ab6-ef51-40a2-8532-1445338d2051');

-- Insert recipe ingredients
INSERT INTO recipe_ingredients (recipe_id, ingredient_id, quantity, unit, info)
VALUES ('9e7f3074-ab25-450c-896e-32b29fc144c3', 'ca2594d4-b087-41f4-83fe-e4fd82e843b5', '1', NULL, NULL);
INSERT INTO recipe_ingredients (recipe_id, ingredient_id, quantity, unit, info)
VALUES ('9e7f3074-ab25-450c-896e-32b29fc144c3', '70973f4d-46d3-4943-8514-cd38013dc245', '1', NULL, NULL);
INSERT INTO recipe_ingredients (recipe_id, ingredient_id, quantity, unit, info)
VALUES ('9e7f3074-ab25-450c-896e-32b29fc144c3', '2e234779-a3c9-440d-b2a8-eb1d4234d2b8', '1', NULL, NULL);
INSERT INTO recipe_ingredients (recipe_id, ingredient_id, quantity, unit, info)
VALUES ('9e7f3074-ab25-450c-896e-32b29fc144c3', '51c2ee08-ab90-40fb-9666-cab7b8417bbc', '1', NULL, NULL);
INSERT INTO recipe_ingredients (recipe_id, ingredient_id, quantity, unit, info)
VALUES ('9e7f3074-ab25-450c-896e-32b29fc144c3', 'fff069a1-6a22-4126-91b2-230021fa2b0c', '1', NULL, NULL);

-- Insert recipe label
INSERT INTO recipe_labels (recipe_id, label_id)
VALUES ('9e7f3074-ab25-450c-896e-32b29fc144c3', '910a6bd6-afcd-476f-a88c-09ecdab6e75f');

-- Add dummy media for recipe
INSERT INTO recipe_media (recipe_id, url, is_main)
VALUES ('9e7f3074-ab25-450c-896e-32b29fc144c3', '/images/recipes/raspberry-zinger-haven.jpg', true);

-- Insert recipe: No Bull Berry Light
INSERT INTO recipes (
  id, 
  slug, 
  title, 
  original_youtube_link, 
  overview, 
  directions, 
  benefits, 
  protein, 
  carbs, 
  fats, 
  calories, 
  meal_replacement, 
  gluten_free, 
  nut_free, 
  soy_free, 
  caffeine_free, 
  sugar_free,
  diet_type,
  protein_type,
  author_id
) VALUES (
  '09c14232-5048-4a16-803a-3723e2c9f237', 
  'no-bull-berry-light', 
  'No Bull Berry Light', 
  NULL, 
  'packed with protein to keep you full throughout the day', 
  ARRAY['Add all of the ingredients to a blender. Pulse for 30 seconds, stir and pulse for an additional 30 seconds. Pour into one  glass and serve immediately or refrigerate until ready to serve'], 
  'Appearance', 
  12, 
  69, 
  4, 
  353, 
  false, 
  true, 
  true, 
  false, 
  true, 
  true,
  NULL,
  NULL,
  '999ee74e-c899-4638-9e1f-bf0366499947'
);

-- Associate recipe with category
INSERT INTO recipe_categories (recipe_id, category_id)
VALUES ('09c14232-5048-4a16-803a-3723e2c9f237', '2b6fb45a-c9b1-4bb7-ad76-5cd70b3709f4');

-- Insert recipe ingredients
INSERT INTO recipe_ingredients (recipe_id, ingredient_id, quantity, unit, info)
VALUES ('09c14232-5048-4a16-803a-3723e2c9f237', '34a58f0b-9c1b-487b-af2d-2bb4fad0d4db', '1/2', NULL, NULL);
INSERT INTO recipe_ingredients (recipe_id, ingredient_id, quantity, unit, info)
VALUES ('09c14232-5048-4a16-803a-3723e2c9f237', 'ca2594d4-b087-41f4-83fe-e4fd82e843b5', '1/2', NULL, NULL);
INSERT INTO recipe_ingredients (recipe_id, ingredient_id, quantity, unit, info)
VALUES ('09c14232-5048-4a16-803a-3723e2c9f237', '789a9021-26cf-4e33-8af1-bcda624d9d52', '1/2', NULL, NULL);
INSERT INTO recipe_ingredients (recipe_id, ingredient_id, quantity, unit, info)
VALUES ('09c14232-5048-4a16-803a-3723e2c9f237', 'cd3f480b-e897-4b34-ab2e-7df756484d9e', '1', NULL, NULL);
INSERT INTO recipe_ingredients (recipe_id, ingredient_id, quantity, unit, info)
VALUES ('09c14232-5048-4a16-803a-3723e2c9f237', 'fff069a1-6a22-4126-91b2-230021fa2b0c', '1/2', NULL, NULL);
INSERT INTO recipe_ingredients (recipe_id, ingredient_id, quantity, unit, info)
VALUES ('09c14232-5048-4a16-803a-3723e2c9f237', 'f05a30f9-a97a-4dd4-9317-708b260567de', '1', NULL, NULL);

-- Insert recipe label
INSERT INTO recipe_labels (recipe_id, label_id)
VALUES ('09c14232-5048-4a16-803a-3723e2c9f237', '0bba0cc1-602c-4387-877d-5281d5e5d4ff');

-- Add dummy media for recipe
INSERT INTO recipe_media (recipe_id, url, is_main)
VALUES ('09c14232-5048-4a16-803a-3723e2c9f237', '/images/recipes/no-bull-berry-light.jpg', true);

-- Insert recipe: Strawberry Lemon Explosion
INSERT INTO recipes (
  id, 
  slug, 
  title, 
  original_youtube_link, 
  overview, 
  directions, 
  benefits, 
  protein, 
  carbs, 
  fats, 
  calories, 
  meal_replacement, 
  gluten_free, 
  nut_free, 
  soy_free, 
  caffeine_free, 
  sugar_free,
  diet_type,
  protein_type,
  author_id
) VALUES (
  '8fde5581-53c4-463a-960a-a067f8726d77', 
  'strawberry-lemon-explosion', 
  'Strawberry Lemon Explosion', 
  NULL, 
  'Sweet, tangy and wonderfully refreshing smoothie', 
  ARRAY['Combine strawberries, yogurt, lemonade in blender until smooth.Serve immediately.'], 
  'Appearance', 
  8, 
  78, 
  0, 
  338, 
  false, 
  true, 
  true, 
  true, 
  true, 
  true,
  NULL,
  NULL,
  '999ee74e-c899-4638-9e1f-bf0366499947'
);

-- Associate recipe with category
INSERT INTO recipe_categories (recipe_id, category_id)
VALUES ('8fde5581-53c4-463a-960a-a067f8726d77', '994a569f-3284-42d8-babb-6ecd8aab552e');

-- Insert recipe ingredients
INSERT INTO recipe_ingredients (recipe_id, ingredient_id, quantity, unit, info)
VALUES ('8fde5581-53c4-463a-960a-a067f8726d77', '34a58f0b-9c1b-487b-af2d-2bb4fad0d4db', '1', NULL, NULL);
INSERT INTO recipe_ingredients (recipe_id, ingredient_id, quantity, unit, info)
VALUES ('8fde5581-53c4-463a-960a-a067f8726d77', '2d539f19-4125-4f72-ad01-13c4c9087b26', '1/2', NULL, NULL);
INSERT INTO recipe_ingredients (recipe_id, ingredient_id, quantity, unit, info)
VALUES ('8fde5581-53c4-463a-960a-a067f8726d77', 'fff069a1-6a22-4126-91b2-230021fa2b0c', '1', NULL, NULL);

-- Insert recipe label
INSERT INTO recipe_labels (recipe_id, label_id)
VALUES ('8fde5581-53c4-463a-960a-a067f8726d77', '0bba0cc1-602c-4387-877d-5281d5e5d4ff');

-- Add dummy media for recipe
INSERT INTO recipe_media (recipe_id, url, is_main)
VALUES ('8fde5581-53c4-463a-960a-a067f8726d77', '/images/recipes/strawberry-lemon-explosion.jpg', true);

-- Insert recipe: Awesome Peanut Butter
INSERT INTO recipes (
  id, 
  slug, 
  title, 
  original_youtube_link, 
  overview, 
  directions, 
  benefits, 
  protein, 
  carbs, 
  fats, 
  calories, 
  meal_replacement, 
  gluten_free, 
  nut_free, 
  soy_free, 
  caffeine_free, 
  sugar_free,
  diet_type,
  protein_type,
  author_id
) VALUES (
  '9ff4373f-9e3c-4911-9813-6ed0af973f00', 
  'awesome-peanut-butter', 
  'Awesome Peanut Butter', 
  NULL, 
  'It''s creamy, protein rich and filling for breakfast.', 
  ARRAY['Purée all ingredients in a blender until smooth.'], 
  'Energy', 
  11, 
  47, 
  8, 
  285, 
  false, 
  true, 
  false, 
  true, 
  true, 
  true,
  NULL,
  NULL,
  '999ee74e-c899-4638-9e1f-bf0366499947'
);

-- Associate recipe with category
INSERT INTO recipe_categories (recipe_id, category_id)
VALUES ('9ff4373f-9e3c-4911-9813-6ed0af973f00', '2b6fb45a-c9b1-4bb7-ad76-5cd70b3709f4');

-- Insert recipe ingredients
INSERT INTO recipe_ingredients (recipe_id, ingredient_id, quantity, unit, info)
VALUES ('9ff4373f-9e3c-4911-9813-6ed0af973f00', 'a9147221-acc1-41c2-b14f-c4c56dca7aa8', '1', NULL, NULL);
INSERT INTO recipe_ingredients (recipe_id, ingredient_id, quantity, unit, info)
VALUES ('9ff4373f-9e3c-4911-9813-6ed0af973f00', '4b633a12-cccb-4806-b087-711eb605f33a', '1', NULL, NULL);
INSERT INTO recipe_ingredients (recipe_id, ingredient_id, quantity, unit, info)
VALUES ('9ff4373f-9e3c-4911-9813-6ed0af973f00', '9ce5170b-013f-4fc5-b4a1-24a5d275bd6a', '1/2', NULL, NULL);
INSERT INTO recipe_ingredients (recipe_id, ingredient_id, quantity, unit, info)
VALUES ('9ff4373f-9e3c-4911-9813-6ed0af973f00', 'fff069a1-6a22-4126-91b2-230021fa2b0c', '1/4', NULL, NULL);

-- Insert recipe label
INSERT INTO recipe_labels (recipe_id, label_id)
VALUES ('9ff4373f-9e3c-4911-9813-6ed0af973f00', '910a6bd6-afcd-476f-a88c-09ecdab6e75f');

-- Add dummy media for recipe
INSERT INTO recipe_media (recipe_id, url, is_main)
VALUES ('9ff4373f-9e3c-4911-9813-6ed0af973f00', '/images/recipes/awesome-peanut-butter.jpg', true);

-- Insert recipe: Blueberry Pie Cloud
INSERT INTO recipes (
  id, 
  slug, 
  title, 
  original_youtube_link, 
  overview, 
  directions, 
  benefits, 
  protein, 
  carbs, 
  fats, 
  calories, 
  meal_replacement, 
  gluten_free, 
  nut_free, 
  soy_free, 
  caffeine_free, 
  sugar_free,
  diet_type,
  protein_type,
  author_id
) VALUES (
  'bbebaeab-be49-4c12-887a-943df3f66b2f', 
  'blueberry-pie-cloud', 
  'Blueberry Pie Cloud', 
  NULL, 
  'A delicious blend of berries, yoghurt & granola, makes a healthy breakfast, snack or dessert', 
  ARRAY['Place all ingredients, except granola, into a blender and puree until smooth.
Pour smoothie into a glass or bowl. Stir through granola (or sprinkle over top) and serve with a spoon'], 
  'Energy', 
  14, 
  113, 
  4, 
  553, 
  false, 
  true, 
  false, 
  true, 
  true, 
  true,
  NULL,
  NULL,
  '999ee74e-c899-4638-9e1f-bf0366499947'
);

-- Associate recipe with category
INSERT INTO recipe_categories (recipe_id, category_id)
VALUES ('bbebaeab-be49-4c12-887a-943df3f66b2f', '2b6fb45a-c9b1-4bb7-ad76-5cd70b3709f4');

-- Insert recipe ingredients
INSERT INTO recipe_ingredients (recipe_id, ingredient_id, quantity, unit, info)
VALUES ('bbebaeab-be49-4c12-887a-943df3f66b2f', '789a9021-26cf-4e33-8af1-bcda624d9d52', '1/2', NULL, NULL);
INSERT INTO recipe_ingredients (recipe_id, ingredient_id, quantity, unit, info)
VALUES ('bbebaeab-be49-4c12-887a-943df3f66b2f', 'ca2594d4-b087-41f4-83fe-e4fd82e843b5', '1/2', NULL, NULL);
INSERT INTO recipe_ingredients (recipe_id, ingredient_id, quantity, unit, info)
VALUES ('bbebaeab-be49-4c12-887a-943df3f66b2f', 'db1d511e-adf3-4201-b42f-d1b5a8d967c2', '1/2', NULL, NULL);
INSERT INTO recipe_ingredients (recipe_id, ingredient_id, quantity, unit, info)
VALUES ('bbebaeab-be49-4c12-887a-943df3f66b2f', '5bd84c38-7e7c-40c8-a7cf-3c78792b409f', '1', NULL, NULL);
INSERT INTO recipe_ingredients (recipe_id, ingredient_id, quantity, unit, info)
VALUES ('bbebaeab-be49-4c12-887a-943df3f66b2f', 'fff069a1-6a22-4126-91b2-230021fa2b0c', '1/2', NULL, NULL);

-- Insert recipe label
INSERT INTO recipe_labels (recipe_id, label_id)
VALUES ('bbebaeab-be49-4c12-887a-943df3f66b2f', '910a6bd6-afcd-476f-a88c-09ecdab6e75f');

-- Add dummy media for recipe
INSERT INTO recipe_media (recipe_id, url, is_main)
VALUES ('bbebaeab-be49-4c12-887a-943df3f66b2f', '/images/recipes/blueberry-pie-cloud.jpg', true);

-- Insert recipe: Hot San Diego
INSERT INTO recipes (
  id, 
  slug, 
  title, 
  original_youtube_link, 
  overview, 
  directions, 
  benefits, 
  protein, 
  carbs, 
  fats, 
  calories, 
  meal_replacement, 
  gluten_free, 
  nut_free, 
  soy_free, 
  caffeine_free, 
  sugar_free,
  diet_type,
  protein_type,
  author_id
) VALUES (
  '73121f98-afab-4d44-8d83-ade828f0cbd9', 
  'hot-san-diego', 
  'Hot San Diego', 
  NULL, 
  'Delicious no sugar added strawberry banana orange smoothie', 
  ARRAY['Process everything in a blender into fine consistency and enjoy'], 
  'Weight', 
  4, 
  55, 
  0, 
  226, 
  false, 
  true, 
  true, 
  true, 
  true, 
  true,
  NULL,
  NULL,
  '999ee74e-c899-4638-9e1f-bf0366499947'
);

-- Associate recipe with category
INSERT INTO recipe_categories (recipe_id, category_id)
VALUES ('73121f98-afab-4d44-8d83-ade828f0cbd9', '994a569f-3284-42d8-babb-6ecd8aab552e');

-- Insert recipe ingredients
INSERT INTO recipe_ingredients (recipe_id, ingredient_id, quantity, unit, info)
VALUES ('73121f98-afab-4d44-8d83-ade828f0cbd9', '34a58f0b-9c1b-487b-af2d-2bb4fad0d4db', '1/2', NULL, NULL);
INSERT INTO recipe_ingredients (recipe_id, ingredient_id, quantity, unit, info)
VALUES ('73121f98-afab-4d44-8d83-ade828f0cbd9', '70973f4d-46d3-4943-8514-cd38013dc245', '1', NULL, NULL);
INSERT INTO recipe_ingredients (recipe_id, ingredient_id, quantity, unit, info)
VALUES ('73121f98-afab-4d44-8d83-ade828f0cbd9', 'd50fff26-d475-475a-a49c-18d61b9b6b5f', '1', NULL, NULL);

-- Insert recipe label
INSERT INTO recipe_labels (recipe_id, label_id)
VALUES ('73121f98-afab-4d44-8d83-ade828f0cbd9', 'bcc5210d-e11e-416a-b6a5-566a73a4be32');

-- Add dummy media for recipe
INSERT INTO recipe_media (recipe_id, url, is_main)
VALUES ('73121f98-afab-4d44-8d83-ade828f0cbd9', '/images/recipes/hot-san-diego.jpg', true);

-- Insert recipe: Baby Mango 
INSERT INTO recipes (
  id, 
  slug, 
  title, 
  original_youtube_link, 
  overview, 
  directions, 
  benefits, 
  protein, 
  carbs, 
  fats, 
  calories, 
  meal_replacement, 
  gluten_free, 
  nut_free, 
  soy_free, 
  caffeine_free, 
  sugar_free,
  diet_type,
  protein_type,
  author_id
) VALUES (
  'ac9a7e18-22b3-4325-921c-57a181e0ba4c', 
  'baby-mango', 
  'Baby Mango', 
  NULL, 
  'Enjoy the tropical flavors with this delicious cold mango pineapple smoothie with orange juice', 
  ARRAY['add mango, pineapple and orange juice into a blender and Blend it until smooth'], 
  'Immunity', 
  3, 
  49, 
  0, 
  203, 
  false, 
  true, 
  true, 
  true, 
  true, 
  true,
  NULL,
  NULL,
  '999ee74e-c899-4638-9e1f-bf0366499947'
);

-- Associate recipe with category
INSERT INTO recipe_categories (recipe_id, category_id)
VALUES ('ac9a7e18-22b3-4325-921c-57a181e0ba4c', 'fafaeebc-8a58-49f7-80cf-eabaedf7ace5');

-- Insert recipe ingredients
INSERT INTO recipe_ingredients (recipe_id, ingredient_id, quantity, unit, info)
VALUES ('ac9a7e18-22b3-4325-921c-57a181e0ba4c', '13a4493e-48af-43ed-b532-ce78a8af866f', '1/2', NULL, NULL);
INSERT INTO recipe_ingredients (recipe_id, ingredient_id, quantity, unit, info)
VALUES ('ac9a7e18-22b3-4325-921c-57a181e0ba4c', '5a292d44-3aee-4a9b-b452-7ad880b69e81', '1/2', NULL, NULL);
INSERT INTO recipe_ingredients (recipe_id, ingredient_id, quantity, unit, info)
VALUES ('ac9a7e18-22b3-4325-921c-57a181e0ba4c', 'd50fff26-d475-475a-a49c-18d61b9b6b5f', '1', NULL, NULL);

-- Insert recipe label
INSERT INTO recipe_labels (recipe_id, label_id)
VALUES ('ac9a7e18-22b3-4325-921c-57a181e0ba4c', '5a48e22a-f836-47a0-bdba-b59d08849d8e');

-- Add dummy media for recipe
INSERT INTO recipe_media (recipe_id, url, is_main)
VALUES ('ac9a7e18-22b3-4325-921c-57a181e0ba4c', '/images/recipes/baby-mango.jpg', true);

-- Insert recipe: Red Kiwi Brothers
INSERT INTO recipes (
  id, 
  slug, 
  title, 
  original_youtube_link, 
  overview, 
  directions, 
  benefits, 
  protein, 
  carbs, 
  fats, 
  calories, 
  meal_replacement, 
  gluten_free, 
  nut_free, 
  soy_free, 
  caffeine_free, 
  sugar_free,
  diet_type,
  protein_type,
  author_id
) VALUES (
  '9a6e729a-2bcd-48af-9810-64f2d671d2ae', 
  'red-kiwi-brothers', 
  'Red Kiwi Brothers', 
  NULL, 
  'Delicious Creamy kiwi, Strawberry Banana Smoothie made with yogurt.', 
  ARRAY['Place the banana, strawberries, kiwi, vanilla frozen yogurt, and apple cider in a blender. Blend until smooth.'], 
  'Appearance', 
  6, 
  64, 
  1, 
  272, 
  false, 
  true, 
  true, 
  true, 
  true, 
  true,
  NULL,
  NULL,
  '999ee74e-c899-4638-9e1f-bf0366499947'
);

-- Associate recipe with category
INSERT INTO recipe_categories (recipe_id, category_id)
VALUES ('9a6e729a-2bcd-48af-9810-64f2d671d2ae', '994a569f-3284-42d8-babb-6ecd8aab552e');

-- Insert recipe ingredients
INSERT INTO recipe_ingredients (recipe_id, ingredient_id, quantity, unit, info)
VALUES ('9a6e729a-2bcd-48af-9810-64f2d671d2ae', '34c4fec4-3a45-40f9-9e27-ec3ff4bcd741', '1', NULL, NULL);
INSERT INTO recipe_ingredients (recipe_id, ingredient_id, quantity, unit, info)
VALUES ('9a6e729a-2bcd-48af-9810-64f2d671d2ae', '8b0ff819-cf22-4f0c-9339-095c147a111b', '6', NULL, NULL);
INSERT INTO recipe_ingredients (recipe_id, ingredient_id, quantity, unit, info)
VALUES ('9a6e729a-2bcd-48af-9810-64f2d671d2ae', '4b633a12-cccb-4806-b087-711eb605f33a', '1', NULL, NULL);
INSERT INTO recipe_ingredients (recipe_id, ingredient_id, quantity, unit, info)
VALUES ('9a6e729a-2bcd-48af-9810-64f2d671d2ae', 'fff069a1-6a22-4126-91b2-230021fa2b0c', '1/2', NULL, NULL);
INSERT INTO recipe_ingredients (recipe_id, ingredient_id, quantity, unit, info)
VALUES ('9a6e729a-2bcd-48af-9810-64f2d671d2ae', '51c2ee08-ab90-40fb-9666-cab7b8417bbc', '1', NULL, NULL);

-- Insert recipe label
INSERT INTO recipe_labels (recipe_id, label_id)
VALUES ('9a6e729a-2bcd-48af-9810-64f2d671d2ae', '0bba0cc1-602c-4387-877d-5281d5e5d4ff');

-- Add dummy media for recipe
INSERT INTO recipe_media (recipe_id, url, is_main)
VALUES ('9a6e729a-2bcd-48af-9810-64f2d671d2ae', '/images/recipes/red-kiwi-brothers.jpg', true);

-- Insert recipe: Blue Oat-Crunch
INSERT INTO recipes (
  id, 
  slug, 
  title, 
  original_youtube_link, 
  overview, 
  directions, 
  benefits, 
  protein, 
  carbs, 
  fats, 
  calories, 
  meal_replacement, 
  gluten_free, 
  nut_free, 
  soy_free, 
  caffeine_free, 
  sugar_free,
  diet_type,
  protein_type,
  author_id
) VALUES (
  'd96cb3ea-c9a7-49b9-8af9-faeab601826a', 
  'blue-oat-crunch', 
  'Blue Oat-Crunch', 
  NULL, 
  'This is a fruity, delicious, and easy-to-make smoothie.', 
  ARRAY['Place all ingredients into blender and blend until smooth'], 
  'Energy', 
  8, 
  86, 
  2, 
  372, 
  false, 
  true, 
  true, 
  true, 
  true, 
  true,
  NULL,
  NULL,
  '999ee74e-c899-4638-9e1f-bf0366499947'
);

-- Associate recipe with category
INSERT INTO recipe_categories (recipe_id, category_id)
VALUES ('d96cb3ea-c9a7-49b9-8af9-faeab601826a', '994a569f-3284-42d8-babb-6ecd8aab552e');

-- Insert recipe ingredients
INSERT INTO recipe_ingredients (recipe_id, ingredient_id, quantity, unit, info)
VALUES ('d96cb3ea-c9a7-49b9-8af9-faeab601826a', '789a9021-26cf-4e33-8af1-bcda624d9d52', '1/2', NULL, NULL);
INSERT INTO recipe_ingredients (recipe_id, ingredient_id, quantity, unit, info)
VALUES ('d96cb3ea-c9a7-49b9-8af9-faeab601826a', '4b633a12-cccb-4806-b087-711eb605f33a', '1', NULL, NULL);
INSERT INTO recipe_ingredients (recipe_id, ingredient_id, quantity, unit, info)
VALUES ('d96cb3ea-c9a7-49b9-8af9-faeab601826a', 'f2de22f5-2242-4e9d-a0e7-931ccaa713ec', '1/4', NULL, NULL);
INSERT INTO recipe_ingredients (recipe_id, ingredient_id, quantity, unit, info)
VALUES ('d96cb3ea-c9a7-49b9-8af9-faeab601826a', 'fff069a1-6a22-4126-91b2-230021fa2b0c', '1/2', NULL, NULL);
INSERT INTO recipe_ingredients (recipe_id, ingredient_id, quantity, unit, info)
VALUES ('d96cb3ea-c9a7-49b9-8af9-faeab601826a', 'abf825dc-126c-4ec3-8b74-f921a07d8c9a', '1/4', NULL, NULL);

-- Insert recipe label
INSERT INTO recipe_labels (recipe_id, label_id)
VALUES ('d96cb3ea-c9a7-49b9-8af9-faeab601826a', '910a6bd6-afcd-476f-a88c-09ecdab6e75f');

-- Add dummy media for recipe
INSERT INTO recipe_media (recipe_id, url, is_main)
VALUES ('d96cb3ea-c9a7-49b9-8af9-faeab601826a', '/images/recipes/blue-oat-crunch.jpg', true);

-- Insert recipe: Dirty Chicago
INSERT INTO recipes (
  id, 
  slug, 
  title, 
  original_youtube_link, 
  overview, 
  directions, 
  benefits, 
  protein, 
  carbs, 
  fats, 
  calories, 
  meal_replacement, 
  gluten_free, 
  nut_free, 
  soy_free, 
  caffeine_free, 
  sugar_free,
  diet_type,
  protein_type,
  author_id
) VALUES (
  '1919527b-82c9-4068-b3bf-cfb943701fb2', 
  'dirty-chicago', 
  'Dirty Chicago', 
  NULL, 
  'Enriched with fresh mango, coconut, banana, and pineapple and orange juice smoothie is a nutritious tropical delight for the taste buds.', 
  ARRAY['Add all the ingredients in a blender.Blend until smooth. Serve immediately.'], 
  'Energy', 
  7, 
  86, 
  7, 
  423, 
  false, 
  true, 
  false, 
  true, 
  true, 
  true,
  NULL,
  NULL,
  '999ee74e-c899-4638-9e1f-bf0366499947'
);

-- Associate recipe with category
INSERT INTO recipe_categories (recipe_id, category_id)
VALUES ('1919527b-82c9-4068-b3bf-cfb943701fb2', '2b6fb45a-c9b1-4bb7-ad76-5cd70b3709f4');

-- Insert recipe ingredients
INSERT INTO recipe_ingredients (recipe_id, ingredient_id, quantity, unit, info)
VALUES ('1919527b-82c9-4068-b3bf-cfb943701fb2', '8890ac9c-5fe4-401c-bc19-2d700175f862', '1/2', NULL, NULL);
INSERT INTO recipe_ingredients (recipe_id, ingredient_id, quantity, unit, info)
VALUES ('1919527b-82c9-4068-b3bf-cfb943701fb2', '70973f4d-46d3-4943-8514-cd38013dc245', '1', NULL, NULL);
INSERT INTO recipe_ingredients (recipe_id, ingredient_id, quantity, unit, info)
VALUES ('1919527b-82c9-4068-b3bf-cfb943701fb2', 'b1eae386-77f7-450a-9e49-b018700028df', '1/4', NULL, NULL);
INSERT INTO recipe_ingredients (recipe_id, ingredient_id, quantity, unit, info)
VALUES ('1919527b-82c9-4068-b3bf-cfb943701fb2', '5bd84c38-7e7c-40c8-a7cf-3c78792b409f', '1/2', NULL, NULL);
INSERT INTO recipe_ingredients (recipe_id, ingredient_id, quantity, unit, info)
VALUES ('1919527b-82c9-4068-b3bf-cfb943701fb2', '05bf9cb3-0f12-40c9-ad24-56723b249c43', '1/2', NULL, NULL);
INSERT INTO recipe_ingredients (recipe_id, ingredient_id, quantity, unit, info)
VALUES ('1919527b-82c9-4068-b3bf-cfb943701fb2', 'fff069a1-6a22-4126-91b2-230021fa2b0c', '1/2', NULL, NULL);

-- Insert recipe label
INSERT INTO recipe_labels (recipe_id, label_id)
VALUES ('1919527b-82c9-4068-b3bf-cfb943701fb2', '910a6bd6-afcd-476f-a88c-09ecdab6e75f');

-- Add dummy media for recipe
INSERT INTO recipe_media (recipe_id, url, is_main)
VALUES ('1919527b-82c9-4068-b3bf-cfb943701fb2', '/images/recipes/dirty-chicago.jpg', true);

-- Insert recipe: Mix Berry Blast
INSERT INTO recipes (
  id, 
  slug, 
  title, 
  original_youtube_link, 
  overview, 
  directions, 
  benefits, 
  protein, 
  carbs, 
  fats, 
  calories, 
  meal_replacement, 
  gluten_free, 
  nut_free, 
  soy_free, 
  caffeine_free, 
  sugar_free,
  diet_type,
  protein_type,
  author_id
) VALUES (
  'e4413b22-245d-441c-80eb-74da0dfa0a98', 
  'mix-berry-blast', 
  'Mix Berry Blast', 
  NULL, 
  'A smoothie with strawberries, blueberries, raspberries  and banana is delicately sweet and entirely kid-friendly,', 
  ARRAY['Combine all ingredients into a blender; mix well.'], 
  'Weight', 
  4, 
  53, 
  0, 
  211, 
  false, 
  true, 
  true, 
  true, 
  true, 
  true,
  NULL,
  NULL,
  '999ee74e-c899-4638-9e1f-bf0366499947'
);

-- Associate recipe with category
INSERT INTO recipe_categories (recipe_id, category_id)
VALUES ('e4413b22-245d-441c-80eb-74da0dfa0a98', '994a569f-3284-42d8-babb-6ecd8aab552e');

-- Insert recipe ingredients
INSERT INTO recipe_ingredients (recipe_id, ingredient_id, quantity, unit, info)
VALUES ('e4413b22-245d-441c-80eb-74da0dfa0a98', 'ca2594d4-b087-41f4-83fe-e4fd82e843b5', '1/2', NULL, NULL);
INSERT INTO recipe_ingredients (recipe_id, ingredient_id, quantity, unit, info)
VALUES ('e4413b22-245d-441c-80eb-74da0dfa0a98', '789a9021-26cf-4e33-8af1-bcda624d9d52', '1/2', NULL, NULL);
INSERT INTO recipe_ingredients (recipe_id, ingredient_id, quantity, unit, info)
VALUES ('e4413b22-245d-441c-80eb-74da0dfa0a98', '34a58f0b-9c1b-487b-af2d-2bb4fad0d4db', '1/2', NULL, NULL);
INSERT INTO recipe_ingredients (recipe_id, ingredient_id, quantity, unit, info)
VALUES ('e4413b22-245d-441c-80eb-74da0dfa0a98', '4b633a12-cccb-4806-b087-711eb605f33a', '1', NULL, NULL);
INSERT INTO recipe_ingredients (recipe_id, ingredient_id, quantity, unit, info)
VALUES ('e4413b22-245d-441c-80eb-74da0dfa0a98', '51c2ee08-ab90-40fb-9666-cab7b8417bbc', '1', NULL, NULL);

-- Insert recipe label
INSERT INTO recipe_labels (recipe_id, label_id)
VALUES ('e4413b22-245d-441c-80eb-74da0dfa0a98', 'bcc5210d-e11e-416a-b6a5-566a73a4be32');

-- Add dummy media for recipe
INSERT INTO recipe_media (recipe_id, url, is_main)
VALUES ('e4413b22-245d-441c-80eb-74da0dfa0a98', '/images/recipes/mix-berry-blast.jpg', true);

-- Insert recipe: Wild Mambo
INSERT INTO recipes (
  id, 
  slug, 
  title, 
  original_youtube_link, 
  overview, 
  directions, 
  benefits, 
  protein, 
  carbs, 
  fats, 
  calories, 
  meal_replacement, 
  gluten_free, 
  nut_free, 
  soy_free, 
  caffeine_free, 
  sugar_free,
  diet_type,
  protein_type,
  author_id
) VALUES (
  'b9ad66c3-ab0d-4798-96d5-8a7f63e675f0', 
  'wild-mambo', 
  'Wild Mambo', 
  NULL, 
  'This recipe for a Strawberry Pineapple Coconut Smoothie is perfect for brightening your breakfast table', 
  ARRAY['This recipe for a Strawberry Pineapple Coconut Smoothie is perfect for brightening your breakfast table'], 
  'Weight', 
  4, 
  32, 
  12, 
  289, 
  false, 
  true, 
  false, 
  true, 
  true, 
  true,
  NULL,
  NULL,
  '999ee74e-c899-4638-9e1f-bf0366499947'
);

-- Associate recipe with category
INSERT INTO recipe_categories (recipe_id, category_id)
VALUES ('b9ad66c3-ab0d-4798-96d5-8a7f63e675f0', '994a569f-3284-42d8-babb-6ecd8aab552e');

-- Insert recipe ingredients
INSERT INTO recipe_ingredients (recipe_id, ingredient_id, quantity, unit, info)
VALUES ('b9ad66c3-ab0d-4798-96d5-8a7f63e675f0', '34a58f0b-9c1b-487b-af2d-2bb4fad0d4db', '1/2', NULL, NULL);
INSERT INTO recipe_ingredients (recipe_id, ingredient_id, quantity, unit, info)
VALUES ('b9ad66c3-ab0d-4798-96d5-8a7f63e675f0', 'd54446b4-1693-4e41-8a9a-40dac98bf607', '1/2', NULL, NULL);
INSERT INTO recipe_ingredients (recipe_id, ingredient_id, quantity, unit, info)
VALUES ('b9ad66c3-ab0d-4798-96d5-8a7f63e675f0', '05bf9cb3-0f12-40c9-ad24-56723b249c43', '1', NULL, NULL);
INSERT INTO recipe_ingredients (recipe_id, ingredient_id, quantity, unit, info)
VALUES ('b9ad66c3-ab0d-4798-96d5-8a7f63e675f0', 'b23bea4e-c2fa-48fc-a91d-1d317177fdbc', '1/4', NULL, NULL);

-- Insert recipe label
INSERT INTO recipe_labels (recipe_id, label_id)
VALUES ('b9ad66c3-ab0d-4798-96d5-8a7f63e675f0', 'bcc5210d-e11e-416a-b6a5-566a73a4be32');

-- Add dummy media for recipe
INSERT INTO recipe_media (recipe_id, url, is_main)
VALUES ('b9ad66c3-ab0d-4798-96d5-8a7f63e675f0', '/images/recipes/wild-mambo.jpg', true);

-- Insert recipe: Clean Banana Tango
INSERT INTO recipes (
  id, 
  slug, 
  title, 
  original_youtube_link, 
  overview, 
  directions, 
  benefits, 
  protein, 
  carbs, 
  fats, 
  calories, 
  meal_replacement, 
  gluten_free, 
  nut_free, 
  soy_free, 
  caffeine_free, 
  sugar_free,
  diet_type,
  protein_type,
  author_id
) VALUES (
  '00e92289-2dc8-4c58-83aa-a2023d23a824', 
  'clean-banana-tango', 
  'Clean Banana Tango', 
  NULL, 
  'A quick and easy smoothie with only a few ingredients that tastes amazing', 
  ARRAY['Blend yogurt, apple juice, bananas,  in a blender until smooth.'], 
  'Immunity', 
  9, 
  97, 
  1, 
  400, 
  false, 
  true, 
  true, 
  true, 
  true, 
  true,
  NULL,
  NULL,
  '999ee74e-c899-4638-9e1f-bf0366499947'
);

-- Associate recipe with category
INSERT INTO recipe_categories (recipe_id, category_id)
VALUES ('00e92289-2dc8-4c58-83aa-a2023d23a824', 'fafaeebc-8a58-49f7-80cf-eabaedf7ace5');

-- Insert recipe ingredients
INSERT INTO recipe_ingredients (recipe_id, ingredient_id, quantity, unit, info)
VALUES ('00e92289-2dc8-4c58-83aa-a2023d23a824', '4b633a12-cccb-4806-b087-711eb605f33a', '2', NULL, NULL);
INSERT INTO recipe_ingredients (recipe_id, ingredient_id, quantity, unit, info)
VALUES ('00e92289-2dc8-4c58-83aa-a2023d23a824', 'abf825dc-126c-4ec3-8b74-f921a07d8c9a', '1/2', NULL, NULL);
INSERT INTO recipe_ingredients (recipe_id, ingredient_id, quantity, unit, info)
VALUES ('00e92289-2dc8-4c58-83aa-a2023d23a824', 'fff069a1-6a22-4126-91b2-230021fa2b0c', '3/4', NULL, NULL);

-- Insert recipe label
INSERT INTO recipe_labels (recipe_id, label_id)
VALUES ('00e92289-2dc8-4c58-83aa-a2023d23a824', '5a48e22a-f836-47a0-bdba-b59d08849d8e');

-- Add dummy media for recipe
INSERT INTO recipe_media (recipe_id, url, is_main)
VALUES ('00e92289-2dc8-4c58-83aa-a2023d23a824', '/images/recipes/clean-banana-tango.jpg', true);

-- Insert recipe: Sky Mango
INSERT INTO recipes (
  id, 
  slug, 
  title, 
  original_youtube_link, 
  overview, 
  directions, 
  benefits, 
  protein, 
  carbs, 
  fats, 
  calories, 
  meal_replacement, 
  gluten_free, 
  nut_free, 
  soy_free, 
  caffeine_free, 
  sugar_free,
  diet_type,
  protein_type,
  author_id
) VALUES (
  '39663dd7-e05a-4a1f-9e45-6055e1f8a07b', 
  'sky-mango', 
  'Sky Mango', 
  NULL, 
  'Peach Mango smoothies are easy to make and make a great breakfast smoothie or summer drink', 
  ARRAY['Add mango, peach, cranbery juice, blueberries into the canister of a high-speed blender and blend until smooth.'], 
  'Energy', 
  4, 
  68, 
  0, 
  267, 
  false, 
  true, 
  true, 
  true, 
  true, 
  true,
  NULL,
  NULL,
  '999ee74e-c899-4638-9e1f-bf0366499947'
);

-- Associate recipe with category
INSERT INTO recipe_categories (recipe_id, category_id)
VALUES ('39663dd7-e05a-4a1f-9e45-6055e1f8a07b', '994a569f-3284-42d8-babb-6ecd8aab552e');

-- Insert recipe ingredients
INSERT INTO recipe_ingredients (recipe_id, ingredient_id, quantity, unit, info)
VALUES ('39663dd7-e05a-4a1f-9e45-6055e1f8a07b', '789a9021-26cf-4e33-8af1-bcda624d9d52', '1/2', NULL, NULL);
INSERT INTO recipe_ingredients (recipe_id, ingredient_id, quantity, unit, info)
VALUES ('39663dd7-e05a-4a1f-9e45-6055e1f8a07b', '10b46d88-06bb-43ab-867b-ad121158ef80', '1', NULL, NULL);
INSERT INTO recipe_ingredients (recipe_id, ingredient_id, quantity, unit, info)
VALUES ('39663dd7-e05a-4a1f-9e45-6055e1f8a07b', '8890ac9c-5fe4-401c-bc19-2d700175f862', '1/2', NULL, NULL);
INSERT INTO recipe_ingredients (recipe_id, ingredient_id, quantity, unit, info)
VALUES ('39663dd7-e05a-4a1f-9e45-6055e1f8a07b', '6df1ac2c-5cee-4a91-8470-58844176fcbd', '1', NULL, NULL);

-- Insert recipe label
INSERT INTO recipe_labels (recipe_id, label_id)
VALUES ('39663dd7-e05a-4a1f-9e45-6055e1f8a07b', '910a6bd6-afcd-476f-a88c-09ecdab6e75f');

-- Add dummy media for recipe
INSERT INTO recipe_media (recipe_id, url, is_main)
VALUES ('39663dd7-e05a-4a1f-9e45-6055e1f8a07b', '/images/recipes/sky-mango.jpg', true);

-- Insert recipe: Fruity Fuschia
INSERT INTO recipes (
  id, 
  slug, 
  title, 
  original_youtube_link, 
  overview, 
  directions, 
  benefits, 
  protein, 
  carbs, 
  fats, 
  calories, 
  meal_replacement, 
  gluten_free, 
  nut_free, 
  soy_free, 
  caffeine_free, 
  sugar_free,
  diet_type,
  protein_type,
  author_id
) VALUES (
  '74efc099-fa12-443e-805d-25d82c2cb453', 
  'fruity-fuschia', 
  'Fruity Fuschia', 
  NULL, 
  'Get ready for this bright pink Superfoods smoothie that has tons of healthy vitamins and minerals.', 
  ARRAY['Combine all ingredients in a blender. Add more ice or water to reach the desired consistency.'], 
  'Appearance', 
  14.7, 
  56.6, 
  7.3, 
  334, 
  false, 
  true, 
  true, 
  true, 
  true, 
  true,
  ARRAY['Plant Based'],
  ARRAY['Plant Based'],
  '999ee74e-c899-4638-9e1f-bf0366499947'
);

-- Associate recipe with category
INSERT INTO recipe_categories (recipe_id, category_id)
VALUES ('74efc099-fa12-443e-805d-25d82c2cb453', 'ef47dd4a-92a9-4fef-80e9-26bced577583');

-- Insert recipe ingredients
INSERT INTO recipe_ingredients (recipe_id, ingredient_id, quantity, unit, info)
VALUES ('74efc099-fa12-443e-805d-25d82c2cb453', 'e7208176-e10e-46a9-92d3-79ba2564358c', NULL, NULL, NULL);
INSERT INTO recipe_ingredients (recipe_id, ingredient_id, quantity, unit, info)
VALUES ('74efc099-fa12-443e-805d-25d82c2cb453', '843fa3e3-5b83-4aea-9b12-fa33a4b254cb', NULL, NULL, NULL);
INSERT INTO recipe_ingredients (recipe_id, ingredient_id, quantity, unit, info)
VALUES ('74efc099-fa12-443e-805d-25d82c2cb453', 'a811b704-4a35-43a5-b563-317d789e2fe4', NULL, NULL, NULL);
INSERT INTO recipe_ingredients (recipe_id, ingredient_id, quantity, unit, info)
VALUES ('74efc099-fa12-443e-805d-25d82c2cb453', 'aab7d2c3-9449-49f8-81f1-429a3acfc999', NULL, NULL, NULL);
INSERT INTO recipe_ingredients (recipe_id, ingredient_id, quantity, unit, info)
VALUES ('74efc099-fa12-443e-805d-25d82c2cb453', '97978a43-f7ef-4253-be22-a6856d2e5247', NULL, NULL, NULL);
INSERT INTO recipe_ingredients (recipe_id, ingredient_id, quantity, unit, info)
VALUES ('74efc099-fa12-443e-805d-25d82c2cb453', '8dff8ca5-82d9-46c0-9be4-5ba75dc0b2f1', '1', NULL, NULL);
INSERT INTO recipe_ingredients (recipe_id, ingredient_id, quantity, unit, info)
VALUES ('74efc099-fa12-443e-805d-25d82c2cb453', '2bcfd1cf-07c6-471c-bf1e-0d079b17898f', NULL, NULL, NULL);

-- Insert recipe label
INSERT INTO recipe_labels (recipe_id, label_id)
VALUES ('74efc099-fa12-443e-805d-25d82c2cb453', '0bba0cc1-602c-4387-877d-5281d5e5d4ff');

-- Add dummy media for recipe
INSERT INTO recipe_media (recipe_id, url, is_main)
VALUES ('74efc099-fa12-443e-805d-25d82c2cb453', '/images/recipes/fruity-fuschia.jpg', true);

-- Insert recipe: Honey B*tch
INSERT INTO recipes (
  id, 
  slug, 
  title, 
  original_youtube_link, 
  overview, 
  directions, 
  benefits, 
  protein, 
  carbs, 
  fats, 
  calories, 
  meal_replacement, 
  gluten_free, 
  nut_free, 
  soy_free, 
  caffeine_free, 
  sugar_free,
  diet_type,
  protein_type,
  author_id
) VALUES (
  'cf6b1f9c-e457-405e-913e-073c71979ed3', 
  'honey-b*tch', 
  'Honey B*tch', 
  NULL, 
  'Sweet with pure and natural fruit taste.', 
  ARRAY['Blend all ingredients in blender until smooth.'], 
  'Appearance', 
  6, 
  87, 
  1, 
  361, 
  false, 
  true, 
  true, 
  true, 
  true, 
  true,
  NULL,
  NULL,
  '999ee74e-c899-4638-9e1f-bf0366499947'
);

-- Associate recipe with category
INSERT INTO recipe_categories (recipe_id, category_id)
VALUES ('cf6b1f9c-e457-405e-913e-073c71979ed3', 'a94346c6-daf1-44e0-b249-80ce7406c52b');

-- Insert recipe ingredients
INSERT INTO recipe_ingredients (recipe_id, ingredient_id, quantity, unit, info)
VALUES ('cf6b1f9c-e457-405e-913e-073c71979ed3', 'e87f9523-b391-4e07-b6b2-b4f87c087ef0', '1', NULL, NULL);
INSERT INTO recipe_ingredients (recipe_id, ingredient_id, quantity, unit, info)
VALUES ('cf6b1f9c-e457-405e-913e-073c71979ed3', 'becbb2cc-19bc-4655-9336-4fd63adcc2a6', '3/4', NULL, NULL);
INSERT INTO recipe_ingredients (recipe_id, ingredient_id, quantity, unit, info)
VALUES ('cf6b1f9c-e457-405e-913e-073c71979ed3', '70973f4d-46d3-4943-8514-cd38013dc245', '1', NULL, NULL);
INSERT INTO recipe_ingredients (recipe_id, ingredient_id, quantity, unit, info)
VALUES ('cf6b1f9c-e457-405e-913e-073c71979ed3', 'abf825dc-126c-4ec3-8b74-f921a07d8c9a', '1', NULL, NULL);
INSERT INTO recipe_ingredients (recipe_id, ingredient_id, quantity, unit, info)
VALUES ('cf6b1f9c-e457-405e-913e-073c71979ed3', '656f5cb7-bed4-473a-94e6-e0dbe20319fe', '1/2', NULL, NULL);

-- Insert recipe label
INSERT INTO recipe_labels (recipe_id, label_id)
VALUES ('cf6b1f9c-e457-405e-913e-073c71979ed3', '0bba0cc1-602c-4387-877d-5281d5e5d4ff');

-- Add dummy media for recipe
INSERT INTO recipe_media (recipe_id, url, is_main)
VALUES ('cf6b1f9c-e457-405e-913e-073c71979ed3', '/images/recipes/honey-b*tch.jpg', true);

-- Insert recipe: Lemon Sunrise Hour
INSERT INTO recipes (
  id, 
  slug, 
  title, 
  original_youtube_link, 
  overview, 
  directions, 
  benefits, 
  protein, 
  carbs, 
  fats, 
  calories, 
  meal_replacement, 
  gluten_free, 
  nut_free, 
  soy_free, 
  caffeine_free, 
  sugar_free,
  diet_type,
  protein_type,
  author_id
) VALUES (
  '10ded85c-2549-425a-b7e4-7d893f7dc99f', 
  'lemon-sunrise-hour', 
  'Lemon Sunrise Hour', 
  NULL, 
  'This delicious and refreshing strawberry lemonade smoothie has only 5 ingredients and is ready in less than five minutes.', 
  ARRAY['Combine all ingredients in a blender and puree until smooth, about 2 to 3 minutes. Drink immediately.'], 
  'Immunity', 
  7, 
  64, 
  2, 
  282, 
  false, 
  true, 
  true, 
  true, 
  true, 
  true,
  NULL,
  NULL,
  '999ee74e-c899-4638-9e1f-bf0366499947'
);

-- Associate recipe with category
INSERT INTO recipe_categories (recipe_id, category_id)
VALUES ('10ded85c-2549-425a-b7e4-7d893f7dc99f', 'fafaeebc-8a58-49f7-80cf-eabaedf7ace5');

-- Insert recipe ingredients
INSERT INTO recipe_ingredients (recipe_id, ingredient_id, quantity, unit, info)
VALUES ('10ded85c-2549-425a-b7e4-7d893f7dc99f', '652084d7-c162-4927-b002-00dce0cbfc74', '1/2', NULL, NULL);
INSERT INTO recipe_ingredients (recipe_id, ingredient_id, quantity, unit, info)
VALUES ('10ded85c-2549-425a-b7e4-7d893f7dc99f', 'd76917fd-3775-42e9-9717-afff8b3f2183', '6', NULL, NULL);
INSERT INTO recipe_ingredients (recipe_id, ingredient_id, quantity, unit, info)
VALUES ('10ded85c-2549-425a-b7e4-7d893f7dc99f', 'cadefd24-3a6b-4404-9244-ef93f10bf4f5', '1/2', NULL, NULL);
INSERT INTO recipe_ingredients (recipe_id, ingredient_id, quantity, unit, info)
VALUES ('10ded85c-2549-425a-b7e4-7d893f7dc99f', '8890ac9c-5fe4-401c-bc19-2d700175f862', '1/2', NULL, NULL);
INSERT INTO recipe_ingredients (recipe_id, ingredient_id, quantity, unit, info)
VALUES ('10ded85c-2549-425a-b7e4-7d893f7dc99f', '36daee65-370c-4295-8902-c1a412b99ea7', '3/4', NULL, NULL);

-- Insert recipe label
INSERT INTO recipe_labels (recipe_id, label_id)
VALUES ('10ded85c-2549-425a-b7e4-7d893f7dc99f', '5a48e22a-f836-47a0-bdba-b59d08849d8e');

-- Add dummy media for recipe
INSERT INTO recipe_media (recipe_id, url, is_main)
VALUES ('10ded85c-2549-425a-b7e4-7d893f7dc99f', '/images/recipes/lemon-sunrise-hour.jpg', true);

-- Insert recipe: Hyper Tropical Blast
INSERT INTO recipes (
  id, 
  slug, 
  title, 
  original_youtube_link, 
  overview, 
  directions, 
  benefits, 
  protein, 
  carbs, 
  fats, 
  calories, 
  meal_replacement, 
  gluten_free, 
  nut_free, 
  soy_free, 
  caffeine_free, 
  sugar_free,
  diet_type,
  protein_type,
  author_id
) VALUES (
  '68e29aab-b2b5-4cd6-bbb4-18c24baf9587', 
  'hyper-tropical-blast', 
  'Hyper Tropical Blast', 
  NULL, 
  'this is is the perfect quick breakfast to blend up before school or work.', 
  ARRAY['Combine all ingredients in a blender and puree until smooth. Drink immediately.'], 
  'Energy', 
  4, 
  83, 
  1, 
  337, 
  false, 
  true, 
  true, 
  true, 
  true, 
  true,
  NULL,
  NULL,
  '999ee74e-c899-4638-9e1f-bf0366499947'
);

-- Associate recipe with category
INSERT INTO recipe_categories (recipe_id, category_id)
VALUES ('68e29aab-b2b5-4cd6-bbb4-18c24baf9587', '2b6fb45a-c9b1-4bb7-ad76-5cd70b3709f4');

-- Insert recipe label
INSERT INTO recipe_labels (recipe_id, label_id)
VALUES ('68e29aab-b2b5-4cd6-bbb4-18c24baf9587', '910a6bd6-afcd-476f-a88c-09ecdab6e75f');

-- Add dummy media for recipe
INSERT INTO recipe_media (recipe_id, url, is_main)
VALUES ('68e29aab-b2b5-4cd6-bbb4-18c24baf9587', '/images/recipes/hyper-tropical-blast.jpg', true);

-- Insert recipe: My Oasis
INSERT INTO recipes (
  id, 
  slug, 
  title, 
  original_youtube_link, 
  overview, 
  directions, 
  benefits, 
  protein, 
  carbs, 
  fats, 
  calories, 
  meal_replacement, 
  gluten_free, 
  nut_free, 
  soy_free, 
  caffeine_free, 
  sugar_free,
  diet_type,
  protein_type,
  author_id
) VALUES (
  '5356d734-c2c3-4e1b-9bdd-8d353546cff2', 
  'my-oasis', 
  'My Oasis', 
  NULL, 
  'It is a delicious and healthy choice to have for breakfast', 
  ARRAY['Add all ingredients in a blender and blend until smooth.'], 
  'Energy', 
  3, 
  54, 
  1, 
  215, 
  false, 
  true, 
  true, 
  true, 
  true, 
  true,
  NULL,
  NULL,
  '999ee74e-c899-4638-9e1f-bf0366499947'
);

-- Associate recipe with category
INSERT INTO recipe_categories (recipe_id, category_id)
VALUES ('5356d734-c2c3-4e1b-9bdd-8d353546cff2', '2b6fb45a-c9b1-4bb7-ad76-5cd70b3709f4');

-- Insert recipe ingredients
INSERT INTO recipe_ingredients (recipe_id, ingredient_id, quantity, unit, info)
VALUES ('5356d734-c2c3-4e1b-9bdd-8d353546cff2', '789a9021-26cf-4e33-8af1-bcda624d9d52', '1/4', NULL, NULL);
INSERT INTO recipe_ingredients (recipe_id, ingredient_id, quantity, unit, info)
VALUES ('5356d734-c2c3-4e1b-9bdd-8d353546cff2', '4b633a12-cccb-4806-b087-711eb605f33a', '1', NULL, NULL);
INSERT INTO recipe_ingredients (recipe_id, ingredient_id, quantity, unit, info)
VALUES ('5356d734-c2c3-4e1b-9bdd-8d353546cff2', '8890ac9c-5fe4-401c-bc19-2d700175f862', '1', NULL, NULL);
INSERT INTO recipe_ingredients (recipe_id, ingredient_id, quantity, unit, info)
VALUES ('5356d734-c2c3-4e1b-9bdd-8d353546cff2', '79a5908d-7948-4a28-9bde-3f61a0eb457b', '1', NULL, NULL);

-- Insert recipe label
INSERT INTO recipe_labels (recipe_id, label_id)
VALUES ('5356d734-c2c3-4e1b-9bdd-8d353546cff2', '910a6bd6-afcd-476f-a88c-09ecdab6e75f');

-- Add dummy media for recipe
INSERT INTO recipe_media (recipe_id, url, is_main)
VALUES ('5356d734-c2c3-4e1b-9bdd-8d353546cff2', '/images/recipes/my-oasis.jpg', true);

-- Insert recipe: Inflamation fighter and Mood booster
INSERT INTO recipes (
  id, 
  slug, 
  title, 
  original_youtube_link, 
  overview, 
  directions, 
  benefits, 
  protein, 
  carbs, 
  fats, 
  calories, 
  meal_replacement, 
  gluten_free, 
  nut_free, 
  soy_free, 
  caffeine_free, 
  sugar_free,
  diet_type,
  protein_type,
  author_id
) VALUES (
  'cbcbf1d2-1370-4ac7-affc-b8e8cd2eb8bf', 
  'inflamation-fighter-and-mood-booster', 
  'Inflamation fighter and Mood booster', 
  NULL, 
  'This smoothie is fullpacked with Omega 3 fatty accids, Anti Inflammatory, immunity booster and calming nerve system (reducing stress, anxiety, boosting mood and helping to relax)', 
  ARRAY['-        Cut pineapple into smaller pieces
-        Open passion fruit and scoop out the pulp
-        Remove stems from lemon balm (use the leaves only)
-        Put all ingredients into a blender, add chia seeds and orange juice 
-        Blend well together 
-        Serve with extra chia seeds on top and enjoy ☺'], 
  'Anti Inflammatory
Immunity booster, 
Calming nerve system', 
  1.4, 
  32.2, 
  1.4, 
  157.7, 
  false, 
  true, 
  true, 
  true, 
  true, 
  true,
  NULL,
  NULL,
  '999ee74e-c899-4638-9e1f-bf0366499947'
);

-- Associate recipe with category
INSERT INTO recipe_categories (recipe_id, category_id)
VALUES ('cbcbf1d2-1370-4ac7-affc-b8e8cd2eb8bf', 'fafaeebc-8a58-49f7-80cf-eabaedf7ace5');

-- Insert recipe ingredients
INSERT INTO recipe_ingredients (recipe_id, ingredient_id, quantity, unit, info)
VALUES ('cbcbf1d2-1370-4ac7-affc-b8e8cd2eb8bf', 'cadefd24-3a6b-4404-9244-ef93f10bf4f5', '1 1/2', NULL, NULL);
INSERT INTO recipe_ingredients (recipe_id, ingredient_id, quantity, unit, info)
VALUES ('cbcbf1d2-1370-4ac7-affc-b8e8cd2eb8bf', '6c71ed76-e412-4353-8a90-20c234fe2670', '1', NULL, NULL);
INSERT INTO recipe_ingredients (recipe_id, ingredient_id, quantity, unit, info)
VALUES ('cbcbf1d2-1370-4ac7-affc-b8e8cd2eb8bf', '625582dd-4682-4688-89ad-a8bc546f0025', '1', NULL, NULL);

-- Insert recipe label
INSERT INTO recipe_labels (recipe_id, label_id)
VALUES ('cbcbf1d2-1370-4ac7-affc-b8e8cd2eb8bf', '9980e4e5-ac13-49c6-a84a-546b1cb404c2');

-- Add dummy media for recipe
INSERT INTO recipe_media (recipe_id, url, is_main)
VALUES ('cbcbf1d2-1370-4ac7-affc-b8e8cd2eb8bf', '/images/recipes/inflamation-fighter-and-mood-booster.jpg', true);

-- Insert recipe: Papaya queen
INSERT INTO recipes (
  id, 
  slug, 
  title, 
  original_youtube_link, 
  overview, 
  directions, 
  benefits, 
  protein, 
  carbs, 
  fats, 
  calories, 
  meal_replacement, 
  gluten_free, 
  nut_free, 
  soy_free, 
  caffeine_free, 
  sugar_free,
  diet_type,
  protein_type,
  author_id
) VALUES (
  '88bf1fef-02c1-4cbb-b5c4-c3efb2705eb1', 
  'papaya-queen', 
  'Papaya queen', 
  NULL, 
  'This smoothie is Anti Inflammatory, supports digestion and blood sugar regulation', 
  ARRAY['-        Cut papaya and frozen bananas into smaller pieces
-        Open passion fruit and scoop out the pulp
-        Put all ingredients into a blender, add fresh coconut water and blend well together 
-        Serve with passion fruit on top and enjoy ☺'], 
  'Anti Inflammatory, 
Digestion, 
Blood sugar regulation', 
  2.4, 
  39, 
  0.9, 
  184.1, 
  false, 
  true, 
  true, 
  true, 
  true, 
  false,
  NULL,
  NULL,
  '999ee74e-c899-4638-9e1f-bf0366499947'
);

-- Associate recipe with category
INSERT INTO recipe_categories (recipe_id, category_id)
VALUES ('88bf1fef-02c1-4cbb-b5c4-c3efb2705eb1', 'fafaeebc-8a58-49f7-80cf-eabaedf7ace5');

-- Insert recipe ingredients
INSERT INTO recipe_ingredients (recipe_id, ingredient_id, quantity, unit, info)
VALUES ('88bf1fef-02c1-4cbb-b5c4-c3efb2705eb1', 'b7248b8e-3960-4750-aab1-7f82a40aacff', '1', NULL, NULL);
INSERT INTO recipe_ingredients (recipe_id, ingredient_id, quantity, unit, info)
VALUES ('88bf1fef-02c1-4cbb-b5c4-c3efb2705eb1', 'f3c8e831-e669-42d3-bc47-f307f6bd1a46', '1', NULL, NULL);
INSERT INTO recipe_ingredients (recipe_id, ingredient_id, quantity, unit, info)
VALUES ('88bf1fef-02c1-4cbb-b5c4-c3efb2705eb1', 'd521d918-28bb-429c-8ce0-a514db43321d', NULL, NULL, NULL);

-- Insert recipe label
INSERT INTO recipe_labels (recipe_id, label_id)
VALUES ('88bf1fef-02c1-4cbb-b5c4-c3efb2705eb1', 'a99b85e7-f567-4d9d-9224-2dc40ad86d35');

-- Add dummy media for recipe
INSERT INTO recipe_media (recipe_id, url, is_main)
VALUES ('88bf1fef-02c1-4cbb-b5c4-c3efb2705eb1', '/images/recipes/papaya-queen.jpg', true);

-- Insert recipe: Garden in a Cup
INSERT INTO recipes (
  id, 
  slug, 
  title, 
  original_youtube_link, 
  overview, 
  directions, 
  benefits, 
  protein, 
  carbs, 
  fats, 
  calories, 
  meal_replacement, 
  gluten_free, 
  nut_free, 
  soy_free, 
  caffeine_free, 
  sugar_free,
  diet_type,
  protein_type,
  author_id
) VALUES (
  '51e044aa-363b-4e93-a8fa-0edc21bf6b85', 
  'garden-in-a-cup', 
  'Garden in a Cup', 
  NULL, 
  'Many fruits and vegetables are used in this shake to give you a nutrient and energy boost!', 
  ARRAY['Combine all ingredients in a blender. Add more ice or water to reach the desired consistency.'], 
  'Energy', 
  28.4, 
  43.2, 
  15.9, 
  403, 
  true, 
  true, 
  true, 
  true, 
  true, 
  true,
  ARRAY['Paleo'],
  ARRAY['Plant Based'],
  '999ee74e-c899-4638-9e1f-bf0366499947'
);

-- Associate recipe with category
INSERT INTO recipe_categories (recipe_id, category_id)
VALUES ('51e044aa-363b-4e93-a8fa-0edc21bf6b85', '2b6fb45a-c9b1-4bb7-ad76-5cd70b3709f4');

-- Insert recipe ingredients
INSERT INTO recipe_ingredients (recipe_id, ingredient_id, quantity, unit, info)
VALUES ('51e044aa-363b-4e93-a8fa-0edc21bf6b85', '72e33646-22c7-40ca-befc-62877d4ed626', '1', NULL, NULL);
INSERT INTO recipe_ingredients (recipe_id, ingredient_id, quantity, unit, info)
VALUES ('51e044aa-363b-4e93-a8fa-0edc21bf6b85', '8566c961-302f-49ba-9664-a44dafbb43cc', '1', NULL, NULL);
INSERT INTO recipe_ingredients (recipe_id, ingredient_id, quantity, unit, info)
VALUES ('51e044aa-363b-4e93-a8fa-0edc21bf6b85', 'f4ae276f-272a-43ae-afcd-c25b4539e137', NULL, NULL, NULL);
INSERT INTO recipe_ingredients (recipe_id, ingredient_id, quantity, unit, info)
VALUES ('51e044aa-363b-4e93-a8fa-0edc21bf6b85', 'a2b8e28d-ab50-4441-9a3a-a4adaeb6f51e', NULL, NULL, NULL);
INSERT INTO recipe_ingredients (recipe_id, ingredient_id, quantity, unit, info)
VALUES ('51e044aa-363b-4e93-a8fa-0edc21bf6b85', 'b6e065cf-8843-4fc3-869f-f5bf2e7aab91', NULL, NULL, NULL);
INSERT INTO recipe_ingredients (recipe_id, ingredient_id, quantity, unit, info)
VALUES ('51e044aa-363b-4e93-a8fa-0edc21bf6b85', '0a17fb8a-7fe8-4307-bbf0-a35a6a7efdfb', NULL, NULL, NULL);
INSERT INTO recipe_ingredients (recipe_id, ingredient_id, quantity, unit, info)
VALUES ('51e044aa-363b-4e93-a8fa-0edc21bf6b85', '8dff8ca5-82d9-46c0-9be4-5ba75dc0b2f1', '1', NULL, NULL);
INSERT INTO recipe_ingredients (recipe_id, ingredient_id, quantity, unit, info)
VALUES ('51e044aa-363b-4e93-a8fa-0edc21bf6b85', 'c03083ce-c086-4801-a773-4c90dd3608ff', '1', NULL, NULL);

-- Insert recipe label
INSERT INTO recipe_labels (recipe_id, label_id)
VALUES ('51e044aa-363b-4e93-a8fa-0edc21bf6b85', '910a6bd6-afcd-476f-a88c-09ecdab6e75f');

-- Add dummy media for recipe
INSERT INTO recipe_media (recipe_id, url, is_main)
VALUES ('51e044aa-363b-4e93-a8fa-0edc21bf6b85', '/images/recipes/garden-in-a-cup.jpg', true);

-- Insert recipe: Citrus Green-Berry Smoothie
INSERT INTO recipes (
  id, 
  slug, 
  title, 
  original_youtube_link, 
  overview, 
  directions, 
  benefits, 
  protein, 
  carbs, 
  fats, 
  calories, 
  meal_replacement, 
  gluten_free, 
  nut_free, 
  soy_free, 
  caffeine_free, 
  sugar_free,
  diet_type,
  protein_type,
  author_id
) VALUES (
  'e0f8e0be-214e-4831-b8d5-91522b3f94fa', 
  'citrus-green-berry-smoothie', 
  'Citrus Green-Berry Smoothie', 
  NULL, 
  'Here''s a simple, fresh, and creamy smoothie that is an awesome source of fiber, vitamins, minerals, and omega-3''s.', 
  ARRAY['Combine all ingredients in a blender. Add more ice or water to reach the desired consistency.'], 
  'Energy', 
  22.8, 
  50.7, 
  15.5, 
  407, 
  true, 
  true, 
  false, 
  true, 
  true, 
  true,
  ARRAY['Vegan'],
  ARRAY['Plant Based'],
  '999ee74e-c899-4638-9e1f-bf0366499947'
);

-- Associate recipe with category
INSERT INTO recipe_categories (recipe_id, category_id)
VALUES ('e0f8e0be-214e-4831-b8d5-91522b3f94fa', 'fafaeebc-8a58-49f7-80cf-eabaedf7ace5');

-- Insert recipe ingredients
INSERT INTO recipe_ingredients (recipe_id, ingredient_id, quantity, unit, info)
VALUES ('e0f8e0be-214e-4831-b8d5-91522b3f94fa', '3d93b988-3309-42f4-9137-3557ce797044', NULL, NULL, NULL);
INSERT INTO recipe_ingredients (recipe_id, ingredient_id, quantity, unit, info)
VALUES ('e0f8e0be-214e-4831-b8d5-91522b3f94fa', 'df19648d-1645-4550-b56c-343dd0e735ef', NULL, NULL, NULL);
INSERT INTO recipe_ingredients (recipe_id, ingredient_id, quantity, unit, info)
VALUES ('e0f8e0be-214e-4831-b8d5-91522b3f94fa', '4982e162-475e-4220-b176-9091693b3fd2', NULL, NULL, NULL);
INSERT INTO recipe_ingredients (recipe_id, ingredient_id, quantity, unit, info)
VALUES ('e0f8e0be-214e-4831-b8d5-91522b3f94fa', 'aab7d2c3-9449-49f8-81f1-429a3acfc999', NULL, NULL, NULL);
INSERT INTO recipe_ingredients (recipe_id, ingredient_id, quantity, unit, info)
VALUES ('e0f8e0be-214e-4831-b8d5-91522b3f94fa', '3dea223c-2a9f-465a-bd92-d85ddef4902a', NULL, NULL, NULL);
INSERT INTO recipe_ingredients (recipe_id, ingredient_id, quantity, unit, info)
VALUES ('e0f8e0be-214e-4831-b8d5-91522b3f94fa', '72e33646-22c7-40ca-befc-62877d4ed626', '1', NULL, NULL);
INSERT INTO recipe_ingredients (recipe_id, ingredient_id, quantity, unit, info)
VALUES ('e0f8e0be-214e-4831-b8d5-91522b3f94fa', 'dd133b80-a695-4e68-9c9b-ce2548ed4c7a', '1/2', NULL, NULL);
INSERT INTO recipe_ingredients (recipe_id, ingredient_id, quantity, unit, info)
VALUES ('e0f8e0be-214e-4831-b8d5-91522b3f94fa', 'da059e9e-0d95-4c04-88d1-2c60746cd93a', '1', NULL, NULL);
INSERT INTO recipe_ingredients (recipe_id, ingredient_id, quantity, unit, info)
VALUES ('e0f8e0be-214e-4831-b8d5-91522b3f94fa', 'c20bdd4f-e0c9-4b48-978b-8d773d90710a', '1', NULL, NULL);
INSERT INTO recipe_ingredients (recipe_id, ingredient_id, quantity, unit, info)
VALUES ('e0f8e0be-214e-4831-b8d5-91522b3f94fa', 'c03083ce-c086-4801-a773-4c90dd3608ff', '1', NULL, NULL);

-- Insert recipe label
INSERT INTO recipe_labels (recipe_id, label_id)
VALUES ('e0f8e0be-214e-4831-b8d5-91522b3f94fa', '910a6bd6-afcd-476f-a88c-09ecdab6e75f');

-- Add dummy media for recipe
INSERT INTO recipe_media (recipe_id, url, is_main)
VALUES ('e0f8e0be-214e-4831-b8d5-91522b3f94fa', '/images/recipes/citrus-green-berry-smoothie.jpg', true);

-- Insert recipe: Chocolate Java
INSERT INTO recipes (
  id, 
  slug, 
  title, 
  original_youtube_link, 
  overview, 
  directions, 
  benefits, 
  protein, 
  carbs, 
  fats, 
  calories, 
  meal_replacement, 
  gluten_free, 
  nut_free, 
  soy_free, 
  caffeine_free, 
  sugar_free,
  diet_type,
  protein_type,
  author_id
) VALUES (
  'a894b402-5e3d-4ded-83aa-cd8b2f94cd82', 
  'chocolate-java', 
  'Chocolate Java', 
  NULL, 
  'This coffee protein shake is packed with delicious flavor and will give you tons of energy!', 
  ARRAY['Combine all ingredients in a blender. Add more ice or water to reach the desired consistency.'], 
  'Energy', 
  16.3, 
  62.2, 
  5.6, 
  338, 
  true, 
  true, 
  false, 
  true, 
  false, 
  true,
  ARRAY['Plant Based'],
  ARRAY['Oat Protein'],
  '999ee74e-c899-4638-9e1f-bf0366499947'
);

-- Associate recipe with category
INSERT INTO recipe_categories (recipe_id, category_id)
VALUES ('a894b402-5e3d-4ded-83aa-cd8b2f94cd82', 'ee157d01-5d08-4059-bfd4-fde228806eff');

-- Insert recipe ingredients
INSERT INTO recipe_ingredients (recipe_id, ingredient_id, quantity, unit, info)
VALUES ('a894b402-5e3d-4ded-83aa-cd8b2f94cd82', 'e4bb5a32-b927-4f44-affc-ab2dbc428397', NULL, NULL, NULL);
INSERT INTO recipe_ingredients (recipe_id, ingredient_id, quantity, unit, info)
VALUES ('a894b402-5e3d-4ded-83aa-cd8b2f94cd82', '7923d6a1-8651-464a-8e04-46a97aad208d', '1/3', NULL, NULL);
INSERT INTO recipe_ingredients (recipe_id, ingredient_id, quantity, unit, info)
VALUES ('a894b402-5e3d-4ded-83aa-cd8b2f94cd82', '1f1b4e94-5252-481a-942b-400865115262', '1', NULL, NULL);
INSERT INTO recipe_ingredients (recipe_id, ingredient_id, quantity, unit, info)
VALUES ('a894b402-5e3d-4ded-83aa-cd8b2f94cd82', '1c104b5f-aced-4932-b99c-82594142b2bf', '1', NULL, NULL);
INSERT INTO recipe_ingredients (recipe_id, ingredient_id, quantity, unit, info)
VALUES ('a894b402-5e3d-4ded-83aa-cd8b2f94cd82', 'a263df57-3ade-4eb4-98f0-11adb5c56aee', '1', NULL, NULL);
INSERT INTO recipe_ingredients (recipe_id, ingredient_id, quantity, unit, info)
VALUES ('a894b402-5e3d-4ded-83aa-cd8b2f94cd82', 'bba7c25a-0ebc-49cd-a351-eeac0ba9a3ec', NULL, NULL, NULL);
INSERT INTO recipe_ingredients (recipe_id, ingredient_id, quantity, unit, info)
VALUES ('a894b402-5e3d-4ded-83aa-cd8b2f94cd82', 'e3444b13-dea6-4349-9606-d2051c61d088', '1', NULL, NULL);
INSERT INTO recipe_ingredients (recipe_id, ingredient_id, quantity, unit, info)
VALUES ('a894b402-5e3d-4ded-83aa-cd8b2f94cd82', '2bcfd1cf-07c6-471c-bf1e-0d079b17898f', NULL, NULL, NULL);

-- Insert recipe label
INSERT INTO recipe_labels (recipe_id, label_id)
VALUES ('a894b402-5e3d-4ded-83aa-cd8b2f94cd82', '910a6bd6-afcd-476f-a88c-09ecdab6e75f');

-- Add dummy media for recipe
INSERT INTO recipe_media (recipe_id, url, is_main)
VALUES ('a894b402-5e3d-4ded-83aa-cd8b2f94cd82', '/images/recipes/chocolate-java.jpg', true);

-- Insert recipe: Blue Dream
INSERT INTO recipes (
  id, 
  slug, 
  title, 
  original_youtube_link, 
  overview, 
  directions, 
  benefits, 
  protein, 
  carbs, 
  fats, 
  calories, 
  meal_replacement, 
  gluten_free, 
  nut_free, 
  soy_free, 
  caffeine_free, 
  sugar_free,
  diet_type,
  protein_type,
  author_id
) VALUES (
  '0ed18ac8-cbf8-4355-b1c8-9ea111566e80', 
  'blue-dream', 
  'Blue Dream', 
  NULL, 
  'This creamy light blue smoothie is more than beautiful- it''s packed with beautifying antioxidants and muscle-building protein.', 
  ARRAY['Combine all ingredients in a blender. Add more ice or water to reach the desired consistency.'], 
  'Appearance', 
  22.9, 
  4, 
  49.8, 
  315, 
  false, 
  true, 
  false, 
  true, 
  true, 
  true,
  NULL,
  ARRAY['Casein Protein'],
  '999ee74e-c899-4638-9e1f-bf0366499947'
);

-- Associate recipe with category
INSERT INTO recipe_categories (recipe_id, category_id)
VALUES ('0ed18ac8-cbf8-4355-b1c8-9ea111566e80', 'ee157d01-5d08-4059-bfd4-fde228806eff');

-- Insert recipe ingredients
INSERT INTO recipe_ingredients (recipe_id, ingredient_id, quantity, unit, info)
VALUES ('0ed18ac8-cbf8-4355-b1c8-9ea111566e80', '35c83f62-3d14-4b73-ae28-a248895e284a', '1', NULL, NULL);
INSERT INTO recipe_ingredients (recipe_id, ingredient_id, quantity, unit, info)
VALUES ('0ed18ac8-cbf8-4355-b1c8-9ea111566e80', '3d93b988-3309-42f4-9137-3557ce797044', NULL, NULL, NULL);
INSERT INTO recipe_ingredients (recipe_id, ingredient_id, quantity, unit, info)
VALUES ('0ed18ac8-cbf8-4355-b1c8-9ea111566e80', 'ba17b0ef-d171-4ab7-b9c3-9a7c23b4daf4', NULL, NULL, NULL);
INSERT INTO recipe_ingredients (recipe_id, ingredient_id, quantity, unit, info)
VALUES ('0ed18ac8-cbf8-4355-b1c8-9ea111566e80', 'e4bb5a32-b927-4f44-affc-ab2dbc428397', NULL, NULL, NULL);
INSERT INTO recipe_ingredients (recipe_id, ingredient_id, quantity, unit, info)
VALUES ('0ed18ac8-cbf8-4355-b1c8-9ea111566e80', 'aba33feb-1c9a-4956-947e-5620fa5724c5', '1', NULL, NULL);
INSERT INTO recipe_ingredients (recipe_id, ingredient_id, quantity, unit, info)
VALUES ('0ed18ac8-cbf8-4355-b1c8-9ea111566e80', '2bcfd1cf-07c6-471c-bf1e-0d079b17898f', NULL, NULL, NULL);

-- Insert recipe label
INSERT INTO recipe_labels (recipe_id, label_id)
VALUES ('0ed18ac8-cbf8-4355-b1c8-9ea111566e80', '0bba0cc1-602c-4387-877d-5281d5e5d4ff');

-- Add dummy media for recipe
INSERT INTO recipe_media (recipe_id, url, is_main)
VALUES ('0ed18ac8-cbf8-4355-b1c8-9ea111566e80', '/images/recipes/blue-dream.jpg', true);

-- Insert recipe: HappyHour Pineapple Paradise
INSERT INTO recipes (
  id, 
  slug, 
  title, 
  original_youtube_link, 
  overview, 
  directions, 
  benefits, 
  protein, 
  carbs, 
  fats, 
  calories, 
  meal_replacement, 
  gluten_free, 
  nut_free, 
  soy_free, 
  caffeine_free, 
  sugar_free,
  diet_type,
  protein_type,
  author_id
) VALUES (
  '24fdc19e-f762-4ac0-a0df-513d173f0d74', 
  'happyhour-pineapple-paradise', 
  'HappyHour Pineapple Paradise', 
  NULL, 
  'it is a nutrients and energy rich drink', 
  ARRAY['Place the all ingredients into a blender; blend until smooth'], 
  'Good for weight loss', 
  8, 
  89, 
  2, 
  396, 
  false, 
  true, 
  false, 
  true, 
  true, 
  true,
  NULL,
  NULL,
  '999ee74e-c899-4638-9e1f-bf0366499947'
);

-- Associate recipe with category
INSERT INTO recipe_categories (recipe_id, category_id)
VALUES ('24fdc19e-f762-4ac0-a0df-513d173f0d74', '994a569f-3284-42d8-babb-6ecd8aab552e');

-- Insert recipe ingredients
INSERT INTO recipe_ingredients (recipe_id, ingredient_id, quantity, unit, info)
VALUES ('24fdc19e-f762-4ac0-a0df-513d173f0d74', 'cadefd24-3a6b-4404-9244-ef93f10bf4f5', '1/2', NULL, NULL);
INSERT INTO recipe_ingredients (recipe_id, ingredient_id, quantity, unit, info)
VALUES ('24fdc19e-f762-4ac0-a0df-513d173f0d74', '70973f4d-46d3-4943-8514-cd38013dc245', '1', NULL, NULL);
INSERT INTO recipe_ingredients (recipe_id, ingredient_id, quantity, unit, info)
VALUES ('24fdc19e-f762-4ac0-a0df-513d173f0d74', 'b455c9cd-eebc-418d-a203-d9e380d3462d', '1', NULL, NULL);
INSERT INTO recipe_ingredients (recipe_id, ingredient_id, quantity, unit, info)
VALUES ('24fdc19e-f762-4ac0-a0df-513d173f0d74', 'fff069a1-6a22-4126-91b2-230021fa2b0c', '1', NULL, NULL);
INSERT INTO recipe_ingredients (recipe_id, ingredient_id, quantity, unit, info)
VALUES ('24fdc19e-f762-4ac0-a0df-513d173f0d74', '51c2ee08-ab90-40fb-9666-cab7b8417bbc', '1', NULL, NULL);
INSERT INTO recipe_ingredients (recipe_id, ingredient_id, quantity, unit, info)
VALUES ('24fdc19e-f762-4ac0-a0df-513d173f0d74', '5bd84c38-7e7c-40c8-a7cf-3c78792b409f', '1/2', NULL, NULL);

-- Insert recipe label
INSERT INTO recipe_labels (recipe_id, label_id)
VALUES ('24fdc19e-f762-4ac0-a0df-513d173f0d74', '68836e77-ce82-4016-8f5f-638d0ed73c8e');

-- Add dummy media for recipe
INSERT INTO recipe_media (recipe_id, url, is_main)
VALUES ('24fdc19e-f762-4ac0-a0df-513d173f0d74', '/images/recipes/happyhour-pineapple-paradise.jpg', true);

-- Insert recipe: Creamy Green
INSERT INTO recipes (
  id, 
  slug, 
  title, 
  original_youtube_link, 
  overview, 
  directions, 
  benefits, 
  protein, 
  carbs, 
  fats, 
  calories, 
  meal_replacement, 
  gluten_free, 
  nut_free, 
  soy_free, 
  caffeine_free, 
  sugar_free,
  diet_type,
  protein_type,
  author_id
) VALUES (
  '4bf5adf5-d409-414d-a834-8bfaedb02f37', 
  'creamy-green', 
  'Creamy Green', 
  NULL, 
  'Looking for a way to make those veggies taste better? This creamy green smoothie is packed with healthy veggies and deliciois flavor!', 
  ARRAY['Combine all ingredients in a blender. Add more ice or water to reach the desired consistency.'], 
  'Immunity', 
  15.6, 
  28.9, 
  19.7, 
  336, 
  false, 
  true, 
  true, 
  true, 
  true, 
  true,
  ARRAY['Vegan'],
  ARRAY['Plant Based'],
  '999ee74e-c899-4638-9e1f-bf0366499947'
);

-- Associate recipe with category
INSERT INTO recipe_categories (recipe_id, category_id)
VALUES ('4bf5adf5-d409-414d-a834-8bfaedb02f37', 'fafaeebc-8a58-49f7-80cf-eabaedf7ace5');

-- Insert recipe ingredients
INSERT INTO recipe_ingredients (recipe_id, ingredient_id, quantity, unit, info)
VALUES ('4bf5adf5-d409-414d-a834-8bfaedb02f37', '38341cd3-c4d9-4ad4-8b4a-d78e6a48e67a', '1/3', NULL, NULL);
INSERT INTO recipe_ingredients (recipe_id, ingredient_id, quantity, unit, info)
VALUES ('4bf5adf5-d409-414d-a834-8bfaedb02f37', '72e33646-22c7-40ca-befc-62877d4ed626', '1', NULL, NULL);
INSERT INTO recipe_ingredients (recipe_id, ingredient_id, quantity, unit, info)
VALUES ('4bf5adf5-d409-414d-a834-8bfaedb02f37', '9eb84209-e474-4d98-98f3-38565801af3b', NULL, NULL, NULL);
INSERT INTO recipe_ingredients (recipe_id, ingredient_id, quantity, unit, info)
VALUES ('4bf5adf5-d409-414d-a834-8bfaedb02f37', '66982b41-0355-4ff8-884f-2c9316724d71', NULL, NULL, NULL);
INSERT INTO recipe_ingredients (recipe_id, ingredient_id, quantity, unit, info)
VALUES ('4bf5adf5-d409-414d-a834-8bfaedb02f37', '0714bb59-0d3d-44ba-8a8c-edcc202a5345', '1', NULL, NULL);
INSERT INTO recipe_ingredients (recipe_id, ingredient_id, quantity, unit, info)
VALUES ('4bf5adf5-d409-414d-a834-8bfaedb02f37', '2bcfd1cf-07c6-471c-bf1e-0d079b17898f', NULL, NULL, NULL);

-- Insert recipe label
INSERT INTO recipe_labels (recipe_id, label_id)
VALUES ('4bf5adf5-d409-414d-a834-8bfaedb02f37', '5a48e22a-f836-47a0-bdba-b59d08849d8e');

-- Add dummy media for recipe
INSERT INTO recipe_media (recipe_id, url, is_main)
VALUES ('4bf5adf5-d409-414d-a834-8bfaedb02f37', '/images/recipes/creamy-green.jpg', true);

-- Insert recipe: Coconut Carrot and Ginger
INSERT INTO recipes (
  id, 
  slug, 
  title, 
  original_youtube_link, 
  overview, 
  directions, 
  benefits, 
  protein, 
  carbs, 
  fats, 
  calories, 
  meal_replacement, 
  gluten_free, 
  nut_free, 
  soy_free, 
  caffeine_free, 
  sugar_free,
  diet_type,
  protein_type,
  author_id
) VALUES (
  '2bb67219-3ce8-4d5d-882a-f881c341850f', 
  'coconut-carrot-and-ginger', 
  'Coconut Carrot and Ginger', 
  NULL, 
  'If you love ginger, this vitamin-A packed smoothie is for you!', 
  ARRAY['Combine all ingredients in a blender. Add more ice or water to reach the desired consistency.'], 
  'Immunity', 
  16.1, 
  45.1, 
  17.8, 
  367, 
  true, 
  true, 
  true, 
  true, 
  true, 
  true,
  ARRAY['Plant-Based'],
  ARRAY['Plant Based'],
  '999ee74e-c899-4638-9e1f-bf0366499947'
);

-- Associate recipe with category
INSERT INTO recipe_categories (recipe_id, category_id)
VALUES ('2bb67219-3ce8-4d5d-882a-f881c341850f', 'fafaeebc-8a58-49f7-80cf-eabaedf7ace5');

-- Insert recipe ingredients
INSERT INTO recipe_ingredients (recipe_id, ingredient_id, quantity, unit, info)
VALUES ('2bb67219-3ce8-4d5d-882a-f881c341850f', 'e7b85d4b-840f-47d0-914b-b0e8efabe4da', '1', NULL, NULL);
INSERT INTO recipe_ingredients (recipe_id, ingredient_id, quantity, unit, info)
VALUES ('2bb67219-3ce8-4d5d-882a-f881c341850f', 'e768039a-145f-4694-bf3a-ff4f7e9b732f', NULL, NULL, NULL);
INSERT INTO recipe_ingredients (recipe_id, ingredient_id, quantity, unit, info)
VALUES ('2bb67219-3ce8-4d5d-882a-f881c341850f', '6aa706ea-2420-49f4-afad-a719dd2b34ca', '2', NULL, NULL);
INSERT INTO recipe_ingredients (recipe_id, ingredient_id, quantity, unit, info)
VALUES ('2bb67219-3ce8-4d5d-882a-f881c341850f', '4dd0caf5-7d23-4077-8ded-86112b28e238', NULL, NULL, NULL);
INSERT INTO recipe_ingredients (recipe_id, ingredient_id, quantity, unit, info)
VALUES ('2bb67219-3ce8-4d5d-882a-f881c341850f', '72e33646-22c7-40ca-befc-62877d4ed626', '1', NULL, NULL);
INSERT INTO recipe_ingredients (recipe_id, ingredient_id, quantity, unit, info)
VALUES ('2bb67219-3ce8-4d5d-882a-f881c341850f', '8ee387f9-3111-4fb0-aef8-276cb36a3035', NULL, NULL, NULL);
INSERT INTO recipe_ingredients (recipe_id, ingredient_id, quantity, unit, info)
VALUES ('2bb67219-3ce8-4d5d-882a-f881c341850f', '8dff8ca5-82d9-46c0-9be4-5ba75dc0b2f1', '1', NULL, NULL);
INSERT INTO recipe_ingredients (recipe_id, ingredient_id, quantity, unit, info)
VALUES ('2bb67219-3ce8-4d5d-882a-f881c341850f', '2bcfd1cf-07c6-471c-bf1e-0d079b17898f', NULL, NULL, NULL);

-- Insert recipe label
INSERT INTO recipe_labels (recipe_id, label_id)
VALUES ('2bb67219-3ce8-4d5d-882a-f881c341850f', '5a48e22a-f836-47a0-bdba-b59d08849d8e');

-- Add dummy media for recipe
INSERT INTO recipe_media (recipe_id, url, is_main)
VALUES ('2bb67219-3ce8-4d5d-882a-f881c341850f', '/images/recipes/coconut-carrot-and-ginger.jpg', true);

-- Insert recipe: Chocolate Elvis
INSERT INTO recipes (
  id, 
  slug, 
  title, 
  original_youtube_link, 
  overview, 
  directions, 
  benefits, 
  protein, 
  carbs, 
  fats, 
  calories, 
  meal_replacement, 
  gluten_free, 
  nut_free, 
  soy_free, 
  caffeine_free, 
  sugar_free,
  diet_type,
  protein_type,
  author_id
) VALUES (
  'cf1239af-4b1f-4b46-aae2-ab3f9c1b0d44', 
  'chocolate-elvis', 
  'Chocolate Elvis', 
  NULL, 
  'Enjoy this peanut butter, banana, and chocolate classic after your workout for it''s energy boost and muscle building action!', 
  ARRAY['Combine all ingredients in a blender. Add more ice or water to reach the desired consistency.'], 
  'Energy', 
  23.4, 
  44.5, 
  11.9, 
  356, 
  false, 
  true, 
  false, 
  true, 
  true, 
  true,
  ARRAY['Vegan'],
  ARRAY['Rice Protein'],
  '999ee74e-c899-4638-9e1f-bf0366499947'
);

-- Associate recipe with category
INSERT INTO recipe_categories (recipe_id, category_id)
VALUES ('cf1239af-4b1f-4b46-aae2-ab3f9c1b0d44', '2ee93ab6-ef51-40a2-8532-1445338d2051');

-- Insert recipe ingredients
INSERT INTO recipe_ingredients (recipe_id, ingredient_id, quantity, unit, info)
VALUES ('cf1239af-4b1f-4b46-aae2-ab3f9c1b0d44', '1c104b5f-aced-4932-b99c-82594142b2bf', '1/2', NULL, NULL);
INSERT INTO recipe_ingredients (recipe_id, ingredient_id, quantity, unit, info)
VALUES ('cf1239af-4b1f-4b46-aae2-ab3f9c1b0d44', '0d5d30d4-5bec-4e6b-8860-39498c89a0bb', '1', NULL, NULL);
INSERT INTO recipe_ingredients (recipe_id, ingredient_id, quantity, unit, info)
VALUES ('cf1239af-4b1f-4b46-aae2-ab3f9c1b0d44', 'f947e659-2950-496f-b9ab-bb7fb55907b1', '1/2', NULL, NULL);
INSERT INTO recipe_ingredients (recipe_id, ingredient_id, quantity, unit, info)
VALUES ('cf1239af-4b1f-4b46-aae2-ab3f9c1b0d44', 'a9147221-acc1-41c2-b14f-c4c56dca7aa8', '1', NULL, NULL);
INSERT INTO recipe_ingredients (recipe_id, ingredient_id, quantity, unit, info)
VALUES ('cf1239af-4b1f-4b46-aae2-ab3f9c1b0d44', '69e49fbb-001d-45bf-acb5-8e587a5c28e0', '1', NULL, NULL);
INSERT INTO recipe_ingredients (recipe_id, ingredient_id, quantity, unit, info)
VALUES ('cf1239af-4b1f-4b46-aae2-ab3f9c1b0d44', 'c03083ce-c086-4801-a773-4c90dd3608ff', '1/4', NULL, NULL);
INSERT INTO recipe_ingredients (recipe_id, ingredient_id, quantity, unit, info)
VALUES ('cf1239af-4b1f-4b46-aae2-ab3f9c1b0d44', 'dd133b80-a695-4e68-9c9b-ce2548ed4c7a', '1/3', NULL, NULL);

-- Insert recipe label
INSERT INTO recipe_labels (recipe_id, label_id)
VALUES ('cf1239af-4b1f-4b46-aae2-ab3f9c1b0d44', '910a6bd6-afcd-476f-a88c-09ecdab6e75f');

-- Add dummy media for recipe
INSERT INTO recipe_media (recipe_id, url, is_main)
VALUES ('cf1239af-4b1f-4b46-aae2-ab3f9c1b0d44', '/images/recipes/chocolate-elvis.jpg', true);

-- Insert recipe: Peanut Butter Cup
INSERT INTO recipes (
  id, 
  slug, 
  title, 
  original_youtube_link, 
  overview, 
  directions, 
  benefits, 
  protein, 
  carbs, 
  fats, 
  calories, 
  meal_replacement, 
  gluten_free, 
  nut_free, 
  soy_free, 
  caffeine_free, 
  sugar_free,
  diet_type,
  protein_type,
  author_id
) VALUES (
  '0cf64906-c194-4765-8359-7c0117262f55', 
  'peanut-butter-cup', 
  'Peanut Butter Cup', 
  NULL, 
  'Love chocolate and peanut butter? This classic combo comes together in this post-workout shake.', 
  ARRAY['Combine all ingredients in a blender. Add more ice or water to reach the desired consistency.'], 
  'Muscle', 
  28.9, 
  25.9, 
  21.9, 
  370, 
  false, 
  true, 
  false, 
  true, 
  true, 
  true,
  ARRAY['Keto'],
  ARRAY['Whey Protein'],
  '999ee74e-c899-4638-9e1f-bf0366499947'
);

-- Associate recipe with category
INSERT INTO recipe_categories (recipe_id, category_id)
VALUES ('0cf64906-c194-4765-8359-7c0117262f55', '2ee93ab6-ef51-40a2-8532-1445338d2051');

-- Insert recipe ingredients
INSERT INTO recipe_ingredients (recipe_id, ingredient_id, quantity, unit, info)
VALUES ('0cf64906-c194-4765-8359-7c0117262f55', 'a9147221-acc1-41c2-b14f-c4c56dca7aa8', '1', NULL, NULL);
INSERT INTO recipe_ingredients (recipe_id, ingredient_id, quantity, unit, info)
VALUES ('0cf64906-c194-4765-8359-7c0117262f55', '38341cd3-c4d9-4ad4-8b4a-d78e6a48e67a', '1/2', NULL, NULL);
INSERT INTO recipe_ingredients (recipe_id, ingredient_id, quantity, unit, info)
VALUES ('0cf64906-c194-4765-8359-7c0117262f55', 'dd133b80-a695-4e68-9c9b-ce2548ed4c7a', '1/2', NULL, NULL);
INSERT INTO recipe_ingredients (recipe_id, ingredient_id, quantity, unit, info)
VALUES ('0cf64906-c194-4765-8359-7c0117262f55', '0d5d30d4-5bec-4e6b-8860-39498c89a0bb', '1', NULL, NULL);
INSERT INTO recipe_ingredients (recipe_id, ingredient_id, quantity, unit, info)
VALUES ('0cf64906-c194-4765-8359-7c0117262f55', '176b2ad8-5f61-40ef-8e81-565585ac9ddd', '1/2', NULL, NULL);
INSERT INTO recipe_ingredients (recipe_id, ingredient_id, quantity, unit, info)
VALUES ('0cf64906-c194-4765-8359-7c0117262f55', '3178d354-d456-49f5-b150-cc929f266121', '1', NULL, NULL);

-- Insert recipe label
INSERT INTO recipe_labels (recipe_id, label_id)
VALUES ('0cf64906-c194-4765-8359-7c0117262f55', 'b225f952-e95c-44fe-87fb-09c0bdbfbd83');

-- Add dummy media for recipe
INSERT INTO recipe_media (recipe_id, url, is_main)
VALUES ('0cf64906-c194-4765-8359-7c0117262f55', '/images/recipes/peanut-butter-cup.jpg', true);

-- Insert recipe: Birthday Cake Shake
INSERT INTO recipes (
  id, 
  slug, 
  title, 
  original_youtube_link, 
  overview, 
  directions, 
  benefits, 
  protein, 
  carbs, 
  fats, 
  calories, 
  meal_replacement, 
  gluten_free, 
  nut_free, 
  soy_free, 
  caffeine_free, 
  sugar_free,
  diet_type,
  protein_type,
  author_id
) VALUES (
  'fba42a60-1a06-4a86-91aa-cbf1a024cd81', 
  'birthday-cake-shake', 
  'Birthday Cake Shake', 
  NULL, 
  'Get ready for a keto birthday surprise! This colorful shake is perfect after a workout to replenish your muscles.', 
  ARRAY['Combine all ingredients in a blender. Add more ice or water to reach the desired consistency.'], 
  'Muscle', 
  27.7, 
  28.6, 
  29.3, 
  485, 
  true, 
  true, 
  false, 
  true, 
  true, 
  true,
  ARRAY['Keto'],
  ARRAY['Whey Protein'],
  '999ee74e-c899-4638-9e1f-bf0366499947'
);

-- Associate recipe with category
INSERT INTO recipe_categories (recipe_id, category_id)
VALUES ('fba42a60-1a06-4a86-91aa-cbf1a024cd81', '2ee93ab6-ef51-40a2-8532-1445338d2051');

-- Insert recipe ingredients
INSERT INTO recipe_ingredients (recipe_id, ingredient_id, quantity, unit, info)
VALUES ('fba42a60-1a06-4a86-91aa-cbf1a024cd81', 'dd133b80-a695-4e68-9c9b-ce2548ed4c7a', '1', NULL, NULL);
INSERT INTO recipe_ingredients (recipe_id, ingredient_id, quantity, unit, info)
VALUES ('fba42a60-1a06-4a86-91aa-cbf1a024cd81', '0829f65e-e91c-48b8-80a3-c774538a23c9', '3', NULL, NULL);
INSERT INTO recipe_ingredients (recipe_id, ingredient_id, quantity, unit, info)
VALUES ('fba42a60-1a06-4a86-91aa-cbf1a024cd81', 'dc53765f-5410-483f-806c-e68aebb40af7', '2', NULL, NULL);
INSERT INTO recipe_ingredients (recipe_id, ingredient_id, quantity, unit, info)
VALUES ('fba42a60-1a06-4a86-91aa-cbf1a024cd81', '176b2ad8-5f61-40ef-8e81-565585ac9ddd', '1/2', NULL, NULL);
INSERT INTO recipe_ingredients (recipe_id, ingredient_id, quantity, unit, info)
VALUES ('fba42a60-1a06-4a86-91aa-cbf1a024cd81', 'ab18b4c0-3832-488c-882d-63bd4846a9b1', '1', NULL, NULL);
INSERT INTO recipe_ingredients (recipe_id, ingredient_id, quantity, unit, info)
VALUES ('fba42a60-1a06-4a86-91aa-cbf1a024cd81', 'c03083ce-c086-4801-a773-4c90dd3608ff', '1/2', NULL, NULL);
INSERT INTO recipe_ingredients (recipe_id, ingredient_id, quantity, unit, info)
VALUES ('fba42a60-1a06-4a86-91aa-cbf1a024cd81', '2c7315c0-a53d-4d42-949c-1db6812ee135', '1', NULL, NULL);

-- Insert recipe label
INSERT INTO recipe_labels (recipe_id, label_id)
VALUES ('fba42a60-1a06-4a86-91aa-cbf1a024cd81', 'b225f952-e95c-44fe-87fb-09c0bdbfbd83');

-- Add dummy media for recipe
INSERT INTO recipe_media (recipe_id, url, is_main)
VALUES ('fba42a60-1a06-4a86-91aa-cbf1a024cd81', '/images/recipes/birthday-cake-shake.jpg', true);

-- Insert recipe: Chocolate Coconut
INSERT INTO recipes (
  id, 
  slug, 
  title, 
  original_youtube_link, 
  overview, 
  directions, 
  benefits, 
  protein, 
  carbs, 
  fats, 
  calories, 
  meal_replacement, 
  gluten_free, 
  nut_free, 
  soy_free, 
  caffeine_free, 
  sugar_free,
  diet_type,
  protein_type,
  author_id
) VALUES (
  'bcfb4fb8-123e-4210-ac90-7907bfd8701d', 
  'chocolate-coconut', 
  'Chocolate Coconut', 
  NULL, 
  'Chocolate and coconut come together to provide muscle building protein in a keto-friendly shake.', 
  ARRAY['Combine all ingredients in a blender. Add more ice or water to reach the desired consistency.'], 
  'Energy', 
  22.9, 
  28.5, 
  32.3, 
  456, 
  true, 
  true, 
  true, 
  true, 
  true, 
  true,
  ARRAY['Keto'],
  ARRAY['Whey Protein'],
  '999ee74e-c899-4638-9e1f-bf0366499947'
);

-- Associate recipe with category
INSERT INTO recipe_categories (recipe_id, category_id)
VALUES ('bcfb4fb8-123e-4210-ac90-7907bfd8701d', '2ee93ab6-ef51-40a2-8532-1445338d2051');

-- Insert recipe ingredients
INSERT INTO recipe_ingredients (recipe_id, ingredient_id, quantity, unit, info)
VALUES ('bcfb4fb8-123e-4210-ac90-7907bfd8701d', '37e6ff62-f56a-464a-a928-42558e3999f8', '1/2', NULL, NULL);
INSERT INTO recipe_ingredients (recipe_id, ingredient_id, quantity, unit, info)
VALUES ('bcfb4fb8-123e-4210-ac90-7907bfd8701d', '0d5d30d4-5bec-4e6b-8860-39498c89a0bb', '1', NULL, NULL);
INSERT INTO recipe_ingredients (recipe_id, ingredient_id, quantity, unit, info)
VALUES ('bcfb4fb8-123e-4210-ac90-7907bfd8701d', '38341cd3-c4d9-4ad4-8b4a-d78e6a48e67a', '1/2', NULL, NULL);
INSERT INTO recipe_ingredients (recipe_id, ingredient_id, quantity, unit, info)
VALUES ('bcfb4fb8-123e-4210-ac90-7907bfd8701d', '671733e6-d6c2-4dfa-863f-c3d6915c14e7', '1', NULL, NULL);
INSERT INTO recipe_ingredients (recipe_id, ingredient_id, quantity, unit, info)
VALUES ('bcfb4fb8-123e-4210-ac90-7907bfd8701d', 'd68f80b2-d770-47ae-9819-f8c8c49d7af6', '1', NULL, NULL);
INSERT INTO recipe_ingredients (recipe_id, ingredient_id, quantity, unit, info)
VALUES ('bcfb4fb8-123e-4210-ac90-7907bfd8701d', '176b2ad8-5f61-40ef-8e81-565585ac9ddd', '1/2', NULL, NULL);
INSERT INTO recipe_ingredients (recipe_id, ingredient_id, quantity, unit, info)
VALUES ('bcfb4fb8-123e-4210-ac90-7907bfd8701d', '3178d354-d456-49f5-b150-cc929f266121', '1', NULL, NULL);

-- Insert recipe label
INSERT INTO recipe_labels (recipe_id, label_id)
VALUES ('bcfb4fb8-123e-4210-ac90-7907bfd8701d', '910a6bd6-afcd-476f-a88c-09ecdab6e75f');

-- Add dummy media for recipe
INSERT INTO recipe_media (recipe_id, url, is_main)
VALUES ('bcfb4fb8-123e-4210-ac90-7907bfd8701d', '/images/recipes/chocolate-coconut.jpg', true);

-- Insert recipe: Nutty Butter 
INSERT INTO recipes (
  id, 
  slug, 
  title, 
  original_youtube_link, 
  overview, 
  directions, 
  benefits, 
  protein, 
  carbs, 
  fats, 
  calories, 
  meal_replacement, 
  gluten_free, 
  nut_free, 
  soy_free, 
  caffeine_free, 
  sugar_free,
  diet_type,
  protein_type,
  author_id
) VALUES (
  '65220666-68c0-4376-9323-8e714a9d8150', 
  'nutty-butter', 
  'Nutty Butter', 
  NULL, 
  'Go nuts over this nutty butter smoothie. Packed with protein for the best post-workout benefits.', 
  ARRAY['Combine all ingredients in a blender. Add more ice or water to reach the desired consistency.'], 
  'Muscle', 
  38.6, 
  38.5, 
  11.8, 
  382, 
  false, 
  true, 
  false, 
  true, 
  true, 
  true,
  ARRAY['Plant Based'],
  ARRAY['Plant Based'],
  '999ee74e-c899-4638-9e1f-bf0366499947'
);

-- Associate recipe with category
INSERT INTO recipe_categories (recipe_id, category_id)
VALUES ('65220666-68c0-4376-9323-8e714a9d8150', '2ee93ab6-ef51-40a2-8532-1445338d2051');

-- Insert recipe ingredients
INSERT INTO recipe_ingredients (recipe_id, ingredient_id, quantity, unit, info)
VALUES ('65220666-68c0-4376-9323-8e714a9d8150', 'a9147221-acc1-41c2-b14f-c4c56dca7aa8', '1', NULL, NULL);
INSERT INTO recipe_ingredients (recipe_id, ingredient_id, quantity, unit, info)
VALUES ('65220666-68c0-4376-9323-8e714a9d8150', 'dd133b80-a695-4e68-9c9b-ce2548ed4c7a', '3/4', NULL, NULL);
INSERT INTO recipe_ingredients (recipe_id, ingredient_id, quantity, unit, info)
VALUES ('65220666-68c0-4376-9323-8e714a9d8150', '7e60118a-e6a6-4343-82b7-2b63d7e47ca7', '1', NULL, NULL);
INSERT INTO recipe_ingredients (recipe_id, ingredient_id, quantity, unit, info)
VALUES ('65220666-68c0-4376-9323-8e714a9d8150', '1c104b5f-aced-4932-b99c-82594142b2bf', '1', NULL, NULL);
INSERT INTO recipe_ingredients (recipe_id, ingredient_id, quantity, unit, info)
VALUES ('65220666-68c0-4376-9323-8e714a9d8150', 'c03083ce-c086-4801-a773-4c90dd3608ff', '1/2', NULL, NULL);
INSERT INTO recipe_ingredients (recipe_id, ingredient_id, quantity, unit, info)
VALUES ('65220666-68c0-4376-9323-8e714a9d8150', '302e20d5-dc33-4d02-9b61-10f1f35c87d9', '1', NULL, NULL);

-- Insert recipe label
INSERT INTO recipe_labels (recipe_id, label_id)
VALUES ('65220666-68c0-4376-9323-8e714a9d8150', 'b225f952-e95c-44fe-87fb-09c0bdbfbd83');

-- Add dummy media for recipe
INSERT INTO recipe_media (recipe_id, url, is_main)
VALUES ('65220666-68c0-4376-9323-8e714a9d8150', '/images/recipes/nutty-butter.jpg', true);

-- Insert recipe: Hawaiian Breeze Splash
INSERT INTO recipes (
  id, 
  slug, 
  title, 
  original_youtube_link, 
  overview, 
  directions, 
  benefits, 
  protein, 
  carbs, 
  fats, 
  calories, 
  meal_replacement, 
  gluten_free, 
  nut_free, 
  soy_free, 
  caffeine_free, 
  sugar_free,
  diet_type,
  protein_type,
  author_id
) VALUES (
  '9f3b8f7e-2ce3-411c-949c-b3dd0869532b', 
  'hawaiian-breeze-splash', 
  'Hawaiian Breeze Splash', 
  NULL, 
  'this ia a delicious and refreshing tropical treat any time of day!', 
  ARRAY['Add all the ingredients to your blender and blend until smooth.'], 
  'Energy', 
  7, 
  92, 
  15, 
  499, 
  false, 
  true, 
  true, 
  true, 
  true, 
  true,
  NULL,
  NULL,
  '999ee74e-c899-4638-9e1f-bf0366499947'
);

-- Associate recipe with category
INSERT INTO recipe_categories (recipe_id, category_id)
VALUES ('9f3b8f7e-2ce3-411c-949c-b3dd0869532b', '2ee93ab6-ef51-40a2-8532-1445338d2051');

-- Insert recipe ingredients
INSERT INTO recipe_ingredients (recipe_id, ingredient_id, quantity, unit, info)
VALUES ('9f3b8f7e-2ce3-411c-949c-b3dd0869532b', '789a9021-26cf-4e33-8af1-bcda624d9d52', '1/4', NULL, NULL);
INSERT INTO recipe_ingredients (recipe_id, ingredient_id, quantity, unit, info)
VALUES ('9f3b8f7e-2ce3-411c-949c-b3dd0869532b', '4b633a12-cccb-4806-b087-711eb605f33a', '1', NULL, NULL);
INSERT INTO recipe_ingredients (recipe_id, ingredient_id, quantity, unit, info)
VALUES ('9f3b8f7e-2ce3-411c-949c-b3dd0869532b', 'b1eae386-77f7-450a-9e49-b018700028df', '1/2', NULL, NULL);
INSERT INTO recipe_ingredients (recipe_id, ingredient_id, quantity, unit, info)
VALUES ('9f3b8f7e-2ce3-411c-949c-b3dd0869532b', '8890ac9c-5fe4-401c-bc19-2d700175f862', '1/2', NULL, NULL);
INSERT INTO recipe_ingredients (recipe_id, ingredient_id, quantity, unit, info)
VALUES ('9f3b8f7e-2ce3-411c-949c-b3dd0869532b', '5bd84c38-7e7c-40c8-a7cf-3c78792b409f', '1', NULL, NULL);
INSERT INTO recipe_ingredients (recipe_id, ingredient_id, quantity, unit, info)
VALUES ('9f3b8f7e-2ce3-411c-949c-b3dd0869532b', '36daee65-370c-4295-8902-c1a412b99ea7', '1/4', NULL, NULL);

-- Insert recipe label
INSERT INTO recipe_labels (recipe_id, label_id)
VALUES ('9f3b8f7e-2ce3-411c-949c-b3dd0869532b', '910a6bd6-afcd-476f-a88c-09ecdab6e75f');

-- Add dummy media for recipe
INSERT INTO recipe_media (recipe_id, url, is_main)
VALUES ('9f3b8f7e-2ce3-411c-949c-b3dd0869532b', '/images/recipes/hawaiian-breeze-splash.jpg', true);

-- Insert recipe: Vanilla Bean
INSERT INTO recipes (
  id, 
  slug, 
  title, 
  original_youtube_link, 
  overview, 
  directions, 
  benefits, 
  protein, 
  carbs, 
  fats, 
  calories, 
  meal_replacement, 
  gluten_free, 
  nut_free, 
  soy_free, 
  caffeine_free, 
  sugar_free,
  diet_type,
  protein_type,
  author_id
) VALUES (
  '550e8902-bc1b-4cf6-8571-4d096bf0333a', 
  'vanilla-bean', 
  'Vanilla Bean', 
  NULL, 
  'Here''s a creamy, plant-based shake packed with sweet flavor and lots of protein!', 
  ARRAY['Combine all ingredients in a blender. Add more ice or water to reach the desired consistency.'], 
  'Muscle', 
  27.2, 
  36.1, 
  8.1, 
  309, 
  false, 
  true, 
  false, 
  true, 
  true, 
  false,
  ARRAY['Plant Based'],
  ARRAY['Plant Based'],
  '999ee74e-c899-4638-9e1f-bf0366499947'
);

-- Associate recipe with category
INSERT INTO recipe_categories (recipe_id, category_id)
VALUES ('550e8902-bc1b-4cf6-8571-4d096bf0333a', '2ee93ab6-ef51-40a2-8532-1445338d2051');

-- Insert recipe ingredients
INSERT INTO recipe_ingredients (recipe_id, ingredient_id, quantity, unit, info)
VALUES ('550e8902-bc1b-4cf6-8571-4d096bf0333a', '1c104b5f-aced-4932-b99c-82594142b2bf', '1', NULL, NULL);
INSERT INTO recipe_ingredients (recipe_id, ingredient_id, quantity, unit, info)
VALUES ('550e8902-bc1b-4cf6-8571-4d096bf0333a', '41935302-612f-458b-82ac-8c15a6080c5e', NULL, NULL, NULL);
INSERT INTO recipe_ingredients (recipe_id, ingredient_id, quantity, unit, info)
VALUES ('550e8902-bc1b-4cf6-8571-4d096bf0333a', 'dd34e691-d409-460a-b195-995020c03bd2', '1', NULL, NULL);
INSERT INTO recipe_ingredients (recipe_id, ingredient_id, quantity, unit, info)
VALUES ('550e8902-bc1b-4cf6-8571-4d096bf0333a', '176b2ad8-5f61-40ef-8e81-565585ac9ddd', '1', NULL, NULL);
INSERT INTO recipe_ingredients (recipe_id, ingredient_id, quantity, unit, info)
VALUES ('550e8902-bc1b-4cf6-8571-4d096bf0333a', '97dfc184-791d-4f05-bcf2-70c785f42af0', '1/2', NULL, NULL);
INSERT INTO recipe_ingredients (recipe_id, ingredient_id, quantity, unit, info)
VALUES ('550e8902-bc1b-4cf6-8571-4d096bf0333a', '89401a47-db79-4193-8953-826e11053070', '1/2', NULL, NULL);

-- Insert recipe label
INSERT INTO recipe_labels (recipe_id, label_id)
VALUES ('550e8902-bc1b-4cf6-8571-4d096bf0333a', 'b225f952-e95c-44fe-87fb-09c0bdbfbd83');

-- Add dummy media for recipe
INSERT INTO recipe_media (recipe_id, url, is_main)
VALUES ('550e8902-bc1b-4cf6-8571-4d096bf0333a', '/images/recipes/vanilla-bean.jpg', true);

-- Insert recipe: Matcha Blend Smoothie
INSERT INTO recipes (
  id, 
  slug, 
  title, 
  original_youtube_link, 
  overview, 
  directions, 
  benefits, 
  protein, 
  carbs, 
  fats, 
  calories, 
  meal_replacement, 
  gluten_free, 
  nut_free, 
  soy_free, 
  caffeine_free, 
  sugar_free,
  diet_type,
  protein_type,
  author_id
) VALUES (
  '24f5ab41-a146-44f6-bae8-a74ea5ee29e5', 
  'matcha-blend-smoothie', 
  'Matcha Blend Smoothie', 
  NULL, 
  'Matcha is a green tea powder that is known for its many health benefits. Enjoy it in a delicious, creamy smoothie!', 
  ARRAY['Combine all ingredients in a blender. Add more ice or water to reach the desired consistency.'], 
  'Muscle', 
  30.9, 
  58.6, 
  16.4, 
  467, 
  true, 
  true, 
  true, 
  true, 
  true, 
  true,
  ARRAY['Whole30'],
  ARRAY['Oat Protein'],
  '999ee74e-c899-4638-9e1f-bf0366499947'
);

-- Associate recipe with category
INSERT INTO recipe_categories (recipe_id, category_id)
VALUES ('24f5ab41-a146-44f6-bae8-a74ea5ee29e5', '2b6fb45a-c9b1-4bb7-ad76-5cd70b3709f4');

-- Insert recipe ingredients
INSERT INTO recipe_ingredients (recipe_id, ingredient_id, quantity, unit, info)
VALUES ('24f5ab41-a146-44f6-bae8-a74ea5ee29e5', '3fa3ea81-9bd9-4c41-b52d-9a6bed89f920', '1/2', NULL, NULL);
INSERT INTO recipe_ingredients (recipe_id, ingredient_id, quantity, unit, info)
VALUES ('24f5ab41-a146-44f6-bae8-a74ea5ee29e5', 'd64fd3f1-3fac-4184-a01d-57396c653660', '1/2', NULL, NULL);
INSERT INTO recipe_ingredients (recipe_id, ingredient_id, quantity, unit, info)
VALUES ('24f5ab41-a146-44f6-bae8-a74ea5ee29e5', '72e33646-22c7-40ca-befc-62877d4ed626', '1/2', NULL, NULL);
INSERT INTO recipe_ingredients (recipe_id, ingredient_id, quantity, unit, info)
VALUES ('24f5ab41-a146-44f6-bae8-a74ea5ee29e5', '38341cd3-c4d9-4ad4-8b4a-d78e6a48e67a', '1/2', NULL, NULL);
INSERT INTO recipe_ingredients (recipe_id, ingredient_id, quantity, unit, info)
VALUES ('24f5ab41-a146-44f6-bae8-a74ea5ee29e5', 'dbfff2c3-669e-4528-9821-fcc979e407f6', '1/2', NULL, NULL);
INSERT INTO recipe_ingredients (recipe_id, ingredient_id, quantity, unit, info)
VALUES ('24f5ab41-a146-44f6-bae8-a74ea5ee29e5', '3590dceb-7b78-4f3d-9ceb-5ca5bfea7948', '1', NULL, NULL);
INSERT INTO recipe_ingredients (recipe_id, ingredient_id, quantity, unit, info)
VALUES ('24f5ab41-a146-44f6-bae8-a74ea5ee29e5', '15c12c40-d3e2-4456-9734-c14aa30e5b67', '1', NULL, NULL);

-- Insert recipe label
INSERT INTO recipe_labels (recipe_id, label_id)
VALUES ('24f5ab41-a146-44f6-bae8-a74ea5ee29e5', 'b225f952-e95c-44fe-87fb-09c0bdbfbd83');

-- Add dummy media for recipe
INSERT INTO recipe_media (recipe_id, url, is_main)
VALUES ('24f5ab41-a146-44f6-bae8-a74ea5ee29e5', '/images/recipes/matcha-blend-smoothie.jpg', true);

-- Insert recipe: Mixed Berry Replenisher
INSERT INTO recipes (
  id, 
  slug, 
  title, 
  original_youtube_link, 
  overview, 
  directions, 
  benefits, 
  protein, 
  carbs, 
  fats, 
  calories, 
  meal_replacement, 
  gluten_free, 
  nut_free, 
  soy_free, 
  caffeine_free, 
  sugar_free,
  diet_type,
  protein_type,
  author_id
) VALUES (
  'e86783f5-01c5-4527-9829-61157d6f2c78', 
  'mixed-berry-replenisher', 
  'Mixed Berry Replenisher', 
  NULL, 
  'Replenish your body with tons of fiber, antioxidants, protein, and energy from this mixed berry shake!', 
  ARRAY['Combine all ingredients in a blender. Add more ice or water to reach the desired consistency.'], 
  'Muscle', 
  25.9, 
  43.4, 
  2.6, 
  273, 
  false, 
  true, 
  true, 
  true, 
  true, 
  true,
  ARRAY['Whole30'],
  ARRAY['Pea Protein'],
  '999ee74e-c899-4638-9e1f-bf0366499947'
);

-- Associate recipe with category
INSERT INTO recipe_categories (recipe_id, category_id)
VALUES ('e86783f5-01c5-4527-9829-61157d6f2c78', '2ee93ab6-ef51-40a2-8532-1445338d2051');

-- Insert recipe ingredients
INSERT INTO recipe_ingredients (recipe_id, ingredient_id, quantity, unit, info)
VALUES ('e86783f5-01c5-4527-9829-61157d6f2c78', 'b3e60273-d414-44d4-8c2b-2e9194407cc1', '1', NULL, NULL);
INSERT INTO recipe_ingredients (recipe_id, ingredient_id, quantity, unit, info)
VALUES ('e86783f5-01c5-4527-9829-61157d6f2c78', '1c104b5f-aced-4932-b99c-82594142b2bf', '1/2', NULL, NULL);
INSERT INTO recipe_ingredients (recipe_id, ingredient_id, quantity, unit, info)
VALUES ('e86783f5-01c5-4527-9829-61157d6f2c78', '8b55b575-d43b-4bd7-8860-723d79bd83b7', '1', NULL, NULL);
INSERT INTO recipe_ingredients (recipe_id, ingredient_id, quantity, unit, info)
VALUES ('e86783f5-01c5-4527-9829-61157d6f2c78', '15c12c40-d3e2-4456-9734-c14aa30e5b67', '1', NULL, NULL);
INSERT INTO recipe_ingredients (recipe_id, ingredient_id, quantity, unit, info)
VALUES ('e86783f5-01c5-4527-9829-61157d6f2c78', 'c03083ce-c086-4801-a773-4c90dd3608ff', '1/2', NULL, NULL);

-- Insert recipe label
INSERT INTO recipe_labels (recipe_id, label_id)
VALUES ('e86783f5-01c5-4527-9829-61157d6f2c78', 'b225f952-e95c-44fe-87fb-09c0bdbfbd83');

-- Add dummy media for recipe
INSERT INTO recipe_media (recipe_id, url, is_main)
VALUES ('e86783f5-01c5-4527-9829-61157d6f2c78', '/images/recipes/mixed-berry-replenisher.jpg', true);

-- Insert recipe: Chocolate Fudge 
INSERT INTO recipes (
  id, 
  slug, 
  title, 
  original_youtube_link, 
  overview, 
  directions, 
  benefits, 
  protein, 
  carbs, 
  fats, 
  calories, 
  meal_replacement, 
  gluten_free, 
  nut_free, 
  soy_free, 
  caffeine_free, 
  sugar_free,
  diet_type,
  protein_type,
  author_id
) VALUES (
  'f573e7f7-8c91-46b9-9312-b545c1a8f348', 
  'chocolate-fudge', 
  'Chocolate Fudge', 
  NULL, 
  'Delicious, fudgey, and perfectly sweet, this chocolate fudge shake is the perfect healthy meal replacement.', 
  ARRAY['Combine all ingredients in a blender. Add more ice or water to reach the desired consistency.'], 
  'Energy', 
  21.4, 
  23.6, 
  25.8, 
  371, 
  true, 
  true, 
  true, 
  true, 
  true, 
  true,
  ARRAY['Keto'],
  ARRAY['Whey Protein'],
  '999ee74e-c899-4638-9e1f-bf0366499947'
);

-- Associate recipe with category
INSERT INTO recipe_categories (recipe_id, category_id)
VALUES ('f573e7f7-8c91-46b9-9312-b545c1a8f348', '2b6fb45a-c9b1-4bb7-ad76-5cd70b3709f4');

-- Insert recipe ingredients
INSERT INTO recipe_ingredients (recipe_id, ingredient_id, quantity, unit, info)
VALUES ('f573e7f7-8c91-46b9-9312-b545c1a8f348', '38341cd3-c4d9-4ad4-8b4a-d78e6a48e67a', '1/3', NULL, NULL);
INSERT INTO recipe_ingredients (recipe_id, ingredient_id, quantity, unit, info)
VALUES ('f573e7f7-8c91-46b9-9312-b545c1a8f348', '37e6ff62-f56a-464a-a928-42558e3999f8', '1/2', NULL, NULL);
INSERT INTO recipe_ingredients (recipe_id, ingredient_id, quantity, unit, info)
VALUES ('f573e7f7-8c91-46b9-9312-b545c1a8f348', '8187d625-4ecc-4510-a5cc-d89fcd989501', '2', NULL, NULL);
INSERT INTO recipe_ingredients (recipe_id, ingredient_id, quantity, unit, info)
VALUES ('f573e7f7-8c91-46b9-9312-b545c1a8f348', 'fbeae687-eda6-41d4-9698-29c22276e28b', '1', NULL, NULL);
INSERT INTO recipe_ingredients (recipe_id, ingredient_id, quantity, unit, info)
VALUES ('f573e7f7-8c91-46b9-9312-b545c1a8f348', 'c03083ce-c086-4801-a773-4c90dd3608ff', '1', NULL, NULL);

-- Insert recipe label
INSERT INTO recipe_labels (recipe_id, label_id)
VALUES ('f573e7f7-8c91-46b9-9312-b545c1a8f348', '910a6bd6-afcd-476f-a88c-09ecdab6e75f');

-- Add dummy media for recipe
INSERT INTO recipe_media (recipe_id, url, is_main)
VALUES ('f573e7f7-8c91-46b9-9312-b545c1a8f348', '/images/recipes/chocolate-fudge.jpg', true);

-- Insert recipe: Blueberry Pie
INSERT INTO recipes (
  id, 
  slug, 
  title, 
  original_youtube_link, 
  overview, 
  directions, 
  benefits, 
  protein, 
  carbs, 
  fats, 
  calories, 
  meal_replacement, 
  gluten_free, 
  nut_free, 
  soy_free, 
  caffeine_free, 
  sugar_free,
  diet_type,
  protein_type,
  author_id
) VALUES (
  '9053ac76-ea8f-43fb-99b3-83994335dea6', 
  'blueberry-pie', 
  'Blueberry Pie', 
  NULL, 
  'Get all of the classic flavors of blueberry pie in a yummy, healthy smoothie!', 
  ARRAY['Combine all ingredients in a blender. Add more ice or water to reach the desired consistency.'], 
  'Muscle', 
  33.1, 
  42.3, 
  19.8, 
  471, 
  true, 
  true, 
  false, 
  true, 
  true, 
  true,
  ARRAY['Vegan'],
  ARRAY['Oat Protein'],
  '999ee74e-c899-4638-9e1f-bf0366499947'
);

-- Associate recipe with category
INSERT INTO recipe_categories (recipe_id, category_id)
VALUES ('9053ac76-ea8f-43fb-99b3-83994335dea6', '2b6fb45a-c9b1-4bb7-ad76-5cd70b3709f4');

-- Insert recipe ingredients
INSERT INTO recipe_ingredients (recipe_id, ingredient_id, quantity, unit, info)
VALUES ('9053ac76-ea8f-43fb-99b3-83994335dea6', '35c83f62-3d14-4b73-ae28-a248895e284a', '1/2', NULL, NULL);
INSERT INTO recipe_ingredients (recipe_id, ingredient_id, quantity, unit, info)
VALUES ('9053ac76-ea8f-43fb-99b3-83994335dea6', 'bd887c7f-8d75-4138-ab03-10590ae88070', '2', NULL, NULL);
INSERT INTO recipe_ingredients (recipe_id, ingredient_id, quantity, unit, info)
VALUES ('9053ac76-ea8f-43fb-99b3-83994335dea6', '121e4c7b-4bfc-4f7a-8535-6b18ebf3a409', '1', NULL, NULL);
INSERT INTO recipe_ingredients (recipe_id, ingredient_id, quantity, unit, info)
VALUES ('9053ac76-ea8f-43fb-99b3-83994335dea6', 'dd133b80-a695-4e68-9c9b-ce2548ed4c7a', '1/2', NULL, NULL);
INSERT INTO recipe_ingredients (recipe_id, ingredient_id, quantity, unit, info)
VALUES ('9053ac76-ea8f-43fb-99b3-83994335dea6', '2f16dd60-cd27-4a3a-9feb-bea6aa464839', '1', NULL, NULL);
INSERT INTO recipe_ingredients (recipe_id, ingredient_id, quantity, unit, info)
VALUES ('9053ac76-ea8f-43fb-99b3-83994335dea6', '5216e132-71d0-4a3b-bc92-144bf682f2f6', '1/2', NULL, NULL);
INSERT INTO recipe_ingredients (recipe_id, ingredient_id, quantity, unit, info)
VALUES ('9053ac76-ea8f-43fb-99b3-83994335dea6', '176b2ad8-5f61-40ef-8e81-565585ac9ddd', '1/2', NULL, NULL);

-- Insert recipe label
INSERT INTO recipe_labels (recipe_id, label_id)
VALUES ('9053ac76-ea8f-43fb-99b3-83994335dea6', 'b225f952-e95c-44fe-87fb-09c0bdbfbd83');

-- Add dummy media for recipe
INSERT INTO recipe_media (recipe_id, url, is_main)
VALUES ('9053ac76-ea8f-43fb-99b3-83994335dea6', '/images/recipes/blueberry-pie.jpg', true);

-- Insert recipe: Banana Almond Shake
INSERT INTO recipes (
  id, 
  slug, 
  title, 
  original_youtube_link, 
  overview, 
  directions, 
  benefits, 
  protein, 
  carbs, 
  fats, 
  calories, 
  meal_replacement, 
  gluten_free, 
  nut_free, 
  soy_free, 
  caffeine_free, 
  sugar_free,
  diet_type,
  protein_type,
  author_id
) VALUES (
  '2dbad349-7ea4-489b-be04-6df6c41f1ec4', 
  'banana-almond-shake', 
  'Banana Almond Shake', 
  NULL, 
  'Banana and almond blend together in this smoothie to give you a healthy and tasty treat.', 
  ARRAY['Combine all ingredients in a blender. Add more ice or water to reach the desired consistency.'], 
  'Muscle', 
  32.4, 
  51.8, 
  15.2, 
  447, 
  true, 
  true, 
  false, 
  true, 
  true, 
  false,
  ARRAY['Plant Based'],
  ARRAY['Plant Based'],
  '999ee74e-c899-4638-9e1f-bf0366499947'
);

-- Associate recipe with category
INSERT INTO recipe_categories (recipe_id, category_id)
VALUES ('2dbad349-7ea4-489b-be04-6df6c41f1ec4', '2b6fb45a-c9b1-4bb7-ad76-5cd70b3709f4');

-- Insert recipe ingredients
INSERT INTO recipe_ingredients (recipe_id, ingredient_id, quantity, unit, info)
VALUES ('2dbad349-7ea4-489b-be04-6df6c41f1ec4', '1c104b5f-aced-4932-b99c-82594142b2bf', '1', NULL, NULL);
INSERT INTO recipe_ingredients (recipe_id, ingredient_id, quantity, unit, info)
VALUES ('2dbad349-7ea4-489b-be04-6df6c41f1ec4', '121e4c7b-4bfc-4f7a-8535-6b18ebf3a409', '1', NULL, NULL);
INSERT INTO recipe_ingredients (recipe_id, ingredient_id, quantity, unit, info)
VALUES ('2dbad349-7ea4-489b-be04-6df6c41f1ec4', 'c03083ce-c086-4801-a773-4c90dd3608ff', '1/2', NULL, NULL);
INSERT INTO recipe_ingredients (recipe_id, ingredient_id, quantity, unit, info)
VALUES ('2dbad349-7ea4-489b-be04-6df6c41f1ec4', 'dd133b80-a695-4e68-9c9b-ce2548ed4c7a', '1/2', NULL, NULL);
INSERT INTO recipe_ingredients (recipe_id, ingredient_id, quantity, unit, info)
VALUES ('2dbad349-7ea4-489b-be04-6df6c41f1ec4', '8dff8ca5-82d9-46c0-9be4-5ba75dc0b2f1', '1', NULL, NULL);
INSERT INTO recipe_ingredients (recipe_id, ingredient_id, quantity, unit, info)
VALUES ('2dbad349-7ea4-489b-be04-6df6c41f1ec4', 'f947e659-2950-496f-b9ab-bb7fb55907b1', '1/4', NULL, NULL);
INSERT INTO recipe_ingredients (recipe_id, ingredient_id, quantity, unit, info)
VALUES ('2dbad349-7ea4-489b-be04-6df6c41f1ec4', 'e87f9523-b391-4e07-b6b2-b4f87c087ef0', '1/2', NULL, NULL);

-- Insert recipe label
INSERT INTO recipe_labels (recipe_id, label_id)
VALUES ('2dbad349-7ea4-489b-be04-6df6c41f1ec4', 'b225f952-e95c-44fe-87fb-09c0bdbfbd83');

-- Add dummy media for recipe
INSERT INTO recipe_media (recipe_id, url, is_main)
VALUES ('2dbad349-7ea4-489b-be04-6df6c41f1ec4', '/images/recipes/banana-almond-shake.jpg', true);

-- Insert recipe: Golden Shake
INSERT INTO recipes (
  id, 
  slug, 
  title, 
  original_youtube_link, 
  overview, 
  directions, 
  benefits, 
  protein, 
  carbs, 
  fats, 
  calories, 
  meal_replacement, 
  gluten_free, 
  nut_free, 
  soy_free, 
  caffeine_free, 
  sugar_free,
  diet_type,
  protein_type,
  author_id
) VALUES (
  'a69a7858-6650-44b8-afcc-6be4b413937c', 
  'golden-shake', 
  'Golden Shake', 
  NULL, 
  'Known for its golden color, turmeric is used in the shake not only for beauty but for it''s Anti Inflammatory benefits', 
  ARRAY['Combine all ingredients in a blender. Add more ice or water to reach the desired consistency.'], 
  'Energy', 
  27.3, 
  74.9, 
  21.3, 
  568, 
  true, 
  true, 
  true, 
  true, 
  true, 
  true,
  ARRAY['Whole30'],
  ARRAY['Plant Based'],
  '999ee74e-c899-4638-9e1f-bf0366499947'
);

-- Associate recipe with category
INSERT INTO recipe_categories (recipe_id, category_id)
VALUES ('a69a7858-6650-44b8-afcc-6be4b413937c', '2b6fb45a-c9b1-4bb7-ad76-5cd70b3709f4');

-- Insert recipe ingredients
INSERT INTO recipe_ingredients (recipe_id, ingredient_id, quantity, unit, info)
VALUES ('a69a7858-6650-44b8-afcc-6be4b413937c', '3d93b988-3309-42f4-9137-3557ce797044', NULL, NULL, NULL);
INSERT INTO recipe_ingredients (recipe_id, ingredient_id, quantity, unit, info)
VALUES ('a69a7858-6650-44b8-afcc-6be4b413937c', '3d2c547e-84d3-4e5f-8b21-66cf577f3cc8', NULL, NULL, NULL);
INSERT INTO recipe_ingredients (recipe_id, ingredient_id, quantity, unit, info)
VALUES ('a69a7858-6650-44b8-afcc-6be4b413937c', 'da059e9e-0d95-4c04-88d1-2c60746cd93a', '1', NULL, NULL);
INSERT INTO recipe_ingredients (recipe_id, ingredient_id, quantity, unit, info)
VALUES ('a69a7858-6650-44b8-afcc-6be4b413937c', '8dff8ca5-82d9-46c0-9be4-5ba75dc0b2f1', '1', NULL, NULL);
INSERT INTO recipe_ingredients (recipe_id, ingredient_id, quantity, unit, info)
VALUES ('a69a7858-6650-44b8-afcc-6be4b413937c', 'a0a1246c-a2f5-4e7a-80ac-4470f187efe4', '1', NULL, NULL);
INSERT INTO recipe_ingredients (recipe_id, ingredient_id, quantity, unit, info)
VALUES ('a69a7858-6650-44b8-afcc-6be4b413937c', '28b36a0b-c2c2-4f78-8b30-a9d1636438b8', '1', NULL, NULL);

-- Insert recipe label
INSERT INTO recipe_labels (recipe_id, label_id)
VALUES ('a69a7858-6650-44b8-afcc-6be4b413937c', '910a6bd6-afcd-476f-a88c-09ecdab6e75f');

-- Add dummy media for recipe
INSERT INTO recipe_media (recipe_id, url, is_main)
VALUES ('a69a7858-6650-44b8-afcc-6be4b413937c', '/images/recipes/golden-shake.jpg', true);

-- Insert recipe: Passion fruit smoothie
INSERT INTO recipes (
  id, 
  slug, 
  title, 
  original_youtube_link, 
  overview, 
  directions, 
  benefits, 
  protein, 
  carbs, 
  fats, 
  calories, 
  meal_replacement, 
  gluten_free, 
  nut_free, 
  soy_free, 
  caffeine_free, 
  sugar_free,
  diet_type,
  protein_type,
  author_id
) VALUES (
  '04d5b533-0d4c-46bb-89d8-7daba1c44b3f', 
  'passion-fruit-smoothie', 
  'Passion fruit smoothie', 
  NULL, 
  'This smothie is great for fast hydration and can be a great snack in between meals, before or after training. It also helps to prevent diabetes and heart diseases.', 
  ARRAY['- Cut bananas and Bok Choy into smaller pieces 
  - Open passion fruit and scoop out the pulp
  - Squeeze out the juice of lime
  - Put everything into a blender, add water and and blend well together 
  - Serve with passion fruit and a lime slice on top and enjoy ☺'], 
  'Hydration, Diabetes and Heart diseases prevention. Antioxidant rich.', 
  2.8, 
  40.2, 
  0.7, 
  159.8, 
  false, 
  true, 
  true, 
  true, 
  true, 
  false,
  ARRAY['Low Carb, Low Fat'],
  NULL,
  '999ee74e-c899-4638-9e1f-bf0366499947'
);

-- Associate recipe with category
INSERT INTO recipe_categories (recipe_id, category_id)
VALUES ('04d5b533-0d4c-46bb-89d8-7daba1c44b3f', '994a569f-3284-42d8-babb-6ecd8aab552e');

-- Insert recipe ingredients
INSERT INTO recipe_ingredients (recipe_id, ingredient_id, quantity, unit, info)
VALUES ('04d5b533-0d4c-46bb-89d8-7daba1c44b3f', '33b8e49a-ffb0-4ef9-aeb7-5fc5a4c63aab', '1 1/2', NULL, NULL);
INSERT INTO recipe_ingredients (recipe_id, ingredient_id, quantity, unit, info)
VALUES ('04d5b533-0d4c-46bb-89d8-7daba1c44b3f', 'f3c8e831-e669-42d3-bc47-f307f6bd1a46', '1/2', NULL, NULL);
INSERT INTO recipe_ingredients (recipe_id, ingredient_id, quantity, unit, info)
VALUES ('04d5b533-0d4c-46bb-89d8-7daba1c44b3f', '4b6b580e-e9ac-4f57-ac0c-d92ec51a5781', '50', NULL, NULL);
INSERT INTO recipe_ingredients (recipe_id, ingredient_id, quantity, unit, info)
VALUES ('04d5b533-0d4c-46bb-89d8-7daba1c44b3f', '4f03cbf9-0d94-4905-aa05-0579e03a4796', '1/2', NULL, NULL);
INSERT INTO recipe_ingredients (recipe_id, ingredient_id, quantity, unit, info)
VALUES ('04d5b533-0d4c-46bb-89d8-7daba1c44b3f', '687c56c4-4fd1-4e1d-baed-dd194b71458e', '1', NULL, NULL);

-- Insert recipe label
INSERT INTO recipe_labels (recipe_id, label_id)
VALUES ('04d5b533-0d4c-46bb-89d8-7daba1c44b3f', 'a747cf29-9eb0-4821-815c-fa7382a0ae31');

-- Add dummy media for recipe
INSERT INTO recipe_media (recipe_id, url, is_main)
VALUES ('04d5b533-0d4c-46bb-89d8-7daba1c44b3f', '/images/recipes/passion-fruit-smoothie.jpg', true);

-- Insert recipe: Rainbow Shake
INSERT INTO recipes (
  id, 
  slug, 
  title, 
  original_youtube_link, 
  overview, 
  directions, 
  benefits, 
  protein, 
  carbs, 
  fats, 
  calories, 
  meal_replacement, 
  gluten_free, 
  nut_free, 
  soy_free, 
  caffeine_free, 
  sugar_free,
  diet_type,
  protein_type,
  author_id
) VALUES (
  '9c13d8d5-f786-494f-9425-b175cb43a289', 
  'rainbow-shake', 
  'Rainbow Shake', 
  NULL, 
  'Eat the rainbow with this colorful fruit smoothie. It''s a great way to start your day, while being easy and healthy!', 
  ARRAY['Combine all ingredients in a blender. Add more ice or water to reach the desired consistency.'], 
  'Weight', 
  19.4, 
  50.1, 
  9.2, 
  348, 
  true, 
  true, 
  true, 
  true, 
  true, 
  true,
  ARRAY['Whole 30'],
  ARRAY['Rice Protein'],
  '999ee74e-c899-4638-9e1f-bf0366499947'
);

-- Associate recipe with category
INSERT INTO recipe_categories (recipe_id, category_id)
VALUES ('9c13d8d5-f786-494f-9425-b175cb43a289', '994a569f-3284-42d8-babb-6ecd8aab552e');

-- Insert recipe ingredients
INSERT INTO recipe_ingredients (recipe_id, ingredient_id, quantity, unit, info)
VALUES ('9c13d8d5-f786-494f-9425-b175cb43a289', 'dd133b80-a695-4e68-9c9b-ce2548ed4c7a', '1/2', NULL, NULL);
INSERT INTO recipe_ingredients (recipe_id, ingredient_id, quantity, unit, info)
VALUES ('9c13d8d5-f786-494f-9425-b175cb43a289', '38341cd3-c4d9-4ad4-8b4a-d78e6a48e67a', '1/4', NULL, NULL);
INSERT INTO recipe_ingredients (recipe_id, ingredient_id, quantity, unit, info)
VALUES ('9c13d8d5-f786-494f-9425-b175cb43a289', '1c104b5f-aced-4932-b99c-82594142b2bf', '1/2', NULL, NULL);
INSERT INTO recipe_ingredients (recipe_id, ingredient_id, quantity, unit, info)
VALUES ('9c13d8d5-f786-494f-9425-b175cb43a289', 'd61914a6-555c-4737-851f-f450ec193a23', '1/4', NULL, NULL);
INSERT INTO recipe_ingredients (recipe_id, ingredient_id, quantity, unit, info)
VALUES ('9c13d8d5-f786-494f-9425-b175cb43a289', 'd64fd3f1-3fac-4184-a01d-57396c653660', '1/4', NULL, NULL);
INSERT INTO recipe_ingredients (recipe_id, ingredient_id, quantity, unit, info)
VALUES ('9c13d8d5-f786-494f-9425-b175cb43a289', '349bc500-2bf1-4c7c-9f77-8079ae264c54', '1/4', NULL, NULL);
INSERT INTO recipe_ingredients (recipe_id, ingredient_id, quantity, unit, info)
VALUES ('9c13d8d5-f786-494f-9425-b175cb43a289', '26c7c51a-484e-4481-bfa1-5df62aeff61d', '1', NULL, NULL);

-- Insert recipe label
INSERT INTO recipe_labels (recipe_id, label_id)
VALUES ('9c13d8d5-f786-494f-9425-b175cb43a289', 'bcc5210d-e11e-416a-b6a5-566a73a4be32');

-- Add dummy media for recipe
INSERT INTO recipe_media (recipe_id, url, is_main)
VALUES ('9c13d8d5-f786-494f-9425-b175cb43a289', '/images/recipes/rainbow-shake.jpg', true);

-- Insert recipe: Citrus Fiesta
INSERT INTO recipes (
  id, 
  slug, 
  title, 
  original_youtube_link, 
  overview, 
  directions, 
  benefits, 
  protein, 
  carbs, 
  fats, 
  calories, 
  meal_replacement, 
  gluten_free, 
  nut_free, 
  soy_free, 
  caffeine_free, 
  sugar_free,
  diet_type,
  protein_type,
  author_id
) VALUES (
  'b571b97a-c393-41d5-bdf0-d8a3395882b0', 
  'citrus-fiesta', 
  'Citrus Fiesta', 
  NULL, 
  'With healthy ingredients like coconut, oranges, and pineapple, this shake is a little party in a cup!', 
  ARRAY['Combine all ingredients in a blender. Add more ice or water to reach the desired consistency.'], 
  'Muscle', 
  33.1, 
  80.1, 
  14.3, 
  557, 
  true, 
  true, 
  true, 
  true, 
  true, 
  true,
  ARRAY['Whole30'],
  ARRAY['Pea Protein'],
  '999ee74e-c899-4638-9e1f-bf0366499947'
);

-- Associate recipe with category
INSERT INTO recipe_categories (recipe_id, category_id)
VALUES ('b571b97a-c393-41d5-bdf0-d8a3395882b0', '2b6fb45a-c9b1-4bb7-ad76-5cd70b3709f4');

-- Insert recipe ingredients
INSERT INTO recipe_ingredients (recipe_id, ingredient_id, quantity, unit, info)
VALUES ('b571b97a-c393-41d5-bdf0-d8a3395882b0', 'ee19621e-0cec-446e-b32b-fa7b8af1b16d', NULL, NULL, NULL);
INSERT INTO recipe_ingredients (recipe_id, ingredient_id, quantity, unit, info)
VALUES ('b571b97a-c393-41d5-bdf0-d8a3395882b0', '34559114-6dff-4116-95b9-778ef861c452', '2', NULL, NULL);
INSERT INTO recipe_ingredients (recipe_id, ingredient_id, quantity, unit, info)
VALUES ('b571b97a-c393-41d5-bdf0-d8a3395882b0', 'e768039a-145f-4694-bf3a-ff4f7e9b732f', NULL, NULL, NULL);
INSERT INTO recipe_ingredients (recipe_id, ingredient_id, quantity, unit, info)
VALUES ('b571b97a-c393-41d5-bdf0-d8a3395882b0', 'e7b85d4b-840f-47d0-914b-b0e8efabe4da', '1', NULL, NULL);
INSERT INTO recipe_ingredients (recipe_id, ingredient_id, quantity, unit, info)
VALUES ('b571b97a-c393-41d5-bdf0-d8a3395882b0', '4982e162-475e-4220-b176-9091693b3fd2', NULL, NULL, NULL);
INSERT INTO recipe_ingredients (recipe_id, ingredient_id, quantity, unit, info)
VALUES ('b571b97a-c393-41d5-bdf0-d8a3395882b0', 'aab7d2c3-9449-49f8-81f1-429a3acfc999', NULL, NULL, NULL);
INSERT INTO recipe_ingredients (recipe_id, ingredient_id, quantity, unit, info)
VALUES ('b571b97a-c393-41d5-bdf0-d8a3395882b0', '3dea223c-2a9f-465a-bd92-d85ddef4902a', NULL, NULL, NULL);
INSERT INTO recipe_ingredients (recipe_id, ingredient_id, quantity, unit, info)
VALUES ('b571b97a-c393-41d5-bdf0-d8a3395882b0', 'c5be113a-450a-44e9-994a-00f1487ca66e', '1', NULL, NULL);
INSERT INTO recipe_ingredients (recipe_id, ingredient_id, quantity, unit, info)
VALUES ('b571b97a-c393-41d5-bdf0-d8a3395882b0', 'c03083ce-c086-4801-a773-4c90dd3608ff', '1', NULL, NULL);

-- Insert recipe label
INSERT INTO recipe_labels (recipe_id, label_id)
VALUES ('b571b97a-c393-41d5-bdf0-d8a3395882b0', 'b225f952-e95c-44fe-87fb-09c0bdbfbd83');

-- Add dummy media for recipe
INSERT INTO recipe_media (recipe_id, url, is_main)
VALUES ('b571b97a-c393-41d5-bdf0-d8a3395882b0', '/images/recipes/citrus-fiesta.jpg', true);

-- Insert recipe: Chocolate Strawberry Smoothie
INSERT INTO recipes (
  id, 
  slug, 
  title, 
  original_youtube_link, 
  overview, 
  directions, 
  benefits, 
  protein, 
  carbs, 
  fats, 
  calories, 
  meal_replacement, 
  gluten_free, 
  nut_free, 
  soy_free, 
  caffeine_free, 
  sugar_free,
  diet_type,
  protein_type,
  author_id
) VALUES (
  '57edcded-8f0d-4344-b2a9-5f21ef51f8f6', 
  'chocolate-strawberry-smoothie', 
  'Chocolate Strawberry Smoothie', 
  NULL, 
  'Turn this simple dessert into a delicious and healthy smoothie!', 
  ARRAY['Combine all ingredients in a blender. Add more ice or water to reach the desired consistency.'], 
  'Weight', 
  18.2, 
  30.8, 
  6, 
  243, 
  false, 
  true, 
  false, 
  true, 
  true, 
  false,
  ARRAY['Plant Based'],
  ARRAY['Pea Protein'],
  '999ee74e-c899-4638-9e1f-bf0366499947'
);

-- Associate recipe with category
INSERT INTO recipe_categories (recipe_id, category_id)
VALUES ('57edcded-8f0d-4344-b2a9-5f21ef51f8f6', '994a569f-3284-42d8-babb-6ecd8aab552e');

-- Insert recipe ingredients
INSERT INTO recipe_ingredients (recipe_id, ingredient_id, quantity, unit, info)
VALUES ('57edcded-8f0d-4344-b2a9-5f21ef51f8f6', '69ff2f21-7489-4966-859d-1f28b0da8eb0', '1', NULL, NULL);
INSERT INTO recipe_ingredients (recipe_id, ingredient_id, quantity, unit, info)
VALUES ('57edcded-8f0d-4344-b2a9-5f21ef51f8f6', 'a56aa61d-2bae-4489-b33b-533a163359f7', '1', NULL, NULL);
INSERT INTO recipe_ingredients (recipe_id, ingredient_id, quantity, unit, info)
VALUES ('57edcded-8f0d-4344-b2a9-5f21ef51f8f6', 'ce4cab50-7a38-41e8-a9c8-5e98d64533f8', '1', NULL, NULL);
INSERT INTO recipe_ingredients (recipe_id, ingredient_id, quantity, unit, info)
VALUES ('57edcded-8f0d-4344-b2a9-5f21ef51f8f6', '6f52c041-bce5-49fc-879d-c904096045b0', '1', NULL, NULL);
INSERT INTO recipe_ingredients (recipe_id, ingredient_id, quantity, unit, info)
VALUES ('57edcded-8f0d-4344-b2a9-5f21ef51f8f6', 'afd2edb7-07a6-4dd5-9e53-a3e27b082824', '1', NULL, NULL);

-- Insert recipe label
INSERT INTO recipe_labels (recipe_id, label_id)
VALUES ('57edcded-8f0d-4344-b2a9-5f21ef51f8f6', 'bcc5210d-e11e-416a-b6a5-566a73a4be32');

-- Add dummy media for recipe
INSERT INTO recipe_media (recipe_id, url, is_main)
VALUES ('57edcded-8f0d-4344-b2a9-5f21ef51f8f6', '/images/recipes/chocolate-strawberry-smoothie.jpg', true);

-- Insert recipe: Tropical Fruit Shake
INSERT INTO recipes (
  id, 
  slug, 
  title, 
  original_youtube_link, 
  overview, 
  directions, 
  benefits, 
  protein, 
  carbs, 
  fats, 
  calories, 
  meal_replacement, 
  gluten_free, 
  nut_free, 
  soy_free, 
  caffeine_free, 
  sugar_free,
  diet_type,
  protein_type,
  author_id
) VALUES (
  'e6dd1c02-b48c-4cf5-a20e-30f981db8cff', 
  'tropical-fruit-shake', 
  'Tropical Fruit Shake', 
  NULL, 
  'This fruity drink provides an excellent source of vitamin C and potassium as well as a boost of protein!', 
  ARRAY['Combine all ingredients in a blender. Add more ice or water to reach the desired consistency.'], 
  'Weight', 
  28.3, 
  57.4, 
  3.4, 
  352, 
  true, 
  true, 
  true, 
  true, 
  true, 
  true,
  ARRAY['Paleo'],
  ARRAY['Plant Based'],
  '999ee74e-c899-4638-9e1f-bf0366499947'
);

-- Associate recipe with category
INSERT INTO recipe_categories (recipe_id, category_id)
VALUES ('e6dd1c02-b48c-4cf5-a20e-30f981db8cff', '994a569f-3284-42d8-babb-6ecd8aab552e');

-- Insert recipe ingredients
INSERT INTO recipe_ingredients (recipe_id, ingredient_id, quantity, unit, info)
VALUES ('e6dd1c02-b48c-4cf5-a20e-30f981db8cff', '843fa3e3-5b83-4aea-9b12-fa33a4b254cb', NULL, NULL, NULL);
INSERT INTO recipe_ingredients (recipe_id, ingredient_id, quantity, unit, info)
VALUES ('e6dd1c02-b48c-4cf5-a20e-30f981db8cff', '289cf8ae-0d94-4e9f-a54f-56dd1d7bbe8b', NULL, NULL, NULL);
INSERT INTO recipe_ingredients (recipe_id, ingredient_id, quantity, unit, info)
VALUES ('e6dd1c02-b48c-4cf5-a20e-30f981db8cff', 'ee19621e-0cec-446e-b32b-fa7b8af1b16d', NULL, NULL, NULL);
INSERT INTO recipe_ingredients (recipe_id, ingredient_id, quantity, unit, info)
VALUES ('e6dd1c02-b48c-4cf5-a20e-30f981db8cff', '7d71b8b1-47fa-4b60-9334-8be74a08bebf', '1', NULL, NULL);
INSERT INTO recipe_ingredients (recipe_id, ingredient_id, quantity, unit, info)
VALUES ('e6dd1c02-b48c-4cf5-a20e-30f981db8cff', '2492d2b3-a410-4ee7-986d-ebe435cc20ec', '1', NULL, NULL);

-- Insert recipe label
INSERT INTO recipe_labels (recipe_id, label_id)
VALUES ('e6dd1c02-b48c-4cf5-a20e-30f981db8cff', 'bcc5210d-e11e-416a-b6a5-566a73a4be32');

-- Add dummy media for recipe
INSERT INTO recipe_media (recipe_id, url, is_main)
VALUES ('e6dd1c02-b48c-4cf5-a20e-30f981db8cff', '/images/recipes/tropical-fruit-shake.jpg', true);

-- Insert recipe: Tropical Workout Shake
INSERT INTO recipes (
  id, 
  slug, 
  title, 
  original_youtube_link, 
  overview, 
  directions, 
  benefits, 
  protein, 
  carbs, 
  fats, 
  calories, 
  meal_replacement, 
  gluten_free, 
  nut_free, 
  soy_free, 
  caffeine_free, 
  sugar_free,
  diet_type,
  protein_type,
  author_id
) VALUES (
  '54d2964a-0179-4958-bc13-6b174001e8b6', 
  'tropical-workout-shake', 
  'Tropical Workout Shake', 
  NULL, 
  'Plant-based and packed with protein, this tropical workout shake is perfect to replenish your body after you exercise.', 
  ARRAY['Combine all ingredients in a blender. Add more ice or water to reach the desired consistency. Top with coconut flakes and enjoy.'], 
  'Muscle', 
  34.2, 
  53.6, 
  3.2, 
  348, 
  false, 
  true, 
  true, 
  true, 
  true, 
  true,
  ARRAY['Whole30'],
  ARRAY['Oat Protein'],
  '999ee74e-c899-4638-9e1f-bf0366499947'
);

-- Associate recipe with category
INSERT INTO recipe_categories (recipe_id, category_id)
VALUES ('54d2964a-0179-4958-bc13-6b174001e8b6', '2ee93ab6-ef51-40a2-8532-1445338d2051');

-- Insert recipe ingredients
INSERT INTO recipe_ingredients (recipe_id, ingredient_id, quantity, unit, info)
VALUES ('54d2964a-0179-4958-bc13-6b174001e8b6', 'dd133b80-a695-4e68-9c9b-ce2548ed4c7a', '1', NULL, NULL);
INSERT INTO recipe_ingredients (recipe_id, ingredient_id, quantity, unit, info)
VALUES ('54d2964a-0179-4958-bc13-6b174001e8b6', 'afe4ad53-619a-4269-80b3-0cdaaec37e5e', '1', NULL, NULL);
INSERT INTO recipe_ingredients (recipe_id, ingredient_id, quantity, unit, info)
VALUES ('54d2964a-0179-4958-bc13-6b174001e8b6', 'd64fd3f1-3fac-4184-a01d-57396c653660', '1/2', NULL, NULL);
INSERT INTO recipe_ingredients (recipe_id, ingredient_id, quantity, unit, info)
VALUES ('54d2964a-0179-4958-bc13-6b174001e8b6', '15c12c40-d3e2-4456-9734-c14aa30e5b67', '1', NULL, NULL);
INSERT INTO recipe_ingredients (recipe_id, ingredient_id, quantity, unit, info)
VALUES ('54d2964a-0179-4958-bc13-6b174001e8b6', '48984c28-d433-49f8-922e-9a6f183ece7c', '2', NULL, NULL);
INSERT INTO recipe_ingredients (recipe_id, ingredient_id, quantity, unit, info)
VALUES ('54d2964a-0179-4958-bc13-6b174001e8b6', '671733e6-d6c2-4dfa-863f-c3d6915c14e7', '1', NULL, NULL);

-- Insert recipe label
INSERT INTO recipe_labels (recipe_id, label_id)
VALUES ('54d2964a-0179-4958-bc13-6b174001e8b6', 'b225f952-e95c-44fe-87fb-09c0bdbfbd83');

-- Add dummy media for recipe
INSERT INTO recipe_media (recipe_id, url, is_main)
VALUES ('54d2964a-0179-4958-bc13-6b174001e8b6', '/images/recipes/tropical-workout-shake.jpg', true);

-- Insert recipe: Cinnamon Roll Shake
INSERT INTO recipes (
  id, 
  slug, 
  title, 
  original_youtube_link, 
  overview, 
  directions, 
  benefits, 
  protein, 
  carbs, 
  fats, 
  calories, 
  meal_replacement, 
  gluten_free, 
  nut_free, 
  soy_free, 
  caffeine_free, 
  sugar_free,
  diet_type,
  protein_type,
  author_id
) VALUES (
  '79d60390-7a0b-4dac-a008-2c33aeece63f', 
  'cinnamon-roll-shake', 
  'Cinnamon Roll Shake', 
  NULL, 
  'Try this delicious cinnamon roll shake recipe! It''s packed with nutrients and protein, but you''d never know it from the taste.', 
  ARRAY['Combine all ingredients in a blender. Add more ice or water to reach the desired consistency.'], 
  'Weight', 
  16.3, 
  53.2, 
  1.4, 
  275, 
  false, 
  true, 
  true, 
  true, 
  true, 
  true,
  ARRAY['Vegan'],
  ARRAY['Oat Protein'],
  '999ee74e-c899-4638-9e1f-bf0366499947'
);

-- Associate recipe with category
INSERT INTO recipe_categories (recipe_id, category_id)
VALUES ('79d60390-7a0b-4dac-a008-2c33aeece63f', '994a569f-3284-42d8-babb-6ecd8aab552e');

-- Insert recipe ingredients
INSERT INTO recipe_ingredients (recipe_id, ingredient_id, quantity, unit, info)
VALUES ('79d60390-7a0b-4dac-a008-2c33aeece63f', '16fbf04f-3488-401a-96e0-39cddabd42c8', '1/2', NULL, NULL);
INSERT INTO recipe_ingredients (recipe_id, ingredient_id, quantity, unit, info)
VALUES ('79d60390-7a0b-4dac-a008-2c33aeece63f', '1c104b5f-aced-4932-b99c-82594142b2bf', '1', NULL, NULL);
INSERT INTO recipe_ingredients (recipe_id, ingredient_id, quantity, unit, info)
VALUES ('79d60390-7a0b-4dac-a008-2c33aeece63f', '26a15b3c-77bb-48e1-9252-bc0ef681955f', '1', NULL, NULL);
INSERT INTO recipe_ingredients (recipe_id, ingredient_id, quantity, unit, info)
VALUES ('79d60390-7a0b-4dac-a008-2c33aeece63f', '5216e132-71d0-4a3b-bc92-144bf682f2f6', '1', NULL, NULL);
INSERT INTO recipe_ingredients (recipe_id, ingredient_id, quantity, unit, info)
VALUES ('79d60390-7a0b-4dac-a008-2c33aeece63f', '8b55b575-d43b-4bd7-8860-723d79bd83b7', '1', NULL, NULL);

-- Insert recipe label
INSERT INTO recipe_labels (recipe_id, label_id)
VALUES ('79d60390-7a0b-4dac-a008-2c33aeece63f', 'bcc5210d-e11e-416a-b6a5-566a73a4be32');

-- Add dummy media for recipe
INSERT INTO recipe_media (recipe_id, url, is_main)
VALUES ('79d60390-7a0b-4dac-a008-2c33aeece63f', '/images/recipes/cinnamon-roll-shake.jpg', true);

-- Insert recipe: Creamy Coffee Shake
INSERT INTO recipes (
  id, 
  slug, 
  title, 
  original_youtube_link, 
  overview, 
  directions, 
  benefits, 
  protein, 
  carbs, 
  fats, 
  calories, 
  meal_replacement, 
  gluten_free, 
  nut_free, 
  soy_free, 
  caffeine_free, 
  sugar_free,
  diet_type,
  protein_type,
  author_id
) VALUES (
  '9e580132-bb4d-473e-8153-43cc0d1245d2', 
  'creamy-coffee-shake', 
  'Creamy Coffee Shake', 
  NULL, 
  'This healthy creamy coffee shake recipe is perfect for those looking to stay on the go and still enjoy a delicious drink.', 
  ARRAY['Combine all ingredients in a blender. Add more ice or water to reach the desired consistency.'], 
  'Muscle', 
  26.3, 
  11.2, 
  19.4, 
  320, 
  true, 
  true, 
  false, 
  true, 
  false, 
  true,
  ARRAY['Keto'],
  ARRAY['Whey Protein'],
  '999ee74e-c899-4638-9e1f-bf0366499947'
);

-- Associate recipe with category
INSERT INTO recipe_categories (recipe_id, category_id)
VALUES ('9e580132-bb4d-473e-8153-43cc0d1245d2', '994a569f-3284-42d8-babb-6ecd8aab552e');

-- Insert recipe ingredients
INSERT INTO recipe_ingredients (recipe_id, ingredient_id, quantity, unit, info)
VALUES ('9e580132-bb4d-473e-8153-43cc0d1245d2', '38341cd3-c4d9-4ad4-8b4a-d78e6a48e67a', '1/4', NULL, NULL);
INSERT INTO recipe_ingredients (recipe_id, ingredient_id, quantity, unit, info)
VALUES ('9e580132-bb4d-473e-8153-43cc0d1245d2', '856ed6f3-9e0d-4190-82b0-e6c1b784be34', '1', NULL, NULL);
INSERT INTO recipe_ingredients (recipe_id, ingredient_id, quantity, unit, info)
VALUES ('9e580132-bb4d-473e-8153-43cc0d1245d2', '176b2ad8-5f61-40ef-8e81-565585ac9ddd', '1', NULL, NULL);
INSERT INTO recipe_ingredients (recipe_id, ingredient_id, quantity, unit, info)
VALUES ('9e580132-bb4d-473e-8153-43cc0d1245d2', '37e6ff62-f56a-464a-a928-42558e3999f8', '1/2', NULL, NULL);
INSERT INTO recipe_ingredients (recipe_id, ingredient_id, quantity, unit, info)
VALUES ('9e580132-bb4d-473e-8153-43cc0d1245d2', '7923d6a1-8651-464a-8e04-46a97aad208d', '1', NULL, NULL);
INSERT INTO recipe_ingredients (recipe_id, ingredient_id, quantity, unit, info)
VALUES ('9e580132-bb4d-473e-8153-43cc0d1245d2', '9f998224-4d55-4acb-8606-44bd01f15244', NULL, NULL, NULL);
INSERT INTO recipe_ingredients (recipe_id, ingredient_id, quantity, unit, info)
VALUES ('9e580132-bb4d-473e-8153-43cc0d1245d2', '3b4c5896-19d6-4d91-b4eb-b865dc992554', '1', NULL, NULL);
INSERT INTO recipe_ingredients (recipe_id, ingredient_id, quantity, unit, info)
VALUES ('9e580132-bb4d-473e-8153-43cc0d1245d2', 'c03083ce-c086-4801-a773-4c90dd3608ff', '1/2', NULL, NULL);

-- Insert recipe label
INSERT INTO recipe_labels (recipe_id, label_id)
VALUES ('9e580132-bb4d-473e-8153-43cc0d1245d2', 'b225f952-e95c-44fe-87fb-09c0bdbfbd83');

-- Add dummy media for recipe
INSERT INTO recipe_media (recipe_id, url, is_main)
VALUES ('9e580132-bb4d-473e-8153-43cc0d1245d2', '/images/recipes/creamy-coffee-shake.jpg', true);

-- Insert recipe: PB & J Smoothie
INSERT INTO recipes (
  id, 
  slug, 
  title, 
  original_youtube_link, 
  overview, 
  directions, 
  benefits, 
  protein, 
  carbs, 
  fats, 
  calories, 
  meal_replacement, 
  gluten_free, 
  nut_free, 
  soy_free, 
  caffeine_free, 
  sugar_free,
  diet_type,
  protein_type,
  author_id
) VALUES (
  '76a88447-ae31-4047-8c16-bf7ad31b1a4b', 
  'pb-&-j-smoothie', 
  'PB & J Smoothie', 
  NULL, 
  'Here''s a new, healthy, and delicious way to enjoy your favorite childhood sandwich!', 
  ARRAY['Combine all ingredients in a blender. Add more ice or water to reach the desired consistency.'], 
  'Muscle', 
  28.2, 
  12.6, 
  17.4, 
  309, 
  false, 
  true, 
  false, 
  true, 
  true, 
  true,
  ARRAY['Keto'],
  ARRAY['Whey Protein'],
  '999ee74e-c899-4638-9e1f-bf0366499947'
);

-- Associate recipe with category
INSERT INTO recipe_categories (recipe_id, category_id)
VALUES ('76a88447-ae31-4047-8c16-bf7ad31b1a4b', '994a569f-3284-42d8-babb-6ecd8aab552e');

-- Insert recipe ingredients
INSERT INTO recipe_ingredients (recipe_id, ingredient_id, quantity, unit, info)
VALUES ('76a88447-ae31-4047-8c16-bf7ad31b1a4b', '37e6ff62-f56a-464a-a928-42558e3999f8', '1', NULL, NULL);
INSERT INTO recipe_ingredients (recipe_id, ingredient_id, quantity, unit, info)
VALUES ('76a88447-ae31-4047-8c16-bf7ad31b1a4b', '8c5b0e6c-90ca-45a8-ad0d-8ae1989f5bf1', '1/4', NULL, NULL);
INSERT INTO recipe_ingredients (recipe_id, ingredient_id, quantity, unit, info)
VALUES ('76a88447-ae31-4047-8c16-bf7ad31b1a4b', '192e0b08-bc7e-4ae3-8081-9680b014f536', '1', NULL, NULL);
INSERT INTO recipe_ingredients (recipe_id, ingredient_id, quantity, unit, info)
VALUES ('76a88447-ae31-4047-8c16-bf7ad31b1a4b', '56fdfad8-c81a-4421-b7fe-e1e971a192e9', '1', NULL, NULL);

-- Insert recipe label
INSERT INTO recipe_labels (recipe_id, label_id)
VALUES ('76a88447-ae31-4047-8c16-bf7ad31b1a4b', 'b225f952-e95c-44fe-87fb-09c0bdbfbd83');

-- Add dummy media for recipe
INSERT INTO recipe_media (recipe_id, url, is_main)
VALUES ('76a88447-ae31-4047-8c16-bf7ad31b1a4b', '/images/recipes/pb-&-j-smoothie.jpg', true);

-- Insert recipe: Basil and Honeydew Smoothie
INSERT INTO recipes (
  id, 
  slug, 
  title, 
  original_youtube_link, 
  overview, 
  directions, 
  benefits, 
  protein, 
  carbs, 
  fats, 
  calories, 
  meal_replacement, 
  gluten_free, 
  nut_free, 
  soy_free, 
  caffeine_free, 
  sugar_free,
  diet_type,
  protein_type,
  author_id
) VALUES (
  '085c7fba-6031-48b2-9ac8-7a3965372706', 
  'basil-and-honeydew-smoothie', 
  'Basil and Honeydew Smoothie', 
  NULL, 
  'The honeydew, basil, and lime in this smoothie are the perfect combination of flavors!', 
  ARRAY['Combine all ingredients in a blender. Add more ice or water to reach the desired consistency.'], 
  'Weight', 
  26.2, 
  36.1, 
  1.3, 
  250, 
  false, 
  true, 
  true, 
  true, 
  true, 
  true,
  ARRAY['Vegan'],
  ARRAY['Plant Based'],
  '999ee74e-c899-4638-9e1f-bf0366499947'
);

-- Associate recipe with category
INSERT INTO recipe_categories (recipe_id, category_id)
VALUES ('085c7fba-6031-48b2-9ac8-7a3965372706', '994a569f-3284-42d8-babb-6ecd8aab552e');

-- Insert recipe ingredients
INSERT INTO recipe_ingredients (recipe_id, ingredient_id, quantity, unit, info)
VALUES ('085c7fba-6031-48b2-9ac8-7a3965372706', 'a4e4bab5-e54a-48aa-815a-a236722345b0', '1/2', NULL, NULL);
INSERT INTO recipe_ingredients (recipe_id, ingredient_id, quantity, unit, info)
VALUES ('085c7fba-6031-48b2-9ac8-7a3965372706', '4f03cbf9-0d94-4905-aa05-0579e03a4796', '1', NULL, NULL);
INSERT INTO recipe_ingredients (recipe_id, ingredient_id, quantity, unit, info)
VALUES ('085c7fba-6031-48b2-9ac8-7a3965372706', '4080f5ca-30e1-421b-9b7b-29082db322b6', NULL, NULL, NULL);
INSERT INTO recipe_ingredients (recipe_id, ingredient_id, quantity, unit, info)
VALUES ('085c7fba-6031-48b2-9ac8-7a3965372706', '66982b41-0355-4ff8-884f-2c9316724d71', NULL, NULL, NULL);
INSERT INTO recipe_ingredients (recipe_id, ingredient_id, quantity, unit, info)
VALUES ('085c7fba-6031-48b2-9ac8-7a3965372706', 'e87f9523-b391-4e07-b6b2-b4f87c087ef0', '1/2', NULL, NULL);
INSERT INTO recipe_ingredients (recipe_id, ingredient_id, quantity, unit, info)
VALUES ('085c7fba-6031-48b2-9ac8-7a3965372706', '8dff8ca5-82d9-46c0-9be4-5ba75dc0b2f1', '1', NULL, NULL);
INSERT INTO recipe_ingredients (recipe_id, ingredient_id, quantity, unit, info)
VALUES ('085c7fba-6031-48b2-9ac8-7a3965372706', '610cb00d-6cf7-46f8-b98e-00524fe5b4c3', '2', NULL, NULL);

-- Insert recipe label
INSERT INTO recipe_labels (recipe_id, label_id)
VALUES ('085c7fba-6031-48b2-9ac8-7a3965372706', 'bcc5210d-e11e-416a-b6a5-566a73a4be32');

-- Add dummy media for recipe
INSERT INTO recipe_media (recipe_id, url, is_main)
VALUES ('085c7fba-6031-48b2-9ac8-7a3965372706', '/images/recipes/basil-and-honeydew-smoothie.jpg', true);

-- Insert recipe: Lemon Sorbet Shake
INSERT INTO recipes (
  id, 
  slug, 
  title, 
  original_youtube_link, 
  overview, 
  directions, 
  benefits, 
  protein, 
  carbs, 
  fats, 
  calories, 
  meal_replacement, 
  gluten_free, 
  nut_free, 
  soy_free, 
  caffeine_free, 
  sugar_free,
  diet_type,
  protein_type,
  author_id
) VALUES (
  '3e559baa-96da-40de-8294-fa3749d39b00', 
  'lemon-sorbet-shake', 
  'Lemon Sorbet Shake', 
  NULL, 
  'This healthy lemon sorbet smoothie can be made in minutes and it''s full of refreshing flavor!', 
  ARRAY['Combine all ingredients in a blender. Add more ice or water to reach the desired consistency.'], 
  'Weight', 
  29.2, 
  38.2, 
  3.2, 
  290, 
  false, 
  true, 
  true, 
  true, 
  true, 
  true,
  ARRAY['Plant Based'],
  ARRAY['Pea Protein'],
  '999ee74e-c899-4638-9e1f-bf0366499947'
);

-- Associate recipe with category
INSERT INTO recipe_categories (recipe_id, category_id)
VALUES ('3e559baa-96da-40de-8294-fa3749d39b00', '994a569f-3284-42d8-babb-6ecd8aab552e');

-- Insert recipe ingredients
INSERT INTO recipe_ingredients (recipe_id, ingredient_id, quantity, unit, info)
VALUES ('3e559baa-96da-40de-8294-fa3749d39b00', '1c104b5f-aced-4932-b99c-82594142b2bf', '1', NULL, NULL);
INSERT INTO recipe_ingredients (recipe_id, ingredient_id, quantity, unit, info)
VALUES ('3e559baa-96da-40de-8294-fa3749d39b00', 'dd133b80-a695-4e68-9c9b-ce2548ed4c7a', '1', NULL, NULL);
INSERT INTO recipe_ingredients (recipe_id, ingredient_id, quantity, unit, info)
VALUES ('3e559baa-96da-40de-8294-fa3749d39b00', 'c9056f98-f7e5-4a6d-9dff-0edd25e45351', '1', NULL, NULL);
INSERT INTO recipe_ingredients (recipe_id, ingredient_id, quantity, unit, info)
VALUES ('3e559baa-96da-40de-8294-fa3749d39b00', '1d5e5faa-6167-4ecd-ab5f-2e36ff550b45', NULL, NULL, NULL);
INSERT INTO recipe_ingredients (recipe_id, ingredient_id, quantity, unit, info)
VALUES ('3e559baa-96da-40de-8294-fa3749d39b00', '176b2ad8-5f61-40ef-8e81-565585ac9ddd', '1/4', NULL, NULL);
INSERT INTO recipe_ingredients (recipe_id, ingredient_id, quantity, unit, info)
VALUES ('3e559baa-96da-40de-8294-fa3749d39b00', '95811b61-3020-4385-913d-cb1c4abb84e9', '1', NULL, NULL);

-- Insert recipe label
INSERT INTO recipe_labels (recipe_id, label_id)
VALUES ('3e559baa-96da-40de-8294-fa3749d39b00', 'bcc5210d-e11e-416a-b6a5-566a73a4be32');

-- Add dummy media for recipe
INSERT INTO recipe_media (recipe_id, url, is_main)
VALUES ('3e559baa-96da-40de-8294-fa3749d39b00', '/images/recipes/lemon-sorbet-shake.jpg', true);
